year,period,period_type,geography,series,label,value,unit,energy_basis,source_id,source_sheet,source_cell,source_unit,transformation,revision_date
1990,FY1990,fiscal_year_april_march,JP,primary_supply_total,一次エネルギー国内供給,19669.259052041074,PJ,HCV,energy-balance-1990,（簡易表）ｴﾈﾙｷﾞｰ単位表（本表）,W16,TJ,value / 1000,2026-04-14
1990,FY1990,fiscal_year_april_march,JP,domestic_production_total,一次エネルギー国内産出（HCV）,3593.516298717456,PJ,HCV,energy-balance-1990,（簡易表）ｴﾈﾙｷﾞｰ単位表（本表）,W17,TJ,value / 1000,2026-04-14
1990,FY1990,fiscal_year_april_march,JP,primary_supply_coal,一次供給：石炭,3357.1120926848002,PJ,HCV,energy-balance-1990,（簡易表）ｴﾈﾙｷﾞｰ単位表（本表）,G16,TJ,value / 1000,2026-04-14
1990,FY1990,fiscal_year_april_march,JP,primary_supply_coal_products,一次供給：石炭製品,-39.34056125000629,PJ,HCV,energy-balance-1990,（簡易表）ｴﾈﾙｷﾞｰ単位表（本表）,H16,TJ,value / 1000,2026-04-14
1990,FY1990,fiscal_year_april_march,JP,primary_supply_crude_oil,一次供給：原油,8981.709825193095,PJ,HCV,energy-balance-1990,（簡易表）ｴﾈﾙｷﾞｰ単位表（本表）,I16,TJ,value / 1000,2026-04-14
1990,FY1990,fiscal_year_april_march,JP,primary_supply_oil_products,一次供給：石油製品,2026.2652424857358,PJ,HCV,energy-balance-1990,（簡易表）ｴﾈﾙｷﾞｰ単位表（本表）,J16,TJ,value / 1000,2026-04-14
1990,FY1990,fiscal_year_april_march,JP,primary_supply_natural_gas,一次供給：天然ガス,2056.3264323247986,PJ,HCV,energy-balance-1990,（簡易表）ｴﾈﾙｷﾞｰ単位表（本表）,K16,TJ,value / 1000,2026-04-14
1990,FY1990,fiscal_year_april_march,JP,primary_supply_city_gas,一次供給：都市ガス,0.0,PJ,HCV,energy-balance-1990,（簡易表）ｴﾈﾙｷﾞｰ単位表（本表）,L16,TJ,value / 1000,2026-04-14
1990,FY1990,fiscal_year_april_march,JP,primary_supply_renewables_excl_hydro,一次供給：再生可能エネルギー（水力除く）,267.1886664366767,PJ,HCV,energy-balance-1990,（簡易表）ｴﾈﾙｷﾞｰ単位表（本表）,N16,TJ,value / 1000,2026-04-14
1990,FY1990,fiscal_year_april_march,JP,primary_supply_hydro,一次供給：水力（揚水除く）,818.5192398734505,PJ,HCV,energy-balance-1990,（簡易表）ｴﾈﾙｷﾞｰ単位表（本表）,O16,TJ,value / 1000,2026-04-14
1990,FY1990,fiscal_year_april_march,JP,primary_supply_pumped,一次供給：揚水,0.0,PJ,HCV,energy-balance-1990,（簡易表）ｴﾈﾙｷﾞｰ単位表（本表）,P16,TJ,value / 1000,2026-04-14
1990,FY1990,fiscal_year_april_march,JP,primary_supply_recovered,一次供給：未活用エネルギー,317.97781618174963,PJ,HCV,energy-balance-1990,（簡易表）ｴﾈﾙｷﾞｰ単位表（本表）,Q16,TJ,value / 1000,2026-04-14
1990,FY1990,fiscal_year_april_march,JP,primary_supply_nuclear,一次供給：原子力,1883.5002981107705,PJ,HCV,energy-balance-1990,（簡易表）ｴﾈﾙｷﾞｰ単位表（本表）,R16,TJ,value / 1000,2026-04-14
1990,FY1990,fiscal_year_april_march,JP,final_consumption_total,最終エネルギー消費：合計,13545.330753145045,PJ,HCV,energy-balance-1990,（簡易表）ｴﾈﾙｷﾞｰ単位表（本表）,W37,TJ,value / 1000,2026-04-14
1990,FY1990,fiscal_year_april_march,JP,final_consumption_industry_business,最終消費：企業・事業所他,8858.690774166527,PJ,HCV,energy-balance-1990,（簡易表）ｴﾈﾙｷﾞｰ単位表（本表）,W39,TJ,value / 1000,2026-04-14
1990,FY1990,fiscal_year_april_march,JP,final_consumption_manufacturing,最終消費：製造業,6375.823287725008,PJ,HCV,energy-balance-1990,（簡易表）ｴﾈﾙｷﾞｰ単位表（本表）,W42,TJ,value / 1000,2026-04-14
1990,FY1990,fiscal_year_april_march,JP,final_consumption_commercial,最終消費：業務他,1770.5247455224055,PJ,HCV,energy-balance-1990,（簡易表）ｴﾈﾙｷﾞｰ単位表（本表）,W53,TJ,value / 1000,2026-04-14
1990,FY1990,fiscal_year_april_march,JP,final_consumption_households,最終消費：家庭,1608.3881845488854,PJ,HCV,energy-balance-1990,（簡易表）ｴﾈﾙｷﾞｰ単位表（本表）,W55,TJ,value / 1000,2026-04-14
1990,FY1990,fiscal_year_april_march,JP,final_consumption_transport,最終消費：運輸,3078.2517944296324,PJ,HCV,energy-balance-1990,（簡易表）ｴﾈﾙｷﾞｰ単位表（本表）,W57,TJ,value / 1000,2026-04-14
1990,FY1990,fiscal_year_april_march,JP,final_consumption_electricity,最終消費：電力,2753.3194634237216,PJ,HCV,energy-balance-1990,（簡易表）ｴﾈﾙｷﾞｰ単位表（本表）,T37,TJ,value / 1000,2026-04-14
1991,FY1991,fiscal_year_april_march,JP,primary_supply_total,一次エネルギー国内供給,20181.079739217443,PJ,HCV,energy-balance-1991,（簡易表）ｴﾈﾙｷﾞｰ単位表（本表）,W16,TJ,value / 1000,2026-04-14
1991,FY1991,fiscal_year_april_march,JP,domestic_production_total,一次エネルギー国内産出（HCV）,3790.890907312393,PJ,HCV,energy-balance-1991,（簡易表）ｴﾈﾙｷﾞｰ単位表（本表）,W17,TJ,value / 1000,2026-04-14
1991,FY1991,fiscal_year_april_march,JP,primary_supply_coal,一次供給：石炭,3477.543406790719,PJ,HCV,energy-balance-1991,（簡易表）ｴﾈﾙｷﾞｰ単位表（本表）,G16,TJ,value / 1000,2026-04-14
1991,FY1991,fiscal_year_april_march,JP,primary_supply_coal_products,一次供給：石炭製品,-75.0263801768151,PJ,HCV,energy-balance-1991,（簡易表）ｴﾈﾙｷﾞｰ単位表（本表）,H16,TJ,value / 1000,2026-04-14
1991,FY1991,fiscal_year_april_march,JP,primary_supply_crude_oil,一次供給：原油,9422.54564210531,PJ,HCV,energy-balance-1991,（簡易表）ｴﾈﾙｷﾞｰ単位表（本表）,I16,TJ,value / 1000,2026-04-14
1991,FY1991,fiscal_year_april_march,JP,primary_supply_oil_products,一次供給：石油製品,1721.992416116809,PJ,HCV,energy-balance-1991,（簡易表）ｴﾈﾙｷﾞｰ単位表（本表）,J16,TJ,value / 1000,2026-04-14
1991,FY1991,fiscal_year_april_march,JP,primary_supply_natural_gas,一次供給：天然ガス,2163.4915743634892,PJ,HCV,energy-balance-1991,（簡易表）ｴﾈﾙｷﾞｰ単位表（本表）,K16,TJ,value / 1000,2026-04-14
1991,FY1991,fiscal_year_april_march,JP,primary_supply_city_gas,一次供給：都市ガス,0.0,PJ,HCV,energy-balance-1991,（簡易表）ｴﾈﾙｷﾞｰ単位表（本表）,L16,TJ,value / 1000,2026-04-14
1991,FY1991,fiscal_year_april_march,JP,primary_supply_renewables_excl_hydro,一次供給：再生可能エネルギー（水力除く）,269.71249167322867,PJ,HCV,energy-balance-1991,（簡易表）ｴﾈﾙｷﾞｰ単位表（本表）,N16,TJ,value / 1000,2026-04-14
1991,FY1991,fiscal_year_april_march,JP,primary_supply_hydro,一次供給：水力（揚水除く）,885.0536747514966,PJ,HCV,energy-balance-1991,（簡易表）ｴﾈﾙｷﾞｰ単位表（本表）,O16,TJ,value / 1000,2026-04-14
1991,FY1991,fiscal_year_april_march,JP,primary_supply_pumped,一次供給：揚水,0.0,PJ,HCV,energy-balance-1991,（簡易表）ｴﾈﾙｷﾞｰ単位表（本表）,P16,TJ,value / 1000,2026-04-14
1991,FY1991,fiscal_year_april_march,JP,primary_supply_recovered,一次供給：未活用エネルギー,329.68966732663034,PJ,HCV,energy-balance-1991,（簡易表）ｴﾈﾙｷﾞｰ単位表（本表）,Q16,TJ,value / 1000,2026-04-14
1991,FY1991,fiscal_year_april_march,JP,primary_supply_nuclear,一次供給：原子力,1986.0772462665739,PJ,HCV,energy-balance-1991,（簡易表）ｴﾈﾙｷﾞｰ単位表（本表）,R16,TJ,value / 1000,2026-04-14
1991,FY1991,fiscal_year_april_march,JP,final_consumption_total,最終エネルギー消費：合計,13814.12643618223,PJ,HCV,energy-balance-1991,（簡易表）ｴﾈﾙｷﾞｰ単位表（本表）,W37,TJ,value / 1000,2026-04-14
1991,FY1991,fiscal_year_april_march,JP,final_consumption_industry_business,最終消費：企業・事業所他,8904.250440886184,PJ,HCV,energy-balance-1991,（簡易表）ｴﾈﾙｷﾞｰ単位表（本表）,W39,TJ,value / 1000,2026-04-14
1991,FY1991,fiscal_year_april_march,JP,final_consumption_manufacturing,最終消費：製造業,6385.080709310139,PJ,HCV,energy-balance-1991,（簡易表）ｴﾈﾙｷﾞｰ単位表（本表）,W42,TJ,value / 1000,2026-04-14
1991,FY1991,fiscal_year_april_march,JP,final_consumption_commercial,最終消費：業務他,1811.405384270297,PJ,HCV,energy-balance-1991,（簡易表）ｴﾈﾙｷﾞｰ単位表（本表）,W53,TJ,value / 1000,2026-04-14
1991,FY1991,fiscal_year_april_march,JP,final_consumption_households,最終消費：家庭,1656.2442524799853,PJ,HCV,energy-balance-1991,（簡易表）ｴﾈﾙｷﾞｰ単位表（本表）,W55,TJ,value / 1000,2026-04-14
1991,FY1991,fiscal_year_april_march,JP,final_consumption_transport,最終消費：運輸,3253.6317428160646,PJ,HCV,energy-balance-1991,（簡易表）ｴﾈﾙｷﾞｰ単位表（本表）,W57,TJ,value / 1000,2026-04-14
1991,FY1991,fiscal_year_april_march,JP,final_consumption_electricity,最終消費：電力,2836.6762404646533,PJ,HCV,energy-balance-1991,（簡易表）ｴﾈﾙｷﾞｰ単位表（本表）,T37,TJ,value / 1000,2026-04-14
1992,FY1992,fiscal_year_april_march,JP,primary_supply_total,一次エネルギー国内供給,20347.81273924484,PJ,HCV,energy-balance-1992,（簡易表）ｴﾈﾙｷﾞｰ単位表（本表）,W16,TJ,value / 1000,2026-04-14
1992,FY1992,fiscal_year_april_march,JP,domestic_production_total,一次エネルギー国内産出（HCV）,3733.721008054452,PJ,HCV,energy-balance-1992,（簡易表）ｴﾈﾙｷﾞｰ単位表（本表）,W17,TJ,value / 1000,2026-04-14
1992,FY1992,fiscal_year_april_march,JP,primary_supply_coal,一次供給：石炭,3371.807683333258,PJ,HCV,energy-balance-1992,（簡易表）ｴﾈﾙｷﾞｰ単位表（本表）,G16,TJ,value / 1000,2026-04-14
1992,FY1992,fiscal_year_april_march,JP,primary_supply_coal_products,一次供給：石炭製品,-64.18581891204482,PJ,HCV,energy-balance-1992,（簡易表）ｴﾈﾙｷﾞｰ単位表（本表）,H16,TJ,value / 1000,2026-04-14
1992,FY1992,fiscal_year_april_march,JP,primary_supply_crude_oil,一次供給：原油,9920.417732874595,PJ,HCV,energy-balance-1992,（簡易表）ｴﾈﾙｷﾞｰ単位表（本表）,I16,TJ,value / 1000,2026-04-14
1992,FY1992,fiscal_year_april_march,JP,primary_supply_oil_products,一次供給：石油製品,1480.3644028379417,PJ,HCV,energy-balance-1992,（簡易表）ｴﾈﾙｷﾞｰ単位表（本表）,J16,TJ,value / 1000,2026-04-14
1992,FY1992,fiscal_year_april_march,JP,primary_supply_natural_gas,一次供給：天然ガス,2218.190809656589,PJ,HCV,energy-balance-1992,（簡易表）ｴﾈﾙｷﾞｰ単位表（本表）,K16,TJ,value / 1000,2026-04-14
1992,FY1992,fiscal_year_april_march,JP,primary_supply_city_gas,一次供給：都市ガス,0.0,PJ,HCV,energy-balance-1992,（簡易表）ｴﾈﾙｷﾞｰ単位表（本表）,L16,TJ,value / 1000,2026-04-14
1992,FY1992,fiscal_year_april_march,JP,primary_supply_renewables_excl_hydro,一次供給：再生可能エネルギー（水力除く）,266.5264620327205,PJ,HCV,energy-balance-1992,（簡易表）ｴﾈﾙｷﾞｰ単位表（本表）,N16,TJ,value / 1000,2026-04-14
1992,FY1992,fiscal_year_april_march,JP,primary_supply_hydro,一次供給：水力（揚水除く）,752.2452365131255,PJ,HCV,energy-balance-1992,（簡易表）ｴﾈﾙｷﾞｰ単位表（本表）,O16,TJ,value / 1000,2026-04-14
1992,FY1992,fiscal_year_april_march,JP,primary_supply_pumped,一次供給：揚水,0.0,PJ,HCV,energy-balance-1992,（簡易表）ｴﾈﾙｷﾞｰ単位表（本表）,P16,TJ,value / 1000,2026-04-14
1992,FY1992,fiscal_year_april_march,JP,primary_supply_recovered,一次供給：未活用エネルギー,328.0970440357017,PJ,HCV,energy-balance-1992,（簡易表）ｴﾈﾙｷﾞｰ単位表（本表）,Q16,TJ,value / 1000,2026-04-14
1992,FY1992,fiscal_year_april_march,JP,primary_supply_nuclear,一次供給：原子力,2074.3491868729516,PJ,HCV,energy-balance-1992,（簡易表）ｴﾈﾙｷﾞｰ単位表（本表）,R16,TJ,value / 1000,2026-04-14
1992,FY1992,fiscal_year_april_march,JP,final_consumption_total,最終エネルギー消費：合計,13943.395680613523,PJ,HCV,energy-balance-1992,（簡易表）ｴﾈﾙｷﾞｰ単位表（本表）,W37,TJ,value / 1000,2026-04-14
1992,FY1992,fiscal_year_april_march,JP,final_consumption_industry_business,最終消費：企業・事業所他,8871.460228802938,PJ,HCV,energy-balance-1992,（簡易表）ｴﾈﾙｷﾞｰ単位表（本表）,W39,TJ,value / 1000,2026-04-14
1992,FY1992,fiscal_year_april_march,JP,final_consumption_manufacturing,最終消費：製造業,6307.766834578728,PJ,HCV,energy-balance-1992,（簡易表）ｴﾈﾙｷﾞｰ単位表（本表）,W42,TJ,value / 1000,2026-04-14
1992,FY1992,fiscal_year_april_march,JP,final_consumption_commercial,最終消費：業務他,1846.6891233165209,PJ,HCV,energy-balance-1992,（簡易表）ｴﾈﾙｷﾞｰ単位表（本表）,W53,TJ,value / 1000,2026-04-14
1992,FY1992,fiscal_year_april_march,JP,final_consumption_households,最終消費：家庭,1724.7167981076632,PJ,HCV,energy-balance-1992,（簡易表）ｴﾈﾙｷﾞｰ単位表（本表）,W55,TJ,value / 1000,2026-04-14
1992,FY1992,fiscal_year_april_march,JP,final_consumption_transport,最終消費：運輸,3347.218653702921,PJ,HCV,energy-balance-1992,（簡易表）ｴﾈﾙｷﾞｰ単位表（本表）,W57,TJ,value / 1000,2026-04-14
1992,FY1992,fiscal_year_april_march,JP,final_consumption_electricity,最終消費：電力,2863.8670317329115,PJ,HCV,energy-balance-1992,（簡易表）ｴﾈﾙｷﾞｰ単位表（本表）,T37,TJ,value / 1000,2026-04-14
1993,FY1993,fiscal_year_april_march,JP,primary_supply_total,一次エネルギー国内供給,20517.437748683737,PJ,HCV,energy-balance-1993,（簡易表）ｴﾈﾙｷﾞｰ単位表（本表）,W16,TJ,value / 1000,2026-04-14
1993,FY1993,fiscal_year_april_march,JP,domestic_production_total,一次エネルギー国内産出（HCV）,4089.4083826903457,PJ,HCV,energy-balance-1993,（簡易表）ｴﾈﾙｷﾞｰ単位表（本表）,W17,TJ,value / 1000,2026-04-14
1993,FY1993,fiscal_year_april_march,JP,primary_supply_coal,一次供給：石炭,3393.6436241622555,PJ,HCV,energy-balance-1993,（簡易表）ｴﾈﾙｷﾞｰ単位表（本表）,G16,TJ,value / 1000,2026-04-14
1993,FY1993,fiscal_year_april_march,JP,primary_supply_coal_products,一次供給：石炭製品,-74.39576093855534,PJ,HCV,energy-balance-1993,（簡易表）ｴﾈﾙｷﾞｰ単位表（本表）,H16,TJ,value / 1000,2026-04-14
1993,FY1993,fiscal_year_april_march,JP,primary_supply_crude_oil,一次供給：原油,9838.113619038597,PJ,HCV,energy-balance-1993,（簡易表）ｴﾈﾙｷﾞｰ単位表（本表）,I16,TJ,value / 1000,2026-04-14
1993,FY1993,fiscal_year_april_march,JP,primary_supply_oil_products,一次供給：石油製品,1292.0460894515547,PJ,HCV,energy-balance-1993,（簡易表）ｴﾈﾙｷﾞｰ単位表（本表）,J16,TJ,value / 1000,2026-04-14
1993,FY1993,fiscal_year_april_march,JP,primary_supply_natural_gas,一次供給：天然ガス,2281.1503620427675,PJ,HCV,energy-balance-1993,（簡易表）ｴﾈﾙｷﾞｰ単位表（本表）,K16,TJ,value / 1000,2026-04-14
1993,FY1993,fiscal_year_april_march,JP,primary_supply_city_gas,一次供給：都市ガス,0.0,PJ,HCV,energy-balance-1993,（簡易表）ｴﾈﾙｷﾞｰ単位表（本表）,L16,TJ,value / 1000,2026-04-14
1993,FY1993,fiscal_year_april_march,JP,primary_supply_renewables_excl_hydro,一次供給：再生可能エネルギー（水力除く）,258.2128808553908,PJ,HCV,energy-balance-1993,（簡易表）ｴﾈﾙｷﾞｰ単位表（本表）,N16,TJ,value / 1000,2026-04-14
1993,FY1993,fiscal_year_april_march,JP,primary_supply_hydro,一次供給：水力（揚水除く）,869.4802641068733,PJ,HCV,energy-balance-1993,（簡易表）ｴﾈﾙｷﾞｰ単位表（本表）,O16,TJ,value / 1000,2026-04-14
1993,FY1993,fiscal_year_april_march,JP,primary_supply_pumped,一次供給：揚水,0.0,PJ,HCV,energy-balance-1993,（簡易表）ｴﾈﾙｷﾞｰ単位表（本表）,P16,TJ,value / 1000,2026-04-14
1993,FY1993,fiscal_year_april_march,JP,primary_supply_recovered,一次供給：未活用エネルギー,338.3463114878102,PJ,HCV,energy-balance-1993,（簡易表）ｴﾈﾙｷﾞｰ単位表（本表）,Q16,TJ,value / 1000,2026-04-14
1993,FY1993,fiscal_year_april_march,JP,primary_supply_nuclear,一次供給：原子力,2320.8403584770444,PJ,HCV,energy-balance-1993,（簡易表）ｴﾈﾙｷﾞｰ単位表（本表）,R16,TJ,value / 1000,2026-04-14
1993,FY1993,fiscal_year_april_march,JP,final_consumption_total,最終エネルギー消費：合計,14111.40017789026,PJ,HCV,energy-balance-1993,（簡易表）ｴﾈﾙｷﾞｰ単位表（本表）,W37,TJ,value / 1000,2026-04-14
1993,FY1993,fiscal_year_april_march,JP,final_consumption_industry_business,最終消費：企業・事業所他,8910.344928659315,PJ,HCV,energy-balance-1993,（簡易表）ｴﾈﾙｷﾞｰ単位表（本表）,W39,TJ,value / 1000,2026-04-14
1993,FY1993,fiscal_year_april_march,JP,final_consumption_manufacturing,最終消費：製造業,6242.370908507302,PJ,HCV,energy-balance-1993,（簡易表）ｴﾈﾙｷﾞｰ単位表（本表）,W42,TJ,value / 1000,2026-04-14
1993,FY1993,fiscal_year_april_march,JP,final_consumption_commercial,最終消費：業務他,1966.862249263423,PJ,HCV,energy-balance-1993,（簡易表）ｴﾈﾙｷﾞｰ単位表（本表）,W53,TJ,value / 1000,2026-04-14
1993,FY1993,fiscal_year_april_march,JP,final_consumption_households,最終消費：家庭,1800.6148806168833,PJ,HCV,energy-balance-1993,（簡易表）ｴﾈﾙｷﾞｰ単位表（本表）,W55,TJ,value / 1000,2026-04-14
1993,FY1993,fiscal_year_april_march,JP,final_consumption_transport,最終消費：運輸,3400.440368614063,PJ,HCV,energy-balance-1993,（簡易表）ｴﾈﾙｷﾞｰ単位表（本表）,W57,TJ,value / 1000,2026-04-14
1993,FY1993,fiscal_year_april_march,JP,final_consumption_electricity,最終消費：電力,2888.512867402445,PJ,HCV,energy-balance-1993,（簡易表）ｴﾈﾙｷﾞｰ単位表（本表）,T37,TJ,value / 1000,2026-04-14
1994,FY1994,fiscal_year_april_march,JP,primary_supply_total,一次エネルギー国内供給,21385.685712415772,PJ,HCV,energy-balance-1994,（詳細表）ｴﾈﾙｷﾞｰ単位表（本表）,DU17,TJ,value / 1000,2026-04-14
1994,FY1994,fiscal_year_april_march,JP,domestic_production_total,一次エネルギー国内産出（HCV）,4003.7960748210567,PJ,HCV,energy-balance-1994,（詳細表）ｴﾈﾙｷﾞｰ単位表（本表）,DU19,TJ,value / 1000,2026-04-14
1994,FY1994,fiscal_year_april_march,JP,primary_supply_coal,一次供給：石炭,3597.1410235600924,PJ,HCV,energy-balance-1994,（詳細表）ｴﾈﾙｷﾞｰ単位表（本表）,G17,TJ,value / 1000,2026-04-14
1994,FY1994,fiscal_year_april_march,JP,primary_supply_coal_products,一次供給：石炭製品,-82.5504271754072,PJ,HCV,energy-balance-1994,（詳細表）ｴﾈﾙｷﾞｰ単位表（本表）,R17,TJ,value / 1000,2026-04-14
1994,FY1994,fiscal_year_april_march,JP,primary_supply_crude_oil,一次供給：原油,10518.087577755874,PJ,HCV,energy-balance-1994,（詳細表）ｴﾈﾙｷﾞｰ単位表（本表）,AD17,TJ,value / 1000,2026-04-14
1994,FY1994,fiscal_year_april_march,JP,primary_supply_oil_products,一次供給：石油製品,1232.3137300545184,PJ,HCV,energy-balance-1994,（詳細表）ｴﾈﾙｷﾞｰ単位表（本表）,AO17,TJ,value / 1000,2026-04-14
1994,FY1994,fiscal_year_april_march,JP,primary_supply_natural_gas,一次供給：天然ガス,2407.5975014876476,PJ,HCV,energy-balance-1994,（詳細表）ｴﾈﾙｷﾞｰ単位表（本表）,BX17,TJ,value / 1000,2026-04-14
1994,FY1994,fiscal_year_april_march,JP,primary_supply_city_gas,一次供給：都市ガス,0.0,PJ,HCV,energy-balance-1994,（詳細表）ｴﾈﾙｷﾞｰ単位表（本表）,CD17,TJ,value / 1000,2026-04-14
1994,FY1994,fiscal_year_april_march,JP,primary_supply_renewables_excl_hydro,一次供給：再生可能エネルギー（水力除く）,263.9653748256414,PJ,HCV,energy-balance-1994,（詳細表）ｴﾈﾙｷﾞｰ単位表（本表）,CH17,TJ,value / 1000,2026-04-14
1994,FY1994,fiscal_year_april_march,JP,primary_supply_hydro,一次供給：水力（揚水除く）,598.3299743310913,PJ,HCV,energy-balance-1994,（詳細表）ｴﾈﾙｷﾞｰ単位表（本表）,CI17,TJ,value / 1000,2026-04-14
1994,FY1994,fiscal_year_april_march,JP,primary_supply_pumped,一次供給：揚水,0.0,PJ,HCV,energy-balance-1994,（詳細表）ｴﾈﾙｷﾞｰ単位表（本表）,CJ17,TJ,value / 1000,2026-04-14
1994,FY1994,fiscal_year_april_march,JP,primary_supply_recovered,一次供給：未活用エネルギー,354.7095006826285,PJ,HCV,energy-balance-1994,（詳細表）ｴﾈﾙｷﾞｰ単位表（本表）,CK17,TJ,value / 1000,2026-04-14
1994,FY1994,fiscal_year_april_march,JP,primary_supply_nuclear,一次供給：原子力,2496.0914568936846,PJ,HCV,energy-balance-1994,（詳細表）ｴﾈﾙｷﾞｰ単位表（本表）,CL17,TJ,value / 1000,2026-04-14
1994,FY1994,fiscal_year_april_march,JP,final_consumption_total,最終エネルギー消費：合計,14605.278117230462,PJ,HCV,energy-balance-1994,（詳細表）ｴﾈﾙｷﾞｰ単位表（本表）,DU406,TJ,value / 1000,2026-04-14
1994,FY1994,fiscal_year_april_march,JP,final_consumption_industry_business,最終消費：企業・事業所他,9240.929177393675,PJ,HCV,energy-balance-1994,（詳細表）ｴﾈﾙｷﾞｰ単位表（本表）,DU430,TJ,value / 1000,2026-04-14
1994,FY1994,fiscal_year_april_march,JP,final_consumption_manufacturing,最終消費：製造業,6478.801543699063,PJ,HCV,energy-balance-1994,（詳細表）ｴﾈﾙｷﾞｰ単位表（本表）,DU450,TJ,value / 1000,2026-04-14
1994,FY1994,fiscal_year_april_march,JP,final_consumption_commercial,最終消費：業務他,2080.7561741602885,PJ,HCV,energy-balance-1994,（詳細表）ｴﾈﾙｷﾞｰ単位表（本表）,DU577,TJ,value / 1000,2026-04-14
1994,FY1994,fiscal_year_april_march,JP,final_consumption_households,最終消費：家庭,1825.8570424279822,PJ,HCV,energy-balance-1994,（詳細表）ｴﾈﾙｷﾞｰ単位表（本表）,DU680,TJ,value / 1000,2026-04-14
1994,FY1994,fiscal_year_april_march,JP,final_consumption_transport,最終消費：運輸,3538.4918974088027,PJ,HCV,energy-balance-1994,（詳細表）ｴﾈﾙｷﾞｰ単位表（本表）,DU698,TJ,value / 1000,2026-04-14
1994,FY1994,fiscal_year_april_march,JP,final_consumption_electricity,最終消費：電力,3077.048305720728,PJ,HCV,energy-balance-1994,（詳細表）ｴﾈﾙｷﾞｰ単位表（本表）,CN406,TJ,value / 1000,2026-04-14
1995,FY1995,fiscal_year_april_march,JP,primary_supply_total,一次エネルギー国内供給,22003.202943999677,PJ,HCV,energy-balance-1995,（詳細表）ｴﾈﾙｷﾞｰ単位表（本表）,DU17,TJ,value / 1000,2026-04-14
1995,FY1995,fiscal_year_april_march,JP,domestic_production_total,一次エネルギー国内産出（HCV）,4361.806352667559,PJ,HCV,energy-balance-1995,（詳細表）ｴﾈﾙｷﾞｰ単位表（本表）,DU19,TJ,value / 1000,2026-04-14
1995,FY1995,fiscal_year_april_march,JP,primary_supply_coal,一次供給：石炭,3725.381709216129,PJ,HCV,energy-balance-1995,（詳細表）ｴﾈﾙｷﾞｰ単位表（本表）,G17,TJ,value / 1000,2026-04-14
1995,FY1995,fiscal_year_april_march,JP,primary_supply_coal_products,一次供給：石炭製品,-91.90818782213921,PJ,HCV,energy-balance-1995,（詳細表）ｴﾈﾙｷﾞｰ単位表（本表）,R17,TJ,value / 1000,2026-04-14
1995,FY1995,fiscal_year_april_march,JP,primary_supply_crude_oil,一次供給：原油,10166.811966338602,PJ,HCV,energy-balance-1995,（詳細表）ｴﾈﾙｷﾞｰ単位表（本表）,AD17,TJ,value / 1000,2026-04-14
1995,FY1995,fiscal_year_april_march,JP,primary_supply_oil_products,一次供給：石油製品,1642.4485139929607,PJ,HCV,energy-balance-1995,（詳細表）ｴﾈﾙｷﾞｰ単位表（本表）,AO17,TJ,value / 1000,2026-04-14
1995,FY1995,fiscal_year_april_march,JP,primary_supply_natural_gas,一次供給：天然ガス,2477.257055150528,PJ,HCV,energy-balance-1995,（詳細表）ｴﾈﾙｷﾞｰ単位表（本表）,BX17,TJ,value / 1000,2026-04-14
1995,FY1995,fiscal_year_april_march,JP,primary_supply_city_gas,一次供給：都市ガス,0.0,PJ,HCV,energy-balance-1995,（詳細表）ｴﾈﾙｷﾞｰ単位表（本表）,CD17,TJ,value / 1000,2026-04-14
1995,FY1995,fiscal_year_april_march,JP,primary_supply_renewables_excl_hydro,一次供給：再生可能エネルギー（水力除く）,280.8342892396229,PJ,HCV,energy-balance-1995,（詳細表）ｴﾈﾙｷﾞｰ単位表（本表）,CH17,TJ,value / 1000,2026-04-14
1995,FY1995,fiscal_year_april_march,JP,primary_supply_hydro,一次供給：水力（揚水除く）,728.5093284145721,PJ,HCV,energy-balance-1995,（詳細表）ｴﾈﾙｷﾞｰ単位表（本表）,CI17,TJ,value / 1000,2026-04-14
1995,FY1995,fiscal_year_april_march,JP,primary_supply_pumped,一次供給：揚水,0.0,PJ,HCV,energy-balance-1995,（詳細表）ｴﾈﾙｷﾞｰ単位表（本表）,CJ17,TJ,value / 1000,2026-04-14
1995,FY1995,fiscal_year_april_march,JP,primary_supply_recovered,一次供給：未活用エネルギー,380.41060887000395,PJ,HCV,energy-balance-1995,（詳細表）ｴﾈﾙｷﾞｰ単位表（本表）,CK17,TJ,value / 1000,2026-04-14
1995,FY1995,fiscal_year_april_march,JP,primary_supply_nuclear,一次供給：原子力,2693.457660599398,PJ,HCV,energy-balance-1995,（詳細表）ｴﾈﾙｷﾞｰ単位表（本表）,CL17,TJ,value / 1000,2026-04-14
1995,FY1995,fiscal_year_april_march,JP,final_consumption_total,最終エネルギー消費：合計,15111.390400645634,PJ,HCV,energy-balance-1995,（詳細表）ｴﾈﾙｷﾞｰ単位表（本表）,DU406,TJ,value / 1000,2026-04-14
1995,FY1995,fiscal_year_april_march,JP,final_consumption_industry_business,最終消費：企業・事業所他,9520.603238748943,PJ,HCV,energy-balance-1995,（詳細表）ｴﾈﾙｷﾞｰ単位表（本表）,DU430,TJ,value / 1000,2026-04-14
1995,FY1995,fiscal_year_april_march,JP,final_consumption_manufacturing,最終消費：製造業,6648.630049569502,PJ,HCV,energy-balance-1995,（詳細表）ｴﾈﾙｷﾞｰ単位表（本表）,DU450,TJ,value / 1000,2026-04-14
1995,FY1995,fiscal_year_april_march,JP,final_consumption_commercial,最終消費：業務他,2199.8868395496506,PJ,HCV,energy-balance-1995,（詳細表）ｴﾈﾙｷﾞｰ単位表（本表）,DU577,TJ,value / 1000,2026-04-14
1995,FY1995,fiscal_year_april_march,JP,final_consumption_households,最終消費：家庭,1915.6521958290657,PJ,HCV,energy-balance-1995,（詳細表）ｴﾈﾙｷﾞｰ単位表（本表）,DU680,TJ,value / 1000,2026-04-14
1995,FY1995,fiscal_year_april_march,JP,final_consumption_transport,最終消費：運輸,3675.134966067626,PJ,HCV,energy-balance-1995,（詳細表）ｴﾈﾙｷﾞｰ単位表（本表）,DU698,TJ,value / 1000,2026-04-14
1995,FY1995,fiscal_year_april_march,JP,final_consumption_electricity,最終消費：電力,3138.138902476282,PJ,HCV,energy-balance-1995,（詳細表）ｴﾈﾙｷﾞｰ単位表（本表）,CN406,TJ,value / 1000,2026-04-14
1996,FY1996,fiscal_year_april_march,JP,primary_supply_total,一次エネルギー国内供給,22294.859816897482,PJ,HCV,energy-balance-1996,（簡易表）ｴﾈﾙｷﾞｰ単位表（本表）,W16,TJ,value / 1000,2026-04-14
1996,FY1996,fiscal_year_april_march,JP,domestic_production_total,一次エネルギー国内産出（HCV）,4435.419442734215,PJ,HCV,energy-balance-1996,（簡易表）ｴﾈﾙｷﾞｰ単位表（本表）,W17,TJ,value / 1000,2026-04-14
1996,FY1996,fiscal_year_april_march,JP,primary_supply_coal,一次供給：石炭,3784.6766452209336,PJ,HCV,energy-balance-1996,（簡易表）ｴﾈﾙｷﾞｰ単位表（本表）,G16,TJ,value / 1000,2026-04-14
1996,FY1996,fiscal_year_april_march,JP,primary_supply_coal_products,一次供給：石炭製品,-55.12612504384112,PJ,HCV,energy-balance-1996,（簡易表）ｴﾈﾙｷﾞｰ単位表（本表）,H16,TJ,value / 1000,2026-04-14
1996,FY1996,fiscal_year_april_march,JP,primary_supply_crude_oil,一次供給：原油,10143.069624075177,PJ,HCV,energy-balance-1996,（簡易表）ｴﾈﾙｷﾞｰ単位表（本表）,I16,TJ,value / 1000,2026-04-14
1996,FY1996,fiscal_year_april_march,JP,primary_supply_oil_products,一次供給：石油製品,1632.5748106957626,PJ,HCV,energy-balance-1996,（簡易表）ｴﾈﾙｷﾞｰ単位表（本表）,J16,TJ,value / 1000,2026-04-14
1996,FY1996,fiscal_year_april_march,JP,primary_supply_natural_gas,一次供給：天然ガス,2626.992725602257,PJ,HCV,energy-balance-1996,（簡易表）ｴﾈﾙｷﾞｰ単位表（本表）,K16,TJ,value / 1000,2026-04-14
1996,FY1996,fiscal_year_april_march,JP,primary_supply_city_gas,一次供給：都市ガス,0.0,PJ,HCV,energy-balance-1996,（簡易表）ｴﾈﾙｷﾞｰ単位表（本表）,L16,TJ,value / 1000,2026-04-14
1996,FY1996,fiscal_year_april_march,JP,primary_supply_renewables_excl_hydro,一次供給：再生可能エネルギー（水力除く）,284.1800133573987,PJ,HCV,energy-balance-1996,（簡易表）ｴﾈﾙｷﾞｰ単位表（本表）,N16,TJ,value / 1000,2026-04-14
1996,FY1996,fiscal_year_april_march,JP,primary_supply_hydro,一次供給：水力（揚水除く）,694.9211858453799,PJ,HCV,energy-balance-1996,（簡易表）ｴﾈﾙｷﾞｰ単位表（本表）,O16,TJ,value / 1000,2026-04-14
1996,FY1996,fiscal_year_april_march,JP,primary_supply_pumped,一次供給：揚水,0.0,PJ,HCV,energy-balance-1996,（簡易表）ｴﾈﾙｷﾞｰ単位表（本表）,P16,TJ,value / 1000,2026-04-14
1996,FY1996,fiscal_year_april_march,JP,primary_supply_recovered,一次供給：未活用エネルギー,409.7100544400105,PJ,HCV,energy-balance-1996,（簡易表）ｴﾈﾙｷﾞｰ単位表（本表）,Q16,TJ,value / 1000,2026-04-14
1996,FY1996,fiscal_year_april_march,JP,primary_supply_nuclear,一次供給：原子力,2773.8608827044063,PJ,HCV,energy-balance-1996,（簡易表）ｴﾈﾙｷﾞｰ単位表（本表）,R16,TJ,value / 1000,2026-04-14
1996,FY1996,fiscal_year_april_march,JP,final_consumption_total,最終エネルギー消費：合計,15323.293805246465,PJ,HCV,energy-balance-1996,（簡易表）ｴﾈﾙｷﾞｰ単位表（本表）,W37,TJ,value / 1000,2026-04-14
1996,FY1996,fiscal_year_april_march,JP,final_consumption_industry_business,最終消費：企業・事業所他,9585.45569286394,PJ,HCV,energy-balance-1996,（簡易表）ｴﾈﾙｷﾞｰ単位表（本表）,W39,TJ,value / 1000,2026-04-14
1996,FY1996,fiscal_year_april_march,JP,final_consumption_manufacturing,最終消費：製造業,6734.732860924991,PJ,HCV,energy-balance-1996,（簡易表）ｴﾈﾙｷﾞｰ単位表（本表）,W42,TJ,value / 1000,2026-04-14
1996,FY1996,fiscal_year_april_march,JP,final_consumption_commercial,最終消費：業務他,2173.088421708824,PJ,HCV,energy-balance-1996,（簡易表）ｴﾈﾙｷﾞｰ単位表（本表）,W53,TJ,value / 1000,2026-04-14
1996,FY1996,fiscal_year_april_march,JP,final_consumption_households,最終消費：家庭,1961.6078810375955,PJ,HCV,energy-balance-1996,（簡易表）ｴﾈﾙｷﾞｰ単位表（本表）,W55,TJ,value / 1000,2026-04-14
1996,FY1996,fiscal_year_april_march,JP,final_consumption_transport,最終消費：運輸,3776.2302313449327,PJ,HCV,energy-balance-1996,（簡易表）ｴﾈﾙｷﾞｰ単位表（本表）,W57,TJ,value / 1000,2026-04-14
1996,FY1996,fiscal_year_april_march,JP,final_consumption_electricity,最終消費：電力,3209.151651694513,PJ,HCV,energy-balance-1996,（簡易表）ｴﾈﾙｷﾞｰ単位表（本表）,T37,TJ,value / 1000,2026-04-14
1997,FY1997,fiscal_year_april_march,JP,primary_supply_total,一次エネルギー国内供給,22465.187228833267,PJ,HCV,energy-balance-1997,（簡易表）ｴﾈﾙｷﾞｰ単位表（本表）,W16,TJ,value / 1000,2026-04-14
1997,FY1997,fiscal_year_april_march,JP,domestic_production_total,一次エネルギー国内産出（HCV）,4593.583823849948,PJ,HCV,energy-balance-1997,（簡易表）ｴﾈﾙｷﾞｰ単位表（本表）,W17,TJ,value / 1000,2026-04-14
1997,FY1997,fiscal_year_april_march,JP,primary_supply_coal,一次供給：石炭,3877.0639814932906,PJ,HCV,energy-balance-1997,（簡易表）ｴﾈﾙｷﾞｰ単位表（本表）,G16,TJ,value / 1000,2026-04-14
1997,FY1997,fiscal_year_april_march,JP,primary_supply_coal_products,一次供給：石炭製品,-33.90686973030588,PJ,HCV,energy-balance-1997,（簡易表）ｴﾈﾙｷﾞｰ単位表（本表）,H16,TJ,value / 1000,2026-04-14
1997,FY1997,fiscal_year_april_march,JP,primary_supply_crude_oil,一次供給：原油,10230.219277823822,PJ,HCV,energy-balance-1997,（簡易表）ｴﾈﾙｷﾞｰ単位表（本表）,I16,TJ,value / 1000,2026-04-14
1997,FY1997,fiscal_year_april_march,JP,primary_supply_oil_products,一次供給：石油製品,1286.6624853371484,PJ,HCV,energy-balance-1997,（簡易表）ｴﾈﾙｷﾞｰ単位表（本表）,J16,TJ,value / 1000,2026-04-14
1997,FY1997,fiscal_year_april_march,JP,primary_supply_natural_gas,一次供給：天然ガス,2734.79488386632,PJ,HCV,energy-balance-1997,（簡易表）ｴﾈﾙｷﾞｰ単位表（本表）,K16,TJ,value / 1000,2026-04-14
1997,FY1997,fiscal_year_april_march,JP,primary_supply_city_gas,一次供給：都市ガス,0.0,PJ,HCV,energy-balance-1997,（簡易表）ｴﾈﾙｷﾞｰ単位表（本表）,L16,TJ,value / 1000,2026-04-14
1997,FY1997,fiscal_year_april_march,JP,primary_supply_renewables_excl_hydro,一次供給：再生可能エネルギー（水力除く）,288.48221824120685,PJ,HCV,energy-balance-1997,（簡易表）ｴﾈﾙｷﾞｰ単位表（本表）,N16,TJ,value / 1000,2026-04-14
1997,FY1997,fiscal_year_april_march,JP,primary_supply_hydro,一次供給：水力（揚水除く）,772.9659610358563,PJ,HCV,energy-balance-1997,（簡易表）ｴﾈﾙｷﾞｰ単位表（本表）,O16,TJ,value / 1000,2026-04-14
1997,FY1997,fiscal_year_april_march,JP,primary_supply_pumped,一次供給：揚水,0.0,PJ,HCV,energy-balance-1997,（簡易表）ｴﾈﾙｷﾞｰ単位表（本表）,P16,TJ,value / 1000,2026-04-14
1997,FY1997,fiscal_year_april_march,JP,primary_supply_recovered,一次供給：未活用エネルギー,410.5116124353046,PJ,HCV,energy-balance-1997,（簡易表）ｴﾈﾙｷﾞｰ単位表（本表）,Q16,TJ,value / 1000,2026-04-14
1997,FY1997,fiscal_year_april_march,JP,primary_supply_nuclear,一次供給：原子力,2898.3936783306217,PJ,HCV,energy-balance-1997,（簡易表）ｴﾈﾙｷﾞｰ単位表（本表）,R16,TJ,value / 1000,2026-04-14
1997,FY1997,fiscal_year_april_march,JP,final_consumption_total,最終エネルギー消費：合計,15408.12774451488,PJ,HCV,energy-balance-1997,（簡易表）ｴﾈﾙｷﾞｰ単位表（本表）,W37,TJ,value / 1000,2026-04-14
1997,FY1997,fiscal_year_april_march,JP,final_consumption_industry_business,最終消費：企業・事業所他,9681.147968472758,PJ,HCV,energy-balance-1997,（簡易表）ｴﾈﾙｷﾞｰ単位表（本表）,W39,TJ,value / 1000,2026-04-14
1997,FY1997,fiscal_year_april_march,JP,final_consumption_manufacturing,最終消費：製造業,6757.369321500158,PJ,HCV,energy-balance-1997,（簡易表）ｴﾈﾙｷﾞｰ単位表（本表）,W42,TJ,value / 1000,2026-04-14
1997,FY1997,fiscal_year_april_march,JP,final_consumption_commercial,最終消費：業務他,2263.828631958531,PJ,HCV,energy-balance-1997,（簡易表）ｴﾈﾙｷﾞｰ単位表（本表）,W53,TJ,value / 1000,2026-04-14
1997,FY1997,fiscal_year_april_march,JP,final_consumption_households,最終消費：家庭,1923.3629224671583,PJ,HCV,energy-balance-1997,（簡易表）ｴﾈﾙｷﾞｰ単位表（本表）,W55,TJ,value / 1000,2026-04-14
1997,FY1997,fiscal_year_april_march,JP,final_consumption_transport,最終消費：運輸,3803.6168535749616,PJ,HCV,energy-balance-1997,（簡易表）ｴﾈﾙｷﾞｰ単位表（本表）,W57,TJ,value / 1000,2026-04-14
1997,FY1997,fiscal_year_april_march,JP,final_consumption_electricity,最終消費：電力,3246.1768080151114,PJ,HCV,energy-balance-1997,（簡易表）ｴﾈﾙｷﾞｰ単位表（本表）,T37,TJ,value / 1000,2026-04-14
1998,FY1998,fiscal_year_april_march,JP,primary_supply_total,一次エネルギー国内供給,22039.161394332306,PJ,HCV,energy-balance-1998,（簡易表）ｴﾈﾙｷﾞｰ単位表（本表）,W16,TJ,value / 1000,2026-04-14
1998,FY1998,fiscal_year_april_march,JP,domestic_production_total,一次エネルギー国内産出（HCV）,4659.090403623261,PJ,HCV,energy-balance-1998,（簡易表）ｴﾈﾙｷﾞｰ単位表（本表）,W17,TJ,value / 1000,2026-04-14
1998,FY1998,fiscal_year_april_march,JP,primary_supply_coal,一次供給：石炭,3678.7926870396477,PJ,HCV,energy-balance-1998,（簡易表）ｴﾈﾙｷﾞｰ単位表（本表）,G16,TJ,value / 1000,2026-04-14
1998,FY1998,fiscal_year_april_march,JP,primary_supply_coal_products,一次供給：石炭製品,-64.59126631214995,PJ,HCV,energy-balance-1998,（簡易表）ｴﾈﾙｷﾞｰ単位表（本表）,H16,TJ,value / 1000,2026-04-14
1998,FY1998,fiscal_year_april_march,JP,primary_supply_crude_oil,一次供給：原油,9803.297064470367,PJ,HCV,energy-balance-1998,（簡易表）ｴﾈﾙｷﾞｰ単位表（本表）,I16,TJ,value / 1000,2026-04-14
1998,FY1998,fiscal_year_april_march,JP,primary_supply_oil_products,一次供給：石油製品,1380.1625054208823,PJ,HCV,energy-balance-1998,（簡易表）ｴﾈﾙｷﾞｰ単位表（本表）,J16,TJ,value / 1000,2026-04-14
1998,FY1998,fiscal_year_april_march,JP,primary_supply_natural_gas,一次供給：天然ガス,2795.7304340169285,PJ,HCV,energy-balance-1998,（簡易表）ｴﾈﾙｷﾞｰ単位表（本表）,K16,TJ,value / 1000,2026-04-14
1998,FY1998,fiscal_year_april_march,JP,primary_supply_city_gas,一次供給：都市ガス,0.0,PJ,HCV,energy-balance-1998,（簡易表）ｴﾈﾙｷﾞｰ単位表（本表）,L16,TJ,value / 1000,2026-04-14
1998,FY1998,fiscal_year_april_march,JP,primary_supply_renewables_excl_hydro,一次供給：再生可能エネルギー（水力除く）,266.98892615063687,PJ,HCV,energy-balance-1998,（簡易表）ｴﾈﾙｷﾞｰ単位表（本表）,N16,TJ,value / 1000,2026-04-14
1998,FY1998,fiscal_year_april_march,JP,primary_supply_hydro,一次供給：水力（揚水除く）,791.9078151875585,PJ,HCV,energy-balance-1998,（簡易表）ｴﾈﾙｷﾞｰ単位表（本表）,O16,TJ,value / 1000,2026-04-14
1998,FY1998,fiscal_year_april_march,JP,primary_supply_pumped,一次供給：揚水,0.0,PJ,HCV,energy-balance-1998,（簡易表）ｴﾈﾙｷﾞｰ単位表（本表）,P16,TJ,value / 1000,2026-04-14
1998,FY1998,fiscal_year_april_march,JP,primary_supply_recovered,一次供給：未活用エネルギー,389.7797663084611,PJ,HCV,energy-balance-1998,（簡易表）ｴﾈﾙｷﾞｰ単位表（本表）,Q16,TJ,value / 1000,2026-04-14
1998,FY1998,fiscal_year_april_march,JP,primary_supply_nuclear,一次供給：原子力,2997.09346204997,PJ,HCV,energy-balance-1998,（簡易表）ｴﾈﾙｷﾞｰ単位表（本表）,R16,TJ,value / 1000,2026-04-14
1998,FY1998,fiscal_year_april_march,JP,final_consumption_total,最終エネルギー消費：合計,15215.541819016062,PJ,HCV,energy-balance-1998,（簡易表）ｴﾈﾙｷﾞｰ単位表（本表）,W37,TJ,value / 1000,2026-04-14
1998,FY1998,fiscal_year_april_march,JP,final_consumption_industry_business,最終消費：企業・事業所他,9491.114401975243,PJ,HCV,energy-balance-1998,（簡易表）ｴﾈﾙｷﾞｰ単位表（本表）,W39,TJ,value / 1000,2026-04-14
1998,FY1998,fiscal_year_april_march,JP,final_consumption_manufacturing,最終消費：製造業,6434.703232732523,PJ,HCV,energy-balance-1998,（簡易表）ｴﾈﾙｷﾞｰ単位表（本表）,W42,TJ,value / 1000,2026-04-14
1998,FY1998,fiscal_year_april_march,JP,final_consumption_commercial,最終消費：業務他,2415.8292948300755,PJ,HCV,energy-balance-1998,（簡易表）ｴﾈﾙｷﾞｰ単位表（本表）,W53,TJ,value / 1000,2026-04-14
1998,FY1998,fiscal_year_april_march,JP,final_consumption_households,最終消費：家庭,1949.0411968861465,PJ,HCV,energy-balance-1998,（簡易表）ｴﾈﾙｷﾞｰ単位表（本表）,W55,TJ,value / 1000,2026-04-14
1998,FY1998,fiscal_year_april_march,JP,final_consumption_transport,最終消費：運輸,3775.38622015467,PJ,HCV,energy-balance-1998,（簡易表）ｴﾈﾙｷﾞｰ単位表（本表）,W57,TJ,value / 1000,2026-04-14
1998,FY1998,fiscal_year_april_march,JP,final_consumption_electricity,最終消費：電力,3279.9753619095113,PJ,HCV,energy-balance-1998,（簡易表）ｴﾈﾙｷﾞｰ単位表（本表）,T37,TJ,value / 1000,2026-04-14
1999,FY1999,fiscal_year_april_march,JP,primary_supply_total,一次エネルギー国内供給,22387.934107602818,PJ,HCV,energy-balance-1999,（簡易表）ｴﾈﾙｷﾞｰ単位表（本表）,W16,TJ,value / 1000,2026-04-14
1999,FY1999,fiscal_year_april_march,JP,domestic_production_total,一次エネルギー国内産出（HCV）,4444.735303487988,PJ,HCV,energy-balance-1999,（簡易表）ｴﾈﾙｷﾞｰ単位表（本表）,W17,TJ,value / 1000,2026-04-14
1999,FY1999,fiscal_year_april_march,JP,primary_supply_coal,一次供給：石炭,3868.603472794402,PJ,HCV,energy-balance-1999,（簡易表）ｴﾈﾙｷﾞｰ単位表（本表）,G16,TJ,value / 1000,2026-04-14
1999,FY1999,fiscal_year_april_march,JP,primary_supply_coal_products,一次供給：石炭製品,-19.665349647312613,PJ,HCV,energy-balance-1999,（簡易表）ｴﾈﾙｷﾞｰ単位表（本表）,H16,TJ,value / 1000,2026-04-14
1999,FY1999,fiscal_year_april_march,JP,primary_supply_crude_oil,一次供給：原油,9662.122286765933,PJ,HCV,energy-balance-1999,（簡易表）ｴﾈﾙｷﾞｰ単位表（本表）,I16,TJ,value / 1000,2026-04-14
1999,FY1999,fiscal_year_april_march,JP,primary_supply_oil_products,一次供給：石油製品,1703.3303439217693,PJ,HCV,energy-balance-1999,（簡易表）ｴﾈﾙｷﾞｰ単位表（本表）,J16,TJ,value / 1000,2026-04-14
1999,FY1999,fiscal_year_april_march,JP,primary_supply_natural_gas,一次供給：天然ガス,2939.3771484623735,PJ,HCV,energy-balance-1999,（簡易表）ｴﾈﾙｷﾞｰ単位表（本表）,K16,TJ,value / 1000,2026-04-14
1999,FY1999,fiscal_year_april_march,JP,primary_supply_city_gas,一次供給：都市ガス,0.0,PJ,HCV,energy-balance-1999,（簡易表）ｴﾈﾙｷﾞｰ単位表（本表）,L16,TJ,value / 1000,2026-04-14
1999,FY1999,fiscal_year_april_march,JP,primary_supply_renewables_excl_hydro,一次供給：再生可能エネルギー（水力除く）,271.01970272155296,PJ,HCV,energy-balance-1999,（簡易表）ｴﾈﾙｷﾞｰ単位表（本表）,N16,TJ,value / 1000,2026-04-14
1999,FY1999,fiscal_year_april_march,JP,primary_supply_hydro,一次供給：水力（揚水除く）,741.5567838752487,PJ,HCV,energy-balance-1999,（簡易表）ｴﾈﾙｷﾞｰ単位表（本表）,O16,TJ,value / 1000,2026-04-14
1999,FY1999,fiscal_year_april_march,JP,primary_supply_pumped,一次供給：揚水,-3.2421108827018516e-14,PJ,HCV,energy-balance-1999,（簡易表）ｴﾈﾙｷﾞｰ単位表（本表）,P16,TJ,value / 1000,2026-04-14
1999,FY1999,fiscal_year_april_march,JP,primary_supply_recovered,一次供給：未活用エネルギー,399.9577281391696,PJ,HCV,energy-balance-1999,（簡易表）ｴﾈﾙｷﾞｰ単位表（本表）,Q16,TJ,value / 1000,2026-04-14
1999,FY1999,fiscal_year_april_march,JP,primary_supply_nuclear,一次供給：原子力,2821.631990569678,PJ,HCV,energy-balance-1999,（簡易表）ｴﾈﾙｷﾞｰ単位表（本表）,R16,TJ,value / 1000,2026-04-14
1999,FY1999,fiscal_year_april_march,JP,final_consumption_total,最終エネルギー消費：合計,15615.712469329526,PJ,HCV,energy-balance-1999,（簡易表）ｴﾈﾙｷﾞｰ単位表（本表）,W37,TJ,value / 1000,2026-04-14
1999,FY1999,fiscal_year_april_march,JP,final_consumption_industry_business,最終消費：企業・事業所他,9781.79898373441,PJ,HCV,energy-balance-1999,（簡易表）ｴﾈﾙｷﾞｰ単位表（本表）,W39,TJ,value / 1000,2026-04-14
1999,FY1999,fiscal_year_april_march,JP,final_consumption_manufacturing,最終消費：製造業,6652.973976173158,PJ,HCV,energy-balance-1999,（簡易表）ｴﾈﾙｷﾞｰ単位表（本表）,W42,TJ,value / 1000,2026-04-14
1999,FY1999,fiscal_year_april_march,JP,final_consumption_commercial,最終消費：業務他,2501.401370898064,PJ,HCV,energy-balance-1999,（簡易表）ｴﾈﾙｷﾞｰ単位表（本表）,W53,TJ,value / 1000,2026-04-14
1999,FY1999,fiscal_year_april_march,JP,final_consumption_households,最終消費：家庭,1998.5900729263903,PJ,HCV,energy-balance-1999,（簡易表）ｴﾈﾙｷﾞｰ単位表（本表）,W55,TJ,value / 1000,2026-04-14
1999,FY1999,fiscal_year_april_march,JP,final_consumption_transport,最終消費：運輸,3835.3234126687275,PJ,HCV,energy-balance-1999,（簡易表）ｴﾈﾙｷﾞｰ単位表（本表）,W57,TJ,value / 1000,2026-04-14
1999,FY1999,fiscal_year_april_march,JP,final_consumption_electricity,最終消費：電力,3354.940201276999,PJ,HCV,energy-balance-1999,（簡易表）ｴﾈﾙｷﾞｰ単位表（本表）,T37,TJ,value / 1000,2026-04-14
2000,FY2000,fiscal_year_april_march,JP,primary_supply_total,一次エネルギー国内供給,22710.204112614163,PJ,HCV,energy-balance-2000,（簡易表）ｴﾈﾙｷﾞｰ単位表（本表）,W16,TJ,value / 1000,2026-04-14
2000,FY2000,fiscal_year_april_march,JP,domestic_production_total,一次エネルギー国内産出（HCV）,4484.0283208311,PJ,HCV,energy-balance-2000,（簡易表）ｴﾈﾙｷﾞｰ単位表（本表）,W17,TJ,value / 1000,2026-04-14
2000,FY2000,fiscal_year_april_march,JP,primary_supply_coal,一次供給：石炭,4203.202056404737,PJ,HCV,energy-balance-2000,（簡易表）ｴﾈﾙｷﾞｰ単位表（本表）,G16,TJ,value / 1000,2026-04-14
2000,FY2000,fiscal_year_april_march,JP,primary_supply_coal_products,一次供給：石炭製品,-3.8207518884640796,PJ,HCV,energy-balance-2000,（簡易表）ｴﾈﾙｷﾞｰ単位表（本表）,H16,TJ,value / 1000,2026-04-14
2000,FY2000,fiscal_year_april_march,JP,primary_supply_crude_oil,一次供給：原油,9635.541196854905,PJ,HCV,energy-balance-2000,（簡易表）ｴﾈﾙｷﾞｰ単位表（本表）,I16,TJ,value / 1000,2026-04-14
2000,FY2000,fiscal_year_april_march,JP,primary_supply_oil_products,一次供給：石油製品,1528.9278017005333,PJ,HCV,energy-balance-2000,（簡易表）ｴﾈﾙｷﾞｰ単位表（本表）,J16,TJ,value / 1000,2026-04-14
2000,FY2000,fiscal_year_april_march,JP,primary_supply_natural_gas,一次供給：天然ガス,3058.8782006481033,PJ,HCV,energy-balance-2000,（簡易表）ｴﾈﾙｷﾞｰ単位表（本表）,K16,TJ,value / 1000,2026-04-14
2000,FY2000,fiscal_year_april_march,JP,primary_supply_city_gas,一次供給：都市ガス,0.0,PJ,HCV,energy-balance-2000,（簡易表）ｴﾈﾙｷﾞｰ単位表（本表）,L16,TJ,value / 1000,2026-04-14
2000,FY2000,fiscal_year_april_march,JP,primary_supply_renewables_excl_hydro,一次供給：再生可能エネルギー（水力除く）,273.85985611662426,PJ,HCV,energy-balance-2000,（簡易表）ｴﾈﾙｷﾞｰ単位表（本表）,N16,TJ,value / 1000,2026-04-14
2000,FY2000,fiscal_year_april_march,JP,primary_supply_hydro,一次供給：水力（揚水除く）,745.9031172316517,PJ,HCV,energy-balance-2000,（簡易表）ｴﾈﾙｷﾞｰ単位表（本表）,O16,TJ,value / 1000,2026-04-14
2000,FY2000,fiscal_year_april_march,JP,primary_supply_pumped,一次供給：揚水,-3.2285959198019185e-14,PJ,HCV,energy-balance-2000,（簡易表）ｴﾈﾙｷﾞｰ単位表（本表）,P16,TJ,value / 1000,2026-04-14
2000,FY2000,fiscal_year_april_march,JP,primary_supply_recovered,一次供給：未活用エネルギー,409.62055849219877,PJ,HCV,energy-balance-2000,（簡易表）ｴﾈﾙｷﾞｰ単位表（本表）,Q16,TJ,value / 1000,2026-04-14
2000,FY2000,fiscal_year_april_march,JP,primary_supply_nuclear,一次供給：原子力,2858.0920770538733,PJ,HCV,energy-balance-2000,（簡易表）ｴﾈﾙｷﾞｰ単位表（本表）,R16,TJ,value / 1000,2026-04-14
2000,FY2000,fiscal_year_april_march,JP,final_consumption_total,最終エネルギー消費：合計,15832.029474000314,PJ,HCV,energy-balance-2000,（簡易表）ｴﾈﾙｷﾞｰ単位表（本表）,W37,TJ,value / 1000,2026-04-14
2000,FY2000,fiscal_year_april_march,JP,final_consumption_industry_business,最終消費：企業・事業所他,9929.738025863775,PJ,HCV,energy-balance-2000,（簡易表）ｴﾈﾙｷﾞｰ単位表（本表）,W39,TJ,value / 1000,2026-04-14
2000,FY2000,fiscal_year_april_march,JP,final_consumption_manufacturing,最終消費：製造業,6748.825093869705,PJ,HCV,energy-balance-2000,（簡易表）ｴﾈﾙｷﾞｰ単位表（本表）,W42,TJ,value / 1000,2026-04-14
2000,FY2000,fiscal_year_april_march,JP,final_consumption_commercial,最終消費：業務他,2562.2735261312896,PJ,HCV,energy-balance-2000,（簡易表）ｴﾈﾙｷﾞｰ単位表（本表）,W53,TJ,value / 1000,2026-04-14
2000,FY2000,fiscal_year_april_march,JP,final_consumption_households,最終消費：家庭,2072.4043991567155,PJ,HCV,energy-balance-2000,（簡易表）ｴﾈﾙｷﾞｰ単位表（本表）,W55,TJ,value / 1000,2026-04-14
2000,FY2000,fiscal_year_april_march,JP,final_consumption_transport,最終消費：運輸,3829.8870489798264,PJ,HCV,energy-balance-2000,（簡易表）ｴﾈﾙｷﾞｰ単位表（本表）,W57,TJ,value / 1000,2026-04-14
2000,FY2000,fiscal_year_april_march,JP,final_consumption_electricity,最終消費：電力,3501.643007891028,PJ,HCV,energy-balance-2000,（簡易表）ｴﾈﾙｷﾞｰ単位表（本表）,T37,TJ,value / 1000,2026-04-14
2001,FY2001,fiscal_year_april_march,JP,primary_supply_total,一次エネルギー国内供給,22408.093357045673,PJ,HCV,energy-balance-2001,（簡易表）ｴﾈﾙｷﾞｰ単位表（本表）,W16,TJ,value / 1000,2026-04-14
2001,FY2001,fiscal_year_april_march,JP,domestic_production_total,一次エネルギー国内産出（HCV）,4392.161524186224,PJ,HCV,energy-balance-2001,（簡易表）ｴﾈﾙｷﾞｰ単位表（本表）,W17,TJ,value / 1000,2026-04-14
2001,FY2001,fiscal_year_april_march,JP,primary_supply_coal,一次供給：石炭,4315.68494812673,PJ,HCV,energy-balance-2001,（簡易表）ｴﾈﾙｷﾞｰ単位表（本表）,G16,TJ,value / 1000,2026-04-14
2001,FY2001,fiscal_year_april_march,JP,primary_supply_coal_products,一次供給：石炭製品,-33.857155822680575,PJ,HCV,energy-balance-2001,（簡易表）ｴﾈﾙｷﾞｰ単位表（本表）,H16,TJ,value / 1000,2026-04-14
2001,FY2001,fiscal_year_april_march,JP,primary_supply_crude_oil,一次供給：原油,9243.034736818492,PJ,HCV,energy-balance-2001,（簡易表）ｴﾈﾙｷﾞｰ単位表（本表）,I16,TJ,value / 1000,2026-04-14
2001,FY2001,fiscal_year_april_march,JP,primary_supply_oil_products,一次供給：石油製品,1609.644322235207,PJ,HCV,energy-balance-2001,（簡易表）ｴﾈﾙｷﾞｰ単位表（本表）,J16,TJ,value / 1000,2026-04-14
2001,FY2001,fiscal_year_april_march,JP,primary_supply_natural_gas,一次供給：天然ガス,3072.612225636956,PJ,HCV,energy-balance-2001,（簡易表）ｴﾈﾙｷﾞｰ単位表（本表）,K16,TJ,value / 1000,2026-04-14
2001,FY2001,fiscal_year_april_march,JP,primary_supply_city_gas,一次供給：都市ガス,0.0,PJ,HCV,energy-balance-2001,（簡易表）ｴﾈﾙｷﾞｰ単位表（本表）,L16,TJ,value / 1000,2026-04-14
2001,FY2001,fiscal_year_april_march,JP,primary_supply_renewables_excl_hydro,一次供給：再生可能エネルギー（水力除く）,256.9316067844016,PJ,HCV,energy-balance-2001,（簡易表）ｴﾈﾙｷﾞｰ単位表（本表）,N16,TJ,value / 1000,2026-04-14
2001,FY2001,fiscal_year_april_march,JP,primary_supply_hydro,一次供給：水力（揚水除く）,716.0678774372717,PJ,HCV,energy-balance-2001,（簡易表）ｴﾈﾙｷﾞｰ単位表（本表）,O16,TJ,value / 1000,2026-04-14
2001,FY2001,fiscal_year_april_march,JP,primary_supply_pumped,一次供給：揚水,0.0,PJ,HCV,energy-balance-2001,（簡易表）ｴﾈﾙｷﾞｰ単位表（本表）,P16,TJ,value / 1000,2026-04-14
2001,FY2001,fiscal_year_april_march,JP,primary_supply_recovered,一次供給：未活用エネルギー,405.6524768642802,PJ,HCV,energy-balance-2001,（簡易表）ｴﾈﾙｷﾞｰ単位表（本表）,Q16,TJ,value / 1000,2026-04-14
2001,FY2001,fiscal_year_april_march,JP,primary_supply_nuclear,一次供給：原子力,2822.322318965011,PJ,HCV,energy-balance-2001,（簡易表）ｴﾈﾙｷﾞｰ単位表（本表）,R16,TJ,value / 1000,2026-04-14
2001,FY2001,fiscal_year_april_march,JP,final_consumption_total,最終エネルギー消費：合計,15645.76901017772,PJ,HCV,energy-balance-2001,（簡易表）ｴﾈﾙｷﾞｰ単位表（本表）,W37,TJ,value / 1000,2026-04-14
2001,FY2001,fiscal_year_april_march,JP,final_consumption_industry_business,最終消費：企業・事業所他,9722.31931211792,PJ,HCV,energy-balance-2001,（簡易表）ｴﾈﾙｷﾞｰ単位表（本表）,W39,TJ,value / 1000,2026-04-14
2001,FY2001,fiscal_year_april_march,JP,final_consumption_manufacturing,最終消費：製造業,6539.354874213939,PJ,HCV,energy-balance-2001,（簡易表）ｴﾈﾙｷﾞｰ単位表（本表）,W42,TJ,value / 1000,2026-04-14
2001,FY2001,fiscal_year_april_march,JP,final_consumption_commercial,最終消費：業務他,2568.6569704498497,PJ,HCV,energy-balance-2001,（簡易表）ｴﾈﾙｷﾞｰ単位表（本表）,W53,TJ,value / 1000,2026-04-14
2001,FY2001,fiscal_year_april_march,JP,final_consumption_households,最終消費：家庭,2030.8423250484268,PJ,HCV,energy-balance-2001,（簡易表）ｴﾈﾙｷﾞｰ単位表（本表）,W55,TJ,value / 1000,2026-04-14
2001,FY2001,fiscal_year_april_march,JP,final_consumption_transport,最終消費：運輸,3892.6073730113735,PJ,HCV,energy-balance-2001,（簡易表）ｴﾈﾙｷﾞｰ単位表（本表）,W57,TJ,value / 1000,2026-04-14
2001,FY2001,fiscal_year_april_march,JP,final_consumption_electricity,最終消費：電力,3442.7694648780534,PJ,HCV,energy-balance-2001,（簡易表）ｴﾈﾙｷﾞｰ単位表（本表）,T37,TJ,value / 1000,2026-04-14
2002,FY2002,fiscal_year_april_march,JP,primary_supply_total,一次エネルギー国内供給,22575.664323594436,PJ,HCV,energy-balance-2002,（簡易表）ｴﾈﾙｷﾞｰ単位表（本表）,W16,TJ,value / 1000,2026-04-14
2002,FY2002,fiscal_year_april_march,JP,domestic_production_total,一次エネルギー国内産出（HCV）,4183.22995765178,PJ,HCV,energy-balance-2002,（簡易表）ｴﾈﾙｷﾞｰ単位表（本表）,W17,TJ,value / 1000,2026-04-14
2002,FY2002,fiscal_year_april_march,JP,primary_supply_coal,一次供給：石炭,4460.907982297152,PJ,HCV,energy-balance-2002,（簡易表）ｴﾈﾙｷﾞｰ単位表（本表）,G16,TJ,value / 1000,2026-04-14
2002,FY2002,fiscal_year_april_march,JP,primary_supply_coal_products,一次供給：石炭製品,-3.2154977445471493,PJ,HCV,energy-balance-2002,（簡易表）ｴﾈﾙｷﾞｰ単位表（本表）,H16,TJ,value / 1000,2026-04-14
2002,FY2002,fiscal_year_april_march,JP,primary_supply_crude_oil,一次供給：原油,9271.008866411952,PJ,HCV,energy-balance-2002,（簡易表）ｴﾈﾙｷﾞｰ単位表（本表）,I16,TJ,value / 1000,2026-04-14
2002,FY2002,fiscal_year_april_march,JP,primary_supply_oil_products,一次供給：石油製品,1716.8057514722016,PJ,HCV,energy-balance-2002,（簡易表）ｴﾈﾙｷﾞｰ単位表（本表）,J16,TJ,value / 1000,2026-04-14
2002,FY2002,fiscal_year_april_march,JP,primary_supply_natural_gas,一次供給：天然ガス,3115.5560434292347,PJ,HCV,energy-balance-2002,（簡易表）ｴﾈﾙｷﾞｰ単位表（本表）,K16,TJ,value / 1000,2026-04-14
2002,FY2002,fiscal_year_april_march,JP,primary_supply_city_gas,一次供給：都市ガス,0.0,PJ,HCV,energy-balance-2002,（簡易表）ｴﾈﾙｷﾞｰ単位表（本表）,L16,TJ,value / 1000,2026-04-14
2002,FY2002,fiscal_year_april_march,JP,primary_supply_renewables_excl_hydro,一次供給：再生可能エネルギー（水力除く）,294.02584392371784,PJ,HCV,energy-balance-2002,（簡易表）ｴﾈﾙｷﾞｰ単位表（本表）,N16,TJ,value / 1000,2026-04-14
2002,FY2002,fiscal_year_april_march,JP,primary_supply_hydro,一次供給：水力（揚水除く）,705.996890627174,PJ,HCV,energy-balance-2002,（簡易表）ｴﾈﾙｷﾞｰ単位表（本表）,O16,TJ,value / 1000,2026-04-14
2002,FY2002,fiscal_year_april_march,JP,primary_supply_pumped,一次供給：揚水,0.0,PJ,HCV,energy-balance-2002,（簡易表）ｴﾈﾙｷﾞｰ単位表（本表）,P16,TJ,value / 1000,2026-04-14
2002,FY2002,fiscal_year_april_march,JP,primary_supply_recovered,一次供給：未活用エネルギー,438.4304322303308,PJ,HCV,energy-balance-2002,（簡易表）ｴﾈﾙｷﾞｰ単位表（本表）,Q16,TJ,value / 1000,2026-04-14
2002,FY2002,fiscal_year_april_march,JP,primary_supply_nuclear,一次供給：原子力,2576.1480109472186,PJ,HCV,energy-balance-2002,（簡易表）ｴﾈﾙｷﾞｰ単位表（本表）,R16,TJ,value / 1000,2026-04-14
2002,FY2002,fiscal_year_april_march,JP,final_consumption_total,最終エネルギー消費：合計,15838.017045852717,PJ,HCV,energy-balance-2002,（簡易表）ｴﾈﾙｷﾞｰ単位表（本表）,W37,TJ,value / 1000,2026-04-14
2002,FY2002,fiscal_year_april_march,JP,final_consumption_industry_business,最終消費：企業・事業所他,9905.7951250772,PJ,HCV,energy-balance-2002,（簡易表）ｴﾈﾙｷﾞｰ単位表（本表）,W39,TJ,value / 1000,2026-04-14
2002,FY2002,fiscal_year_april_march,JP,final_consumption_manufacturing,最終消費：製造業,6696.886684425224,PJ,HCV,energy-balance-2002,（簡易表）ｴﾈﾙｷﾞｰ単位表（本表）,W42,TJ,value / 1000,2026-04-14
2002,FY2002,fiscal_year_april_march,JP,final_consumption_commercial,最終消費：業務他,2622.441241327115,PJ,HCV,energy-balance-2002,（簡易表）ｴﾈﾙｷﾞｰ単位表（本表）,W53,TJ,value / 1000,2026-04-14
2002,FY2002,fiscal_year_april_march,JP,final_consumption_households,最終消費：家庭,2091.1857273123296,PJ,HCV,energy-balance-2002,（簡易表）ｴﾈﾙｷﾞｰ単位表（本表）,W55,TJ,value / 1000,2026-04-14
2002,FY2002,fiscal_year_april_march,JP,final_consumption_transport,最終消費：運輸,3841.036193463189,PJ,HCV,energy-balance-2002,（簡易表）ｴﾈﾙｷﾞｰ単位表（本表）,W57,TJ,value / 1000,2026-04-14
2002,FY2002,fiscal_year_april_march,JP,final_consumption_electricity,最終消費：電力,3505.620348710337,PJ,HCV,energy-balance-2002,（簡易表）ｴﾈﾙｷﾞｰ単位表（本表）,T37,TJ,value / 1000,2026-04-14
2003,FY2003,fiscal_year_april_march,JP,primary_supply_total,一次エネルギー国内供給,22485.289434250182,PJ,HCV,energy-balance-2003,（簡易表）ｴﾈﾙｷﾞｰ単位表（本表）,W16,TJ,value / 1000,2026-04-14
2003,FY2003,fiscal_year_april_march,JP,domestic_production_total,一次エネルギー国内産出（HCV）,3844.566836810341,PJ,HCV,energy-balance-2003,（簡易表）ｴﾈﾙｷﾞｰ単位表（本表）,W17,TJ,value / 1000,2026-04-14
2003,FY2003,fiscal_year_april_march,JP,primary_supply_coal,一次供給：石炭,4598.851173751624,PJ,HCV,energy-balance-2003,（簡易表）ｴﾈﾙｷﾞｰ単位表（本表）,G16,TJ,value / 1000,2026-04-14
2003,FY2003,fiscal_year_april_march,JP,primary_supply_coal_products,一次供給：石炭製品,-6.824945166228714,PJ,HCV,energy-balance-2003,（簡易表）ｴﾈﾙｷﾞｰ単位表（本表）,H16,TJ,value / 1000,2026-04-14
2003,FY2003,fiscal_year_april_march,JP,primary_supply_crude_oil,一次供給：原油,9352.695878940054,PJ,HCV,energy-balance-2003,（簡易表）ｴﾈﾙｷﾞｰ単位表（本表）,I16,TJ,value / 1000,2026-04-14
2003,FY2003,fiscal_year_april_march,JP,primary_supply_oil_products,一次供給：石油製品,1560.532000841241,PJ,HCV,energy-balance-2003,（簡易表）ｴﾈﾙｷﾞｰ単位表（本表）,J16,TJ,value / 1000,2026-04-14
2003,FY2003,fiscal_year_april_march,JP,primary_supply_natural_gas,一次供給：天然ガス,3311.6273444925496,PJ,HCV,energy-balance-2003,（簡易表）ｴﾈﾙｷﾞｰ単位表（本表）,K16,TJ,value / 1000,2026-04-14
2003,FY2003,fiscal_year_april_march,JP,primary_supply_city_gas,一次供給：都市ガス,0.0,PJ,HCV,energy-balance-2003,（簡易表）ｴﾈﾙｷﾞｰ単位表（本表）,L16,TJ,value / 1000,2026-04-14
2003,FY2003,fiscal_year_april_march,JP,primary_supply_renewables_excl_hydro,一次供給：再生可能エネルギー（水力除く）,307.7342187202363,PJ,HCV,energy-balance-2003,（簡易表）ｴﾈﾙｷﾞｰ単位表（本表）,N16,TJ,value / 1000,2026-04-14
2003,FY2003,fiscal_year_april_march,JP,primary_supply_hydro,一次供給：水力（揚水除く）,826.0058020615035,PJ,HCV,energy-balance-2003,（簡易表）ｴﾈﾙｷﾞｰ単位表（本表）,O16,TJ,value / 1000,2026-04-14
2003,FY2003,fiscal_year_april_march,JP,primary_supply_pumped,一次供給：揚水,2.3790215918849813e-14,PJ,HCV,energy-balance-2003,（簡易表）ｴﾈﾙｷﾞｰ単位表（本表）,P16,TJ,value / 1000,2026-04-14
2003,FY2003,fiscal_year_april_march,JP,primary_supply_recovered,一次供給：未活用エネルギー,441.94222862089566,PJ,HCV,energy-balance-2003,（簡易表）ｴﾈﾙｷﾞｰ単位表（本表）,Q16,TJ,value / 1000,2026-04-14
2003,FY2003,fiscal_year_april_march,JP,primary_supply_nuclear,一次供給：原子力,2092.7257319883092,PJ,HCV,energy-balance-2003,（簡易表）ｴﾈﾙｷﾞｰ単位表（本表）,R16,TJ,value / 1000,2026-04-14
2003,FY2003,fiscal_year_april_march,JP,final_consumption_total,最終エネルギー消費：合計,15709.224765820874,PJ,HCV,energy-balance-2003,（簡易表）ｴﾈﾙｷﾞｰ単位表（本表）,W37,TJ,value / 1000,2026-04-14
2003,FY2003,fiscal_year_april_march,JP,final_consumption_industry_business,最終消費：企業・事業所他,9893.092791025769,PJ,HCV,energy-balance-2003,（簡易表）ｴﾈﾙｷﾞｰ単位表（本表）,W39,TJ,value / 1000,2026-04-14
2003,FY2003,fiscal_year_april_march,JP,final_consumption_manufacturing,最終消費：製造業,6713.447196207592,PJ,HCV,energy-balance-2003,（簡易表）ｴﾈﾙｷﾞｰ単位表（本表）,W42,TJ,value / 1000,2026-04-14
2003,FY2003,fiscal_year_april_march,JP,final_consumption_commercial,最終消費：業務他,2608.1999851021346,PJ,HCV,energy-balance-2003,（簡易表）ｴﾈﾙｷﾞｰ単位表（本表）,W53,TJ,value / 1000,2026-04-14
2003,FY2003,fiscal_year_april_march,JP,final_consumption_households,最終消費：家庭,2033.5347296052119,PJ,HCV,energy-balance-2003,（簡易表）ｴﾈﾙｷﾞｰ単位表（本表）,W55,TJ,value / 1000,2026-04-14
2003,FY2003,fiscal_year_april_march,JP,final_consumption_transport,最終消費：運輸,3782.597245189895,PJ,HCV,energy-balance-2003,（簡易表）ｴﾈﾙｷﾞｰ単位表（本表）,W57,TJ,value / 1000,2026-04-14
2003,FY2003,fiscal_year_april_march,JP,final_consumption_electricity,最終消費：電力,3483.330012481142,PJ,HCV,energy-balance-2003,（簡易表）ｴﾈﾙｷﾞｰ単位表（本表）,T37,TJ,value / 1000,2026-04-14
2004,FY2004,fiscal_year_april_march,JP,primary_supply_total,一次エネルギー国内供給,23092.972844682303,PJ,HCV,energy-balance-2004,（簡易表）ｴﾈﾙｷﾞｰ単位表（本表）,W16,TJ,value / 1000,2026-04-14
2004,FY2004,fiscal_year_april_march,JP,domestic_production_total,一次エネルギー国内産出（HCV）,4228.857654155834,PJ,HCV,energy-balance-2004,（簡易表）ｴﾈﾙｷﾞｰ単位表（本表）,W17,TJ,value / 1000,2026-04-14
2004,FY2004,fiscal_year_april_march,JP,primary_supply_coal,一次供給：石炭,4987.853418752817,PJ,HCV,energy-balance-2004,（簡易表）ｴﾈﾙｷﾞｰ単位表（本表）,G16,TJ,value / 1000,2026-04-14
2004,FY2004,fiscal_year_april_march,JP,primary_supply_coal_products,一次供給：石炭製品,32.28767272503822,PJ,HCV,energy-balance-2004,（簡易表）ｴﾈﾙｷﾞｰ単位表（本表）,H16,TJ,value / 1000,2026-04-14
2004,FY2004,fiscal_year_april_march,JP,primary_supply_crude_oil,一次供給：原油,9196.371478742067,PJ,HCV,energy-balance-2004,（簡易表）ｴﾈﾙｷﾞｰ単位表（本表）,I16,TJ,value / 1000,2026-04-14
2004,FY2004,fiscal_year_april_march,JP,primary_supply_oil_products,一次供給：石油製品,1539.1983739514378,PJ,HCV,energy-balance-2004,（簡易表）ｴﾈﾙｷﾞｰ単位表（本表）,J16,TJ,value / 1000,2026-04-14
2004,FY2004,fiscal_year_april_march,JP,primary_supply_natural_gas,一次供給：天然ガス,3287.645990369779,PJ,HCV,energy-balance-2004,（簡易表）ｴﾈﾙｷﾞｰ単位表（本表）,K16,TJ,value / 1000,2026-04-14
2004,FY2004,fiscal_year_april_march,JP,primary_supply_city_gas,一次供給：都市ガス,0.0,PJ,HCV,energy-balance-2004,（簡易表）ｴﾈﾙｷﾞｰ単位表（本表）,L16,TJ,value / 1000,2026-04-14
2004,FY2004,fiscal_year_april_march,JP,primary_supply_renewables_excl_hydro,一次供給：再生可能エネルギー（水力除く）,330.30047783362926,PJ,HCV,energy-balance-2004,（簡易表）ｴﾈﾙｷﾞｰ単位表（本表）,N16,TJ,value / 1000,2026-04-14
2004,FY2004,fiscal_year_april_march,JP,primary_supply_hydro,一次供給：水力（揚水除く）,816.6848898242214,PJ,HCV,energy-balance-2004,（簡易表）ｴﾈﾙｷﾞｰ単位表（本表）,O16,TJ,value / 1000,2026-04-14
2004,FY2004,fiscal_year_april_march,JP,primary_supply_pumped,一次供給：揚水,3.776547918173242e-14,PJ,HCV,energy-balance-2004,（簡易表）ｴﾈﾙｷﾞｰ単位表（本表）,P16,TJ,value / 1000,2026-04-14
2004,FY2004,fiscal_year_april_march,JP,primary_supply_recovered,一次供給：未活用エネルギー,433.57578179965844,PJ,HCV,energy-balance-2004,（簡易表）ｴﾈﾙｷﾞｰ単位表（本表）,Q16,TJ,value / 1000,2026-04-14
2004,FY2004,fiscal_year_april_march,JP,primary_supply_nuclear,一次供給：原子力,2469.0547606836526,PJ,HCV,energy-balance-2004,（簡易表）ｴﾈﾙｷﾞｰ単位表（本表）,R16,TJ,value / 1000,2026-04-14
2004,FY2004,fiscal_year_april_march,JP,final_consumption_total,最終エネルギー消費：合計,15867.265016274187,PJ,HCV,energy-balance-2004,（簡易表）ｴﾈﾙｷﾞｰ単位表（本表）,W37,TJ,value / 1000,2026-04-14
2004,FY2004,fiscal_year_april_march,JP,final_consumption_industry_business,最終消費：企業・事業所他,10097.066478105176,PJ,HCV,energy-balance-2004,（簡易表）ｴﾈﾙｷﾞｰ単位表（本表）,W39,TJ,value / 1000,2026-04-14
2004,FY2004,fiscal_year_april_march,JP,final_consumption_manufacturing,最終消費：製造業,6788.1560734334535,PJ,HCV,energy-balance-2004,（簡易表）ｴﾈﾙｷﾞｰ単位表（本表）,W42,TJ,value / 1000,2026-04-14
2004,FY2004,fiscal_year_april_march,JP,final_consumption_commercial,最終消費：業務他,2743.205094293756,PJ,HCV,energy-balance-2004,（簡易表）ｴﾈﾙｷﾞｰ単位表（本表）,W53,TJ,value / 1000,2026-04-14
2004,FY2004,fiscal_year_april_march,JP,final_consumption_households,最終消費：家庭,2074.4746183292914,PJ,HCV,energy-balance-2004,（簡易表）ｴﾈﾙｷﾞｰ単位表（本表）,W55,TJ,value / 1000,2026-04-14
2004,FY2004,fiscal_year_april_march,JP,final_consumption_transport,最終消費：運輸,3695.7239198397165,PJ,HCV,energy-balance-2004,（簡易表）ｴﾈﾙｷﾞｰ単位表（本表）,W57,TJ,value / 1000,2026-04-14
2004,FY2004,fiscal_year_april_march,JP,final_consumption_electricity,最終消費：電力,3603.860349891254,PJ,HCV,energy-balance-2004,（簡易表）ｴﾈﾙｷﾞｰ単位表（本表）,T37,TJ,value / 1000,2026-04-14
2005,FY2005,fiscal_year_april_march,JP,primary_supply_total,一次エネルギー国内供給,22905.01130601707,PJ,HCV,energy-balance-2005,（簡易表）ｴﾈﾙｷﾞｰ単位表（本表）,W16,TJ,value / 1000,2026-04-14
2005,FY2005,fiscal_year_april_march,JP,domestic_production_total,一次エネルギー国内産出（HCV）,4331.032636080711,PJ,HCV,energy-balance-2005,（簡易表）ｴﾈﾙｷﾞｰ単位表（本表）,W17,TJ,value / 1000,2026-04-14
2005,FY2005,fiscal_year_april_march,JP,primary_supply_coal,一次供給：石炭,4765.770815408684,PJ,HCV,energy-balance-2005,（簡易表）ｴﾈﾙｷﾞｰ単位表（本表）,G16,TJ,value / 1000,2026-04-14
2005,FY2005,fiscal_year_april_march,JP,primary_supply_coal_products,一次供給：石炭製品,15.80541039740219,PJ,HCV,energy-balance-2005,（簡易表）ｴﾈﾙｷﾞｰ単位表（本表）,H16,TJ,value / 1000,2026-04-14
2005,FY2005,fiscal_year_april_march,JP,primary_supply_crude_oil,一次供給：原油,9517.554392615715,PJ,HCV,energy-balance-2005,（簡易表）ｴﾈﾙｷﾞｰ単位表（本表）,I16,TJ,value / 1000,2026-04-14
2005,FY2005,fiscal_year_april_march,JP,primary_supply_oil_products,一次供給：石油製品,1173.8343478333634,PJ,HCV,energy-balance-2005,（簡易表）ｴﾈﾙｷﾞｰ単位表（本表）,J16,TJ,value / 1000,2026-04-14
2005,FY2005,fiscal_year_april_march,JP,primary_supply_natural_gas,一次供給：天然ガス,3291.3764106754106,PJ,HCV,energy-balance-2005,（簡易表）ｴﾈﾙｷﾞｰ単位表（本表）,K16,TJ,value / 1000,2026-04-14
2005,FY2005,fiscal_year_april_march,JP,primary_supply_city_gas,一次供給：都市ガス,0.0,PJ,HCV,energy-balance-2005,（簡易表）ｴﾈﾙｷﾞｰ単位表（本表）,L16,TJ,value / 1000,2026-04-14
2005,FY2005,fiscal_year_april_march,JP,primary_supply_renewables_excl_hydro,一次供給：再生可能エネルギー（水力除く）,380.84997076484166,PJ,HCV,energy-balance-2005,（簡易表）ｴﾈﾙｷﾞｰ単位表（本表）,N16,TJ,value / 1000,2026-04-14
2005,FY2005,fiscal_year_april_march,JP,primary_supply_hydro,一次供給：水力（揚水除く）,671.4871450433109,PJ,HCV,energy-balance-2005,（簡易表）ｴﾈﾙｷﾞｰ単位表（本表）,O16,TJ,value / 1000,2026-04-14
2005,FY2005,fiscal_year_april_march,JP,primary_supply_pumped,一次供給：揚水,0.0,PJ,HCV,energy-balance-2005,（簡易表）ｴﾈﾙｷﾞｰ単位表（本表）,P16,TJ,value / 1000,2026-04-14
2005,FY2005,fiscal_year_april_march,JP,primary_supply_recovered,一次供給：未活用エネルギー,428.0906234576649,PJ,HCV,energy-balance-2005,（簡易表）ｴﾈﾙｷﾞｰ単位表（本表）,Q16,TJ,value / 1000,2026-04-14
2005,FY2005,fiscal_year_april_march,JP,primary_supply_nuclear,一次供給：原子力,2660.242189820676,PJ,HCV,energy-balance-2005,（簡易表）ｴﾈﾙｷﾞｰ単位表（本表）,R16,TJ,value / 1000,2026-04-14
2005,FY2005,fiscal_year_april_march,JP,final_consumption_total,最終エネルギー消費：合計,15876.470666923651,PJ,HCV,energy-balance-2005,（簡易表）ｴﾈﾙｷﾞｰ単位表（本表）,W37,TJ,value / 1000,2026-04-14
2005,FY2005,fiscal_year_april_march,JP,final_consumption_industry_business,最終消費：企業・事業所他,10138.575597727002,PJ,HCV,energy-balance-2005,（簡易表）ｴﾈﾙｷﾞｰ単位表（本表）,W39,TJ,value / 1000,2026-04-14
2005,FY2005,fiscal_year_april_march,JP,final_consumption_manufacturing,最終消費：製造業,6789.9032738693595,PJ,HCV,energy-balance-2005,（簡易表）ｴﾈﾙｷﾞｰ単位表（本表）,W42,TJ,value / 1000,2026-04-14
2005,FY2005,fiscal_year_april_march,JP,final_consumption_commercial,最終消費：業務他,2819.7486231453418,PJ,HCV,energy-balance-2005,（簡易表）ｴﾈﾙｷﾞｰ単位表（本表）,W53,TJ,value / 1000,2026-04-14
2005,FY2005,fiscal_year_april_march,JP,final_consumption_households,最終消費：家庭,2122.8989207526884,PJ,HCV,energy-balance-2005,（簡易表）ｴﾈﾙｷﾞｰ単位表（本表）,W55,TJ,value / 1000,2026-04-14
2005,FY2005,fiscal_year_april_march,JP,final_consumption_transport,最終消費：運輸,3614.996148443961,PJ,HCV,energy-balance-2005,（簡易表）ｴﾈﾙｷﾞｰ単位表（本表）,W57,TJ,value / 1000,2026-04-14
2005,FY2005,fiscal_year_april_march,JP,final_consumption_electricity,最終消費：電力,3689.4528751217117,PJ,HCV,energy-balance-2005,（簡易表）ｴﾈﾙｷﾞｰ単位表（本表）,T37,TJ,value / 1000,2026-04-14
2006,FY2006,fiscal_year_april_march,JP,primary_supply_total,一次エネルギー国内供給,22870.680272855527,PJ,HCV,energy-balance-2006,（簡易表）ｴﾈﾙｷﾞｰ単位表（本表）,W16,TJ,value / 1000,2026-04-14
2006,FY2006,fiscal_year_april_march,JP,domestic_production_total,一次エネルギー国内産出（HCV）,4456.217300179514,PJ,HCV,energy-balance-2006,（簡易表）ｴﾈﾙｷﾞｰ単位表（本表）,W17,TJ,value / 1000,2026-04-14
2006,FY2006,fiscal_year_april_march,JP,primary_supply_coal,一次供給：石炭,4827.549674061921,PJ,HCV,energy-balance-2006,（簡易表）ｴﾈﾙｷﾞｰ単位表（本表）,G16,TJ,value / 1000,2026-04-14
2006,FY2006,fiscal_year_april_march,JP,primary_supply_coal_products,一次供給：石炭製品,16.900636996800824,PJ,HCV,energy-balance-2006,（簡易表）ｴﾈﾙｷﾞｰ単位表（本表）,H16,TJ,value / 1000,2026-04-14
2006,FY2006,fiscal_year_april_march,JP,primary_supply_crude_oil,一次供給：原油,9082.975577810745,PJ,HCV,energy-balance-2006,（簡易表）ｴﾈﾙｷﾞｰ単位表（本表）,I16,TJ,value / 1000,2026-04-14
2006,FY2006,fiscal_year_april_march,JP,primary_supply_oil_products,一次供給：石油製品,1096.899267326723,PJ,HCV,energy-balance-2006,（簡易表）ｴﾈﾙｷﾞｰ単位表（本表）,J16,TJ,value / 1000,2026-04-14
2006,FY2006,fiscal_year_april_march,JP,primary_supply_natural_gas,一次供給：天然ガス,3596.297529556359,PJ,HCV,energy-balance-2006,（簡易表）ｴﾈﾙｷﾞｰ単位表（本表）,K16,TJ,value / 1000,2026-04-14
2006,FY2006,fiscal_year_april_march,JP,primary_supply_city_gas,一次供給：都市ガス,0.09684499999999999,PJ,HCV,energy-balance-2006,（簡易表）ｴﾈﾙｷﾞｰ単位表（本表）,L16,TJ,value / 1000,2026-04-14
2006,FY2006,fiscal_year_april_march,JP,primary_supply_renewables_excl_hydro,一次供給：再生可能エネルギー（水力除く）,393.40396889450454,PJ,HCV,energy-balance-2006,（簡易表）ｴﾈﾙｷﾞｰ単位表（本表）,N16,TJ,value / 1000,2026-04-14
2006,FY2006,fiscal_year_april_march,JP,primary_supply_hydro,一次供給：水力（揚水除く）,772.0223077024659,PJ,HCV,energy-balance-2006,（簡易表）ｴﾈﾙｷﾞｰ単位表（本表）,O16,TJ,value / 1000,2026-04-14
2006,FY2006,fiscal_year_april_march,JP,primary_supply_pumped,一次供給：揚水,0.0,PJ,HCV,energy-balance-2006,（簡易表）ｴﾈﾙｷﾞｰ単位表（本表）,P16,TJ,value / 1000,2026-04-14
2006,FY2006,fiscal_year_april_march,JP,primary_supply_recovered,一次供給：未活用エネルギー,439.64152017234,PJ,HCV,energy-balance-2006,（簡易表）ｴﾈﾙｷﾞｰ単位表（本表）,Q16,TJ,value / 1000,2026-04-14
2006,FY2006,fiscal_year_april_march,JP,primary_supply_nuclear,一次供給：原子力,2644.8929453336705,PJ,HCV,energy-balance-2006,（簡易表）ｴﾈﾙｷﾞｰ単位表（本表）,R16,TJ,value / 1000,2026-04-14
2006,FY2006,fiscal_year_april_march,JP,final_consumption_total,最終エネルギー消費：合計,15782.291986731649,PJ,HCV,energy-balance-2006,（簡易表）ｴﾈﾙｷﾞｰ単位表（本表）,W37,TJ,value / 1000,2026-04-14
2006,FY2006,fiscal_year_april_march,JP,final_consumption_industry_business,最終消費：企業・事業所他,10162.79184986872,PJ,HCV,energy-balance-2006,（簡易表）ｴﾈﾙｷﾞｰ単位表（本表）,W39,TJ,value / 1000,2026-04-14
2006,FY2006,fiscal_year_april_march,JP,final_consumption_manufacturing,最終消費：製造業,6816.048771104072,PJ,HCV,energy-balance-2006,（簡易表）ｴﾈﾙｷﾞｰ単位表（本表）,W42,TJ,value / 1000,2026-04-14
2006,FY2006,fiscal_year_april_march,JP,final_consumption_commercial,最終消費：業務他,2839.229567806492,PJ,HCV,energy-balance-2006,（簡易表）ｴﾈﾙｷﾞｰ単位表（本表）,W53,TJ,value / 1000,2026-04-14
2006,FY2006,fiscal_year_april_march,JP,final_consumption_households,最終消費：家庭,2045.3904173641565,PJ,HCV,energy-balance-2006,（簡易表）ｴﾈﾙｷﾞｰ単位表（本表）,W55,TJ,value / 1000,2026-04-14
2006,FY2006,fiscal_year_april_march,JP,final_consumption_transport,最終消費：運輸,3574.109719498773,PJ,HCV,energy-balance-2006,（簡易表）ｴﾈﾙｷﾞｰ単位表（本表）,W57,TJ,value / 1000,2026-04-14
2006,FY2006,fiscal_year_april_march,JP,final_consumption_electricity,最終消費：電力,3704.8532930359106,PJ,HCV,energy-balance-2006,（簡易表）ｴﾈﾙｷﾞｰ単位表（本表）,T37,TJ,value / 1000,2026-04-14
2007,FY2007,fiscal_year_april_march,JP,primary_supply_total,一次エネルギー国内供給,22968.067862286873,PJ,HCV,energy-balance-2007,（簡易表）ｴﾈﾙｷﾞｰ単位表（本表）,W16,TJ,value / 1000,2026-04-14
2007,FY2007,fiscal_year_april_march,JP,domestic_production_total,一次エネルギー国内産出（HCV）,4042.4184481323528,PJ,HCV,energy-balance-2007,（簡易表）ｴﾈﾙｷﾞｰ単位表（本表）,W17,TJ,value / 1000,2026-04-14
2007,FY2007,fiscal_year_april_march,JP,primary_supply_coal,一次供給：石炭,5029.6207290344055,PJ,HCV,energy-balance-2007,（簡易表）ｴﾈﾙｷﾞｰ単位表（本表）,G16,TJ,value / 1000,2026-04-14
2007,FY2007,fiscal_year_april_march,JP,primary_supply_coal_products,一次供給：石炭製品,26.738694063100898,PJ,HCV,energy-balance-2007,（簡易表）ｴﾈﾙｷﾞｰ単位表（本表）,H16,TJ,value / 1000,2026-04-14
2007,FY2007,fiscal_year_april_march,JP,primary_supply_crude_oil,一次供給：原油,9374.143862357208,PJ,HCV,energy-balance-2007,（簡易表）ｴﾈﾙｷﾞｰ単位表（本表）,I16,TJ,value / 1000,2026-04-14
2007,FY2007,fiscal_year_april_march,JP,primary_supply_oil_products,一次供給：石油製品,840.67743080272,PJ,HCV,energy-balance-2007,（簡易表）ｴﾈﾙｷﾞｰ単位表（本表）,J16,TJ,value / 1000,2026-04-14
2007,FY2007,fiscal_year_april_march,JP,primary_supply_natural_gas,一次供給：天然ガス,3888.9676436785476,PJ,HCV,energy-balance-2007,（簡易表）ｴﾈﾙｷﾞｰ単位表（本表）,K16,TJ,value / 1000,2026-04-14
2007,FY2007,fiscal_year_april_march,JP,primary_supply_city_gas,一次供給：都市ガス,-9.038808000000001,PJ,HCV,energy-balance-2007,（簡易表）ｴﾈﾙｷﾞｰ単位表（本表）,L16,TJ,value / 1000,2026-04-14
2007,FY2007,fiscal_year_april_march,JP,primary_supply_renewables_excl_hydro,一次供給：再生可能エネルギー（水力除く）,426.94163030054085,PJ,HCV,energy-balance-2007,（簡易表）ｴﾈﾙｷﾞｰ単位表（本表）,N16,TJ,value / 1000,2026-04-14
2007,FY2007,fiscal_year_april_march,JP,primary_supply_hydro,一次供給：水力（揚水除く）,644.9427990488729,PJ,HCV,energy-balance-2007,（簡易表）ｴﾈﾙｷﾞｰ単位表（本表）,O16,TJ,value / 1000,2026-04-14
2007,FY2007,fiscal_year_april_march,JP,primary_supply_pumped,一次供給：揚水,0.0,PJ,HCV,energy-balance-2007,（簡易表）ｴﾈﾙｷﾞｰ単位表（本表）,P16,TJ,value / 1000,2026-04-14
2007,FY2007,fiscal_year_april_march,JP,primary_supply_recovered,一次供給：未活用エネルギー,440.13641107960495,PJ,HCV,energy-balance-2007,（簡易表）ｴﾈﾙｷﾞｰ単位表（本表）,Q16,TJ,value / 1000,2026-04-14
2007,FY2007,fiscal_year_april_march,JP,primary_supply_nuclear,一次供給：原子力,2304.937469921874,PJ,HCV,energy-balance-2007,（簡易表）ｴﾈﾙｷﾞｰ単位表（本表）,R16,TJ,value / 1000,2026-04-14
2007,FY2007,fiscal_year_april_march,JP,final_consumption_total,最終エネルギー消費：合計,15673.979217373939,PJ,HCV,energy-balance-2007,（簡易表）ｴﾈﾙｷﾞｰ単位表（本表）,W37,TJ,value / 1000,2026-04-14
2007,FY2007,fiscal_year_april_march,JP,final_consumption_industry_business,最終消費：企業・事業所他,10072.079511036194,PJ,HCV,energy-balance-2007,（簡易表）ｴﾈﾙｷﾞｰ単位表（本表）,W39,TJ,value / 1000,2026-04-14
2007,FY2007,fiscal_year_april_march,JP,final_consumption_manufacturing,最終消費：製造業,6804.170533842756,PJ,HCV,energy-balance-2007,（簡易表）ｴﾈﾙｷﾞｰ単位表（本表）,W42,TJ,value / 1000,2026-04-14
2007,FY2007,fiscal_year_april_march,JP,final_consumption_commercial,最終消費：業務他,2770.5254162441115,PJ,HCV,energy-balance-2007,（簡易表）ｴﾈﾙｷﾞｰ単位表（本表）,W53,TJ,value / 1000,2026-04-14
2007,FY2007,fiscal_year_april_march,JP,final_consumption_households,最終消費：家庭,2067.443775994898,PJ,HCV,energy-balance-2007,（簡易表）ｴﾈﾙｷﾞｰ単位表（本表）,W55,TJ,value / 1000,2026-04-14
2007,FY2007,fiscal_year_april_march,JP,final_consumption_transport,最終消費：運輸,3534.4559303428446,PJ,HCV,energy-balance-2007,（簡易表）ｴﾈﾙｷﾞｰ単位表（本表）,W57,TJ,value / 1000,2026-04-14
2007,FY2007,fiscal_year_april_march,JP,final_consumption_electricity,最終消費：電力,3820.7420875036755,PJ,HCV,energy-balance-2007,（簡易表）ｴﾈﾙｷﾞｰ単位表（本表）,T37,TJ,value / 1000,2026-04-14
2008,FY2008,fiscal_year_april_march,JP,primary_supply_total,一次エネルギー国内供給,21897.007129792244,PJ,HCV,energy-balance-2008,（簡易表）ｴﾈﾙｷﾞｰ単位表（本表）,W16,TJ,value / 1000,2026-04-14
2008,FY2008,fiscal_year_april_march,JP,domestic_production_total,一次エネルギー国内産出（HCV）,3967.692894099716,PJ,HCV,energy-balance-2008,（簡易表）ｴﾈﾙｷﾞｰ単位表（本表）,W17,TJ,value / 1000,2026-04-14
2008,FY2008,fiscal_year_april_march,JP,primary_supply_coal,一次供給：石炭,4951.73523318323,PJ,HCV,energy-balance-2008,（簡易表）ｴﾈﾙｷﾞｰ単位表（本表）,G16,TJ,value / 1000,2026-04-14
2008,FY2008,fiscal_year_april_march,JP,primary_supply_coal_products,一次供給：石炭製品,-12.039410289307632,PJ,HCV,energy-balance-2008,（簡易表）ｴﾈﾙｷﾞｰ単位表（本表）,H16,TJ,value / 1000,2026-04-14
2008,FY2008,fiscal_year_april_march,JP,primary_supply_crude_oil,一次供給：原油,8849.103243032283,PJ,HCV,energy-balance-2008,（簡易表）ｴﾈﾙｷﾞｰ単位表（本表）,I16,TJ,value / 1000,2026-04-14
2008,FY2008,fiscal_year_april_march,JP,primary_supply_oil_products,一次供給：石油製品,486.6894747145418,PJ,HCV,energy-balance-2008,（簡易表）ｴﾈﾙｷﾞｰ単位表（本表）,J16,TJ,value / 1000,2026-04-14
2008,FY2008,fiscal_year_april_march,JP,primary_supply_natural_gas,一次供給：天然ガス,3877.212531035264,PJ,HCV,energy-balance-2008,（簡易表）ｴﾈﾙｷﾞｰ単位表（本表）,K16,TJ,value / 1000,2026-04-14
2008,FY2008,fiscal_year_april_march,JP,primary_supply_city_gas,一次供給：都市ガス,-1.094406,PJ,HCV,energy-balance-2008,（簡易表）ｴﾈﾙｷﾞｰ単位表（本表）,L16,TJ,value / 1000,2026-04-14
2008,FY2008,fiscal_year_april_march,JP,primary_supply_renewables_excl_hydro,一次供給：再生可能エネルギー（水力除く）,403.5279299041682,PJ,HCV,energy-balance-2008,（簡易表）ｴﾈﾙｷﾞｰ単位表（本表）,N16,TJ,value / 1000,2026-04-14
2008,FY2008,fiscal_year_april_march,JP,primary_supply_hydro,一次供給：水力（揚水除く）,668.4589732927919,PJ,HCV,energy-balance-2008,（簡易表）ｴﾈﾙｷﾞｰ単位表（本表）,O16,TJ,value / 1000,2026-04-14
2008,FY2008,fiscal_year_april_march,JP,primary_supply_pumped,一次供給：揚水,0.0,PJ,HCV,energy-balance-2008,（簡易表）ｴﾈﾙｷﾞｰ単位表（本表）,P16,TJ,value / 1000,2026-04-14
2008,FY2008,fiscal_year_april_march,JP,primary_supply_recovered,一次供給：未活用エネルギー,437.5453430027257,PJ,HCV,energy-balance-2008,（簡易表）ｴﾈﾙｷﾞｰ単位表（本表）,Q16,TJ,value / 1000,2026-04-14
2008,FY2008,fiscal_year_april_march,JP,primary_supply_nuclear,一次供給：原子力,2235.868217916547,PJ,HCV,energy-balance-2008,（簡易表）ｴﾈﾙｷﾞｰ単位表（本表）,R16,TJ,value / 1000,2026-04-14
2008,FY2008,fiscal_year_april_march,JP,final_consumption_total,最終エネルギー消費：合計,14675.374796084921,PJ,HCV,energy-balance-2008,（簡易表）ｴﾈﾙｷﾞｰ単位表（本表）,W37,TJ,value / 1000,2026-04-14
2008,FY2008,fiscal_year_april_march,JP,final_consumption_industry_business,最終消費：企業・事業所他,9251.017502188935,PJ,HCV,energy-balance-2008,（簡易表）ｴﾈﾙｷﾞｰ単位表（本表）,W39,TJ,value / 1000,2026-04-14
2008,FY2008,fiscal_year_april_march,JP,final_consumption_manufacturing,最終消費：製造業,6162.414334626981,PJ,HCV,energy-balance-2008,（簡易表）ｴﾈﾙｷﾞｰ単位表（本表）,W42,TJ,value / 1000,2026-04-14
2008,FY2008,fiscal_year_april_march,JP,final_consumption_commercial,最終消費：業務他,2671.58222684319,PJ,HCV,energy-balance-2008,（簡易表）ｴﾈﾙｷﾞｰ単位表（本表）,W53,TJ,value / 1000,2026-04-14
2008,FY2008,fiscal_year_april_march,JP,final_consumption_households,最終消費：家庭,2002.994048703547,PJ,HCV,energy-balance-2008,（簡易表）ｴﾈﾙｷﾞｰ単位表（本表）,W55,TJ,value / 1000,2026-04-14
2008,FY2008,fiscal_year_april_march,JP,final_consumption_transport,最終消費：運輸,3421.363245192436,PJ,HCV,energy-balance-2008,（簡易表）ｴﾈﾙｷﾞｰ単位表（本表）,W57,TJ,value / 1000,2026-04-14
2008,FY2008,fiscal_year_april_march,JP,final_consumption_electricity,最終消費：電力,3678.5574727676158,PJ,HCV,energy-balance-2008,（簡易表）ｴﾈﾙｷﾞｰ単位表（本表）,T37,TJ,value / 1000,2026-04-14
2009,FY2009,fiscal_year_april_march,JP,primary_supply_total,一次エネルギー国内供給,20853.32717255248,PJ,HCV,energy-balance-2009,（簡易表）ｴﾈﾙｷﾞｰ単位表（本表）,W16,TJ,value / 1000,2026-04-14
2009,FY2009,fiscal_year_april_march,JP,domestic_production_total,一次エネルギー国内産出（HCV）,4077.3345587311896,PJ,HCV,energy-balance-2009,（簡易表）ｴﾈﾙｷﾞｰ単位表（本表）,W17,TJ,value / 1000,2026-04-14
2009,FY2009,fiscal_year_april_march,JP,primary_supply_coal,一次供給：石炭,4408.305179430993,PJ,HCV,energy-balance-2009,（簡易表）ｴﾈﾙｷﾞｰ単位表（本表）,G16,TJ,value / 1000,2026-04-14
2009,FY2009,fiscal_year_april_march,JP,primary_supply_coal_products,一次供給：石炭製品,-7.169833952572861,PJ,HCV,energy-balance-2009,（簡易表）ｴﾈﾙｷﾞｰ単位表（本表）,H16,TJ,value / 1000,2026-04-14
2009,FY2009,fiscal_year_april_march,JP,primary_supply_crude_oil,一次供給：原油,8128.869015653992,PJ,HCV,energy-balance-2009,（簡易表）ｴﾈﾙｷﾞｰ単位表（本表）,I16,TJ,value / 1000,2026-04-14
2009,FY2009,fiscal_year_april_march,JP,primary_supply_oil_products,一次供給：石油製品,682.8429260657011,PJ,HCV,energy-balance-2009,（簡易表）ｴﾈﾙｷﾞｰ単位表（本表）,J16,TJ,value / 1000,2026-04-14
2009,FY2009,fiscal_year_april_march,JP,primary_supply_natural_gas,一次供給：天然ガス,3775.840291489604,PJ,HCV,energy-balance-2009,（簡易表）ｴﾈﾙｷﾞｰ単位表（本表）,K16,TJ,value / 1000,2026-04-14
2009,FY2009,fiscal_year_april_march,JP,primary_supply_city_gas,一次供給：都市ガス,-0.08546,PJ,HCV,energy-balance-2009,（簡易表）ｴﾈﾙｷﾞｰ単位表（本表）,L16,TJ,value / 1000,2026-04-14
2009,FY2009,fiscal_year_april_march,JP,primary_supply_renewables_excl_hydro,一次供給：再生可能エネルギー（水力除く）,391.3017630104754,PJ,HCV,energy-balance-2009,（簡易表）ｴﾈﾙｷﾞｰ単位表（本表）,N16,TJ,value / 1000,2026-04-14
2009,FY2009,fiscal_year_april_march,JP,primary_supply_hydro,一次供給：水力（揚水除く）,672.8598928113278,PJ,HCV,energy-balance-2009,（簡易表）ｴﾈﾙｷﾞｰ単位表（本表）,O16,TJ,value / 1000,2026-04-14
2009,FY2009,fiscal_year_april_march,JP,primary_supply_pumped,一次供給：揚水,9.736365754815126e-15,PJ,HCV,energy-balance-2009,（簡易表）ｴﾈﾙｷﾞｰ単位表（本表）,P16,TJ,value / 1000,2026-04-14
2009,FY2009,fiscal_year_april_march,JP,primary_supply_recovered,一次供給：未活用エネルギー,404.73234472264073,PJ,HCV,energy-balance-2009,（簡易表）ｴﾈﾙｷﾞｰ単位表（本表）,Q16,TJ,value / 1000,2026-04-14
2009,FY2009,fiscal_year_april_march,JP,primary_supply_nuclear,一次供給：原子力,2395.831053320315,PJ,HCV,energy-balance-2009,（簡易表）ｴﾈﾙｷﾞｰ単位表（本表）,R16,TJ,value / 1000,2026-04-14
2009,FY2009,fiscal_year_april_march,JP,final_consumption_total,最終エネルギー消費：合計,14227.675977949306,PJ,HCV,energy-balance-2009,（簡易表）ｴﾈﾙｷﾞｰ単位表（本表）,W37,TJ,value / 1000,2026-04-14
2009,FY2009,fiscal_year_april_march,JP,final_consumption_industry_business,最終消費：企業・事業所他,8870.532977199862,PJ,HCV,energy-balance-2009,（簡易表）ｴﾈﾙｷﾞｰ単位表（本表）,W39,TJ,value / 1000,2026-04-14
2009,FY2009,fiscal_year_april_march,JP,final_consumption_manufacturing,最終消費：製造業,6006.703314600961,PJ,HCV,energy-balance-2009,（簡易表）ｴﾈﾙｷﾞｰ単位表（本表）,W42,TJ,value / 1000,2026-04-14
2009,FY2009,fiscal_year_april_march,JP,final_consumption_commercial,最終消費：業務他,2394.500767298348,PJ,HCV,energy-balance-2009,（簡易表）ｴﾈﾙｷﾞｰ単位表（本表）,W53,TJ,value / 1000,2026-04-14
2009,FY2009,fiscal_year_april_march,JP,final_consumption_households,最終消費：家庭,1998.2485394579414,PJ,HCV,energy-balance-2009,（簡易表）ｴﾈﾙｷﾞｰ単位表（本表）,W55,TJ,value / 1000,2026-04-14
2009,FY2009,fiscal_year_april_march,JP,final_consumption_transport,最終消費：運輸,3358.894461291503,PJ,HCV,energy-balance-2009,（簡易表）ｴﾈﾙｷﾞｰ単位表（本表）,W57,TJ,value / 1000,2026-04-14
2009,FY2009,fiscal_year_april_march,JP,final_consumption_electricity,最終消費：電力,3560.1051933333383,PJ,HCV,energy-balance-2009,（簡易表）ｴﾈﾙｷﾞｰ単位表（本表）,T37,TJ,value / 1000,2026-04-14
2010,FY2010,fiscal_year_april_march,JP,primary_supply_total,一次エネルギー国内供給,21994.843001474786,PJ,HCV,energy-balance-2010,（簡易表）ｴﾈﾙｷﾞｰ単位表（本表）,W16,TJ,value / 1000,2026-04-14
2010,FY2010,fiscal_year_april_march,JP,domestic_production_total,一次エネルギー国内産出（HCV）,4335.2238349171075,PJ,HCV,energy-balance-2010,（簡易表）ｴﾈﾙｷﾞｰ単位表（本表）,W17,TJ,value / 1000,2026-04-14
2010,FY2010,fiscal_year_april_march,JP,primary_supply_coal,一次供給：石炭,4983.143733357371,PJ,HCV,energy-balance-2010,（簡易表）ｴﾈﾙｷﾞｰ単位表（本表）,G16,TJ,value / 1000,2026-04-14
2010,FY2010,fiscal_year_april_march,JP,primary_supply_coal_products,一次供給：石炭製品,14.11511300170554,PJ,HCV,energy-balance-2010,（簡易表）ｴﾈﾙｷﾞｰ単位表（本表）,H16,TJ,value / 1000,2026-04-14
2010,FY2010,fiscal_year_april_march,JP,primary_supply_crude_oil,一次供給：原油,8127.285616386425,PJ,HCV,energy-balance-2010,（簡易表）ｴﾈﾙｷﾞｰ単位表（本表）,I16,TJ,value / 1000,2026-04-14
2010,FY2010,fiscal_year_april_march,JP,primary_supply_oil_products,一次供給：石油製品,730.7743805650008,PJ,HCV,energy-balance-2010,（簡易表）ｴﾈﾙｷﾞｰ単位表（本表）,J16,TJ,value / 1000,2026-04-14
2010,FY2010,fiscal_year_april_march,JP,primary_supply_natural_gas,一次供給：天然ガス,3994.115481710617,PJ,HCV,energy-balance-2010,（簡易表）ｴﾈﾙｷﾞｰ単位表（本表）,K16,TJ,value / 1000,2026-04-14
2010,FY2010,fiscal_year_april_march,JP,primary_supply_city_gas,一次供給：都市ガス,1.104847,PJ,HCV,energy-balance-2010,（簡易表）ｴﾈﾙｷﾞｰ単位表（本表）,L16,TJ,value / 1000,2026-04-14
2010,FY2010,fiscal_year_april_march,JP,primary_supply_renewables_excl_hydro,一次供給：再生可能エネルギー（水力除く）,436.39134092531316,PJ,HCV,energy-balance-2010,（簡易表）ｴﾈﾙｷﾞｰ単位表（本表）,N16,TJ,value / 1000,2026-04-14
2010,FY2010,fiscal_year_april_march,JP,primary_supply_hydro,一次供給：水力（揚水除く）,715.8713700565007,PJ,HCV,energy-balance-2010,（簡易表）ｴﾈﾙｷﾞｰ単位表（本表）,O16,TJ,value / 1000,2026-04-14
2010,FY2010,fiscal_year_april_march,JP,primary_supply_pumped,一次供給：揚水,1.1654200238615697e-14,PJ,HCV,energy-balance-2010,（簡易表）ｴﾈﾙｷﾞｰ単位表（本表）,P16,TJ,value / 1000,2026-04-14
2010,FY2010,fiscal_year_april_march,JP,primary_supply_recovered,一次供給：未活用エネルギー,529.7979100586167,PJ,HCV,energy-balance-2010,（簡易表）ｴﾈﾙｷﾞｰ単位表（本表）,Q16,TJ,value / 1000,2026-04-14
2010,FY2010,fiscal_year_april_march,JP,primary_supply_nuclear,一次供給：原子力,2462.2432084132324,PJ,HCV,energy-balance-2010,（簡易表）ｴﾈﾙｷﾞｰ単位表（本表）,R16,TJ,value / 1000,2026-04-14
2010,FY2010,fiscal_year_april_march,JP,final_consumption_total,最終エネルギー消費：合計,14687.26470284412,PJ,HCV,energy-balance-2010,（簡易表）ｴﾈﾙｷﾞｰ単位表（本表）,W37,TJ,value / 1000,2026-04-14
2010,FY2010,fiscal_year_april_march,JP,final_consumption_industry_business,最終消費：企業・事業所他,9173.63656761586,PJ,HCV,energy-balance-2010,（簡易表）ｴﾈﾙｷﾞｰ単位表（本表）,W39,TJ,value / 1000,2026-04-14
2010,FY2010,fiscal_year_april_march,JP,final_consumption_manufacturing,最終消費：製造業,6314.984102525666,PJ,HCV,energy-balance-2010,（簡易表）ｴﾈﾙｷﾞｰ単位表（本表）,W42,TJ,value / 1000,2026-04-14
2010,FY2010,fiscal_year_april_march,JP,final_consumption_commercial,最終消費：業務他,2414.0122498255346,PJ,HCV,energy-balance-2010,（簡易表）ｴﾈﾙｷﾞｰ単位表（本表）,W53,TJ,value / 1000,2026-04-14
2010,FY2010,fiscal_year_april_march,JP,final_consumption_households,最終消費：家庭,2131.311586816666,PJ,HCV,energy-balance-2010,（簡易表）ｴﾈﾙｷﾞｰ単位表（本表）,W55,TJ,value / 1000,2026-04-14
2010,FY2010,fiscal_year_april_march,JP,final_consumption_transport,最終消費：運輸,3382.3165484115952,PJ,HCV,energy-balance-2010,（簡易表）ｴﾈﾙｷﾞｰ単位表（本表）,W57,TJ,value / 1000,2026-04-14
2010,FY2010,fiscal_year_april_march,JP,final_consumption_electricity,最終消費：電力,3727.5069377080285,PJ,HCV,energy-balance-2010,（簡易表）ｴﾈﾙｷﾞｰ単位表（本表）,T37,TJ,value / 1000,2026-04-14
2011,FY2011,fiscal_year_april_march,JP,primary_supply_total,一次エネルギー国内供給,21010.79771513102,PJ,HCV,energy-balance-2011,（簡易表）ｴﾈﾙｷﾞｰ単位表（本表）,W16,TJ,value / 1000,2026-04-14
2011,FY2011,fiscal_year_april_march,JP,domestic_production_total,一次エネルギー国内産出（HCV）,2752.441829191506,PJ,HCV,energy-balance-2011,（簡易表）ｴﾈﾙｷﾞｰ単位表（本表）,W17,TJ,value / 1000,2026-04-14
2011,FY2011,fiscal_year_april_march,JP,primary_supply_coal,一次供給：石炭,4679.036635944785,PJ,HCV,energy-balance-2011,（簡易表）ｴﾈﾙｷﾞｰ単位表（本表）,G16,TJ,value / 1000,2026-04-14
2011,FY2011,fiscal_year_april_march,JP,primary_supply_coal_products,一次供給：石炭製品,-6.921979528099262,PJ,HCV,energy-balance-2011,（簡易表）ｴﾈﾙｷﾞｰ単位表（本表）,H16,TJ,value / 1000,2026-04-14
2011,FY2011,fiscal_year_april_march,JP,primary_supply_crude_oil,一次供給：原油,7964.500380944031,PJ,HCV,energy-balance-2011,（簡易表）ｴﾈﾙｷﾞｰ単位表（本表）,I16,TJ,value / 1000,2026-04-14
2011,FY2011,fiscal_year_april_march,JP,primary_supply_oil_products,一次供給：石油製品,1132.7696176587217,PJ,HCV,energy-balance-2011,（簡易表）ｴﾈﾙｷﾞｰ単位表（本表）,J16,TJ,value / 1000,2026-04-14
2011,FY2011,fiscal_year_april_march,JP,primary_supply_natural_gas,一次供給：天然ガス,4680.9707822541195,PJ,HCV,energy-balance-2011,（簡易表）ｴﾈﾙｷﾞｰ単位表（本表）,K16,TJ,value / 1000,2026-04-14
2011,FY2011,fiscal_year_april_march,JP,primary_supply_city_gas,一次供給：都市ガス,0.45096700000000006,PJ,HCV,energy-balance-2011,（簡易表）ｴﾈﾙｷﾞｰ単位表（本表）,L16,TJ,value / 1000,2026-04-14
2011,FY2011,fiscal_year_april_march,JP,primary_supply_renewables_excl_hydro,一次供給：再生可能エネルギー（水力除く）,443.95783969485143,PJ,HCV,energy-balance-2011,（簡易表）ｴﾈﾙｷﾞｰ単位表（本表）,N16,TJ,value / 1000,2026-04-14
2011,FY2011,fiscal_year_april_march,JP,primary_supply_hydro,一次供給：水力（揚水除く）,728.8138628876678,PJ,HCV,energy-balance-2011,（簡易表）ｴﾈﾙｷﾞｰ単位表（本表）,O16,TJ,value / 1000,2026-04-14
2011,FY2011,fiscal_year_april_march,JP,primary_supply_pumped,一次供給：揚水,0.0,PJ,HCV,energy-balance-2011,（簡易表）ｴﾈﾙｷﾞｰ単位表（本表）,P16,TJ,value / 1000,2026-04-14
2011,FY2011,fiscal_year_april_march,JP,primary_supply_recovered,一次供給：未活用エネルギー,513.8489021997935,PJ,HCV,energy-balance-2011,（簡易表）ｴﾈﾙｷﾞｰ単位表（本表）,Q16,TJ,value / 1000,2026-04-14
2011,FY2011,fiscal_year_april_march,JP,primary_supply_nuclear,一次供給：原子力,873.3707060751461,PJ,HCV,energy-balance-2011,（簡易表）ｴﾈﾙｷﾞｰ単位表（本表）,R16,TJ,value / 1000,2026-04-14
2011,FY2011,fiscal_year_april_march,JP,final_consumption_total,最終エネルギー消費：合計,14285.215459260602,PJ,HCV,energy-balance-2011,（簡易表）ｴﾈﾙｷﾞｰ単位表（本表）,W37,TJ,value / 1000,2026-04-14
2011,FY2011,fiscal_year_april_march,JP,final_consumption_industry_business,最終消費：企業・事業所他,8937.245564963821,PJ,HCV,energy-balance-2011,（簡易表）ｴﾈﾙｷﾞｰ単位表（本表）,W39,TJ,value / 1000,2026-04-14
2011,FY2011,fiscal_year_april_march,JP,final_consumption_manufacturing,最終消費：製造業,6133.640245036758,PJ,HCV,energy-balance-2011,（簡易表）ｴﾈﾙｷﾞｰ単位表（本表）,W42,TJ,value / 1000,2026-04-14
2011,FY2011,fiscal_year_april_march,JP,final_consumption_commercial,最終消費：業務他,2349.698098006171,PJ,HCV,energy-balance-2011,（簡易表）ｴﾈﾙｷﾞｰ単位表（本表）,W53,TJ,value / 1000,2026-04-14
2011,FY2011,fiscal_year_april_march,JP,final_consumption_households,最終消費：家庭,2033.1775957305342,PJ,HCV,energy-balance-2011,（簡易表）ｴﾈﾙｷﾞｰ単位表（本表）,W55,TJ,value / 1000,2026-04-14
2011,FY2011,fiscal_year_april_march,JP,final_consumption_transport,最終消費：運輸,3314.792298566246,PJ,HCV,energy-balance-2011,（簡易表）ｴﾈﾙｷﾞｰ単位表（本表）,W57,TJ,value / 1000,2026-04-14
2011,FY2011,fiscal_year_april_march,JP,final_consumption_electricity,最終消費：電力,3587.7256518953172,PJ,HCV,energy-balance-2011,（簡易表）ｴﾈﾙｷﾞｰ単位表（本表）,T37,TJ,value / 1000,2026-04-14
2012,FY2012,fiscal_year_april_march,JP,primary_supply_total,一次エネルギー国内供給,20741.802447077145,PJ,HCV,energy-balance-2012,（簡易表）ｴﾈﾙｷﾞｰ単位表（本表）,W16,TJ,value / 1000,2026-04-14
2012,FY2012,fiscal_year_april_march,JP,domestic_production_total,一次エネルギー国内産出（HCV）,1950.0939192080568,PJ,HCV,energy-balance-2012,（簡易表）ｴﾈﾙｷﾞｰ単位表（本表）,W17,TJ,value / 1000,2026-04-14
2012,FY2012,fiscal_year_april_march,JP,primary_supply_coal,一次供給：石炭,4895.012374704774,PJ,HCV,energy-balance-2012,（簡易表）ｴﾈﾙｷﾞｰ単位表（本表）,G16,TJ,value / 1000,2026-04-14
2012,FY2012,fiscal_year_april_march,JP,primary_supply_coal_products,一次供給：石炭製品,-11.895764550429147,PJ,HCV,energy-balance-2012,（簡易表）ｴﾈﾙｷﾞｰ単位表（本表）,H16,TJ,value / 1000,2026-04-14
2012,FY2012,fiscal_year_april_march,JP,primary_supply_crude_oil,一次供給：原油,8024.525735742214,PJ,HCV,energy-balance-2012,（簡易表）ｴﾈﾙｷﾞｰ単位表（本表）,I16,TJ,value / 1000,2026-04-14
2012,FY2012,fiscal_year_april_march,JP,primary_supply_oil_products,一次供給：石油製品,1195.0166141626232,PJ,HCV,energy-balance-2012,（簡易表）ｴﾈﾙｷﾞｰ単位表（本表）,J16,TJ,value / 1000,2026-04-14
2012,FY2012,fiscal_year_april_march,JP,primary_supply_natural_gas,一次供給：天然ガス,4872.4143487681895,PJ,HCV,energy-balance-2012,（簡易表）ｴﾈﾙｷﾞｰ単位表（本表）,K16,TJ,value / 1000,2026-04-14
2012,FY2012,fiscal_year_april_march,JP,primary_supply_city_gas,一次供給：都市ガス,-0.316928,PJ,HCV,energy-balance-2012,（簡易表）ｴﾈﾙｷﾞｰ単位表（本表）,L16,TJ,value / 1000,2026-04-14
2012,FY2012,fiscal_year_april_march,JP,primary_supply_renewables_excl_hydro,一次供給：再生可能エネルギー（水力除く）,454.6160163999509,PJ,HCV,energy-balance-2012,（簡易表）ｴﾈﾙｷﾞｰ単位表（本表）,N16,TJ,value / 1000,2026-04-14
2012,FY2012,fiscal_year_april_march,JP,primary_supply_hydro,一次供給：水力（揚水除く）,656.8115494885981,PJ,HCV,energy-balance-2012,（簡易表）ｴﾈﾙｷﾞｰ単位表（本表）,O16,TJ,value / 1000,2026-04-14
2012,FY2012,fiscal_year_april_march,JP,primary_supply_pumped,一次供給：揚水,0.0,PJ,HCV,energy-balance-2012,（簡易表）ｴﾈﾙｷﾞｰ単位表（本表）,P16,TJ,value / 1000,2026-04-14
2012,FY2012,fiscal_year_april_march,JP,primary_supply_recovered,一次供給：未活用エネルギー,518.8184424613363,PJ,HCV,energy-balance-2012,（簡易表）ｴﾈﾙｷﾞｰ単位表（本表）,Q16,TJ,value / 1000,2026-04-14
2012,FY2012,fiscal_year_april_march,JP,primary_supply_nuclear,一次供給：原子力,136.8000578998902,PJ,HCV,energy-balance-2012,（簡易表）ｴﾈﾙｷﾞｰ単位表（本表）,R16,TJ,value / 1000,2026-04-14
2012,FY2012,fiscal_year_april_march,JP,final_consumption_total,最終エネルギー消費：合計,14132.19930901395,PJ,HCV,energy-balance-2012,（簡易表）ｴﾈﾙｷﾞｰ単位表（本表）,W37,TJ,value / 1000,2026-04-14
2012,FY2012,fiscal_year_april_march,JP,final_consumption_industry_business,最終消費：企業・事業所他,8733.295972885864,PJ,HCV,energy-balance-2012,（簡易表）ｴﾈﾙｷﾞｰ単位表（本表）,W39,TJ,value / 1000,2026-04-14
2012,FY2012,fiscal_year_april_march,JP,final_consumption_manufacturing,最終消費：製造業,6088.7448884762,PJ,HCV,energy-balance-2012,（簡易表）ｴﾈﾙｷﾞｰ単位表（本表）,W42,TJ,value / 1000,2026-04-14
2012,FY2012,fiscal_year_april_march,JP,final_consumption_commercial,最終消費：業務他,2208.034156078919,PJ,HCV,energy-balance-2012,（簡易表）ｴﾈﾙｷﾞｰ単位表（本表）,W53,TJ,value / 1000,2026-04-14
2012,FY2012,fiscal_year_april_march,JP,final_consumption_households,最終消費：家庭,2069.9972132732696,PJ,HCV,energy-balance-2012,（簡易表）ｴﾈﾙｷﾞｰ単位表（本表）,W55,TJ,value / 1000,2026-04-14
2012,FY2012,fiscal_year_april_march,JP,final_consumption_transport,最終消費：運輸,3328.9061228548117,PJ,HCV,energy-balance-2012,（簡易表）ｴﾈﾙｷﾞｰ単位表（本表）,W57,TJ,value / 1000,2026-04-14
2012,FY2012,fiscal_year_april_march,JP,final_consumption_electricity,最終消費：電力,3569.1892270180147,PJ,HCV,energy-balance-2012,（簡易表）ｴﾈﾙｷﾞｰ単位表（本表）,T37,TJ,value / 1000,2026-04-14
2013,FY2013,fiscal_year_april_march,JP,primary_supply_total,一次エネルギー国内供給,21052.004210099647,PJ,HCV,energy-balance-2013,（簡易表）ｴﾈﾙｷﾞｰ単位表（本表）,W16,TJ,value / 1000,2026-04-14
2013,FY2013,fiscal_year_april_march,JP,domestic_production_total,一次エネルギー国内産出（HCV）,2005.4420964664969,PJ,HCV,energy-balance-2013,（簡易表）ｴﾈﾙｷﾞｰ単位表（本表）,W17,TJ,value / 1000,2026-04-14
2013,FY2013,fiscal_year_april_march,JP,primary_supply_coal,一次供給：石炭,5274.70407434711,PJ,HCV,energy-balance-2013,（簡易表）ｴﾈﾙｷﾞｰ単位表（本表）,G16,TJ,value / 1000,2026-04-14
2013,FY2013,fiscal_year_april_march,JP,primary_supply_coal_products,一次供給：石炭製品,28.097164854128174,PJ,HCV,energy-balance-2013,（簡易表）ｴﾈﾙｷﾞｰ単位表（本表）,H16,TJ,value / 1000,2026-04-14
2013,FY2013,fiscal_year_april_march,JP,primary_supply_crude_oil,一次供給：原油,8036.024217720997,PJ,HCV,energy-balance-2013,（簡易表）ｴﾈﾙｷﾞｰ単位表（本表）,I16,TJ,value / 1000,2026-04-14
2013,FY2013,fiscal_year_april_march,JP,primary_supply_oil_products,一次供給：石油製品,966.6051364096155,PJ,HCV,energy-balance-2013,（簡易表）ｴﾈﾙｷﾞｰ単位表（本表）,J16,TJ,value / 1000,2026-04-14
2013,FY2013,fiscal_year_april_march,JP,primary_supply_natural_gas,一次供給：天然ガス,4898.87090602152,PJ,HCV,energy-balance-2013,（簡易表）ｴﾈﾙｷﾞｰ単位表（本表）,K16,TJ,value / 1000,2026-04-14
2013,FY2013,fiscal_year_april_march,JP,primary_supply_city_gas,一次供給：都市ガス,-0.526715,PJ,HCV,energy-balance-2013,（簡易表）ｴﾈﾙｷﾞｰ単位表（本表）,L16,TJ,value / 1000,2026-04-14
2013,FY2013,fiscal_year_april_march,JP,primary_supply_renewables_excl_hydro,一次供給：再生可能エネルギー（水力除く）,535.8492443958854,PJ,HCV,energy-balance-2013,（簡易表）ｴﾈﾙｷﾞｰ単位表（本表）,N16,TJ,value / 1000,2026-04-14
2013,FY2013,fiscal_year_april_march,JP,primary_supply_hydro,一次供給：水力（揚水除く）,679.4137307440407,PJ,HCV,energy-balance-2013,（簡易表）ｴﾈﾙｷﾞｰ単位表（本表）,O16,TJ,value / 1000,2026-04-14
2013,FY2013,fiscal_year_april_march,JP,primary_supply_pumped,一次供給：揚水,0.0,PJ,HCV,energy-balance-2013,（簡易表）ｴﾈﾙｷﾞｰ単位表（本表）,P16,TJ,value / 1000,2026-04-14
2013,FY2013,fiscal_year_april_march,JP,primary_supply_recovered,一次供給：未活用エネルギー,553.3546775959112,PJ,HCV,energy-balance-2013,（簡易表）ｴﾈﾙｷﾞｰ単位表（本表）,Q16,TJ,value / 1000,2026-04-14
2013,FY2013,fiscal_year_april_march,JP,primary_supply_nuclear,一次供給：原子力,79.61177301044461,PJ,HCV,energy-balance-2013,（簡易表）ｴﾈﾙｷﾞｰ単位表（本表）,R16,TJ,value / 1000,2026-04-14
2013,FY2013,fiscal_year_april_march,JP,final_consumption_total,最終エネルギー消費：合計,14064.548138548893,PJ,HCV,energy-balance-2013,（簡易表）ｴﾈﾙｷﾞｰ単位表（本表）,W37,TJ,value / 1000,2026-04-14
2013,FY2013,fiscal_year_april_march,JP,final_consumption_industry_business,最終消費：企業・事業所他,8783.58176130383,PJ,HCV,energy-balance-2013,（簡易表）ｴﾈﾙｷﾞｰ単位表（本表）,W39,TJ,value / 1000,2026-04-14
2013,FY2013,fiscal_year_april_march,JP,final_consumption_manufacturing,最終消費：製造業,6128.569949967694,PJ,HCV,energy-balance-2013,（簡易表）ｴﾈﾙｷﾞｰ単位表（本表）,W42,TJ,value / 1000,2026-04-14
2013,FY2013,fiscal_year_april_march,JP,final_consumption_commercial,最終消費：業務他,2266.4528497607894,PJ,HCV,energy-balance-2013,（簡易表）ｴﾈﾙｷﾞｰ単位表（本表）,W53,TJ,value / 1000,2026-04-14
2013,FY2013,fiscal_year_april_march,JP,final_consumption_households,最終消費：家庭,2045.3362170516243,PJ,HCV,energy-balance-2013,（簡易表）ｴﾈﾙｷﾞｰ単位表（本表）,W55,TJ,value / 1000,2026-04-14
2013,FY2013,fiscal_year_april_march,JP,final_consumption_transport,最終消費：運輸,3235.630160193433,PJ,HCV,energy-balance-2013,（簡易表）ｴﾈﾙｷﾞｰ単位表（本表）,W57,TJ,value / 1000,2026-04-14
2013,FY2013,fiscal_year_april_march,JP,final_consumption_electricity,最終消費：電力,3562.420440300687,PJ,HCV,energy-balance-2013,（簡易表）ｴﾈﾙｷﾞｰ単位表（本表）,T37,TJ,value / 1000,2026-04-14
2014,FY2014,fiscal_year_april_march,JP,primary_supply_total,一次エネルギー国内供給,20264.195382205842,PJ,HCV,energy-balance-2014,（簡易表）ｴﾈﾙｷﾞｰ単位表（本表）,W16,TJ,value / 1000,2026-04-14
2014,FY2014,fiscal_year_april_march,JP,domestic_production_total,一次エネルギー国内産出（HCV）,1998.0164289609297,PJ,HCV,energy-balance-2014,（簡易表）ｴﾈﾙｷﾞｰ単位表（本表）,W17,TJ,value / 1000,2026-04-14
2014,FY2014,fiscal_year_april_march,JP,primary_supply_coal,一次供給：石炭,5015.1500918476295,PJ,HCV,energy-balance-2014,（簡易表）ｴﾈﾙｷﾞｰ単位表（本表）,G16,TJ,value / 1000,2026-04-14
2014,FY2014,fiscal_year_april_march,JP,primary_supply_coal_products,一次供給：石炭製品,82.3127028774371,PJ,HCV,energy-balance-2014,（簡易表）ｴﾈﾙｷﾞｰ単位表（本表）,H16,TJ,value / 1000,2026-04-14
2014,FY2014,fiscal_year_april_march,JP,primary_supply_crude_oil,一次供給：原油,7446.747257437927,PJ,HCV,energy-balance-2014,（簡易表）ｴﾈﾙｷﾞｰ単位表（本表）,I16,TJ,value / 1000,2026-04-14
2014,FY2014,fiscal_year_april_march,JP,primary_supply_oil_products,一次供給：石油製品,903.9674946482653,PJ,HCV,energy-balance-2014,（簡易表）ｴﾈﾙｷﾞｰ単位表（本表）,J16,TJ,value / 1000,2026-04-14
2014,FY2014,fiscal_year_april_march,JP,primary_supply_natural_gas,一次供給：天然ガス,4962.528520880029,PJ,HCV,energy-balance-2014,（簡易表）ｴﾈﾙｷﾞｰ単位表（本表）,K16,TJ,value / 1000,2026-04-14
2014,FY2014,fiscal_year_april_march,JP,primary_supply_city_gas,一次供給：都市ガス,-0.40932,PJ,HCV,energy-balance-2014,（簡易表）ｴﾈﾙｷﾞｰ単位表（本表）,L16,TJ,value / 1000,2026-04-14
2014,FY2014,fiscal_year_april_march,JP,primary_supply_renewables_excl_hydro,一次供給：再生可能エネルギー（水力除く）,614.2277617156009,PJ,HCV,energy-balance-2014,（簡易表）ｴﾈﾙｷﾞｰ単位表（本表）,N16,TJ,value / 1000,2026-04-14
2014,FY2014,fiscal_year_april_march,JP,primary_supply_hydro,一次供給：水力（揚水除く）,701.6043886004007,PJ,HCV,energy-balance-2014,（簡易表）ｴﾈﾙｷﾞｰ単位表（本表）,O16,TJ,value / 1000,2026-04-14
2014,FY2014,fiscal_year_april_march,JP,primary_supply_pumped,一次供給：揚水,0.0,PJ,HCV,energy-balance-2014,（簡易表）ｴﾈﾙｷﾞｰ単位表（本表）,P16,TJ,value / 1000,2026-04-14
2014,FY2014,fiscal_year_april_march,JP,primary_supply_recovered,一次供給：未活用エネルギー,538.0664841985533,PJ,HCV,energy-balance-2014,（簡易表）ｴﾈﾙｷﾞｰ単位表（本表）,Q16,TJ,value / 1000,2026-04-14
2014,FY2014,fiscal_year_april_march,JP,primary_supply_nuclear,一次供給：原子力,0.0,PJ,HCV,energy-balance-2014,（簡易表）ｴﾈﾙｷﾞｰ単位表（本表）,R16,TJ,value / 1000,2026-04-14
2014,FY2014,fiscal_year_april_march,JP,final_consumption_total,最終エネルギー消費：合計,13670.688990460585,PJ,HCV,energy-balance-2014,（簡易表）ｴﾈﾙｷﾞｰ単位表（本表）,W37,TJ,value / 1000,2026-04-14
2014,FY2014,fiscal_year_april_march,JP,final_consumption_industry_business,最終消費：企業・事業所他,8522.540431923375,PJ,HCV,energy-balance-2014,（簡易表）ｴﾈﾙｷﾞｰ単位表（本表）,W39,TJ,value / 1000,2026-04-14
2014,FY2014,fiscal_year_april_march,JP,final_consumption_manufacturing,最終消費：製造業,5929.637820626862,PJ,HCV,energy-balance-2014,（簡易表）ｴﾈﾙｷﾞｰ単位表（本表）,W42,TJ,value / 1000,2026-04-14
2014,FY2014,fiscal_year_april_march,JP,final_consumption_commercial,最終消費：業務他,2213.2624957400117,PJ,HCV,energy-balance-2014,（簡易表）ｴﾈﾙｷﾞｰ単位表（本表）,W53,TJ,value / 1000,2026-04-14
2014,FY2014,fiscal_year_april_march,JP,final_consumption_households,最終消費：家庭,1983.5026552334803,PJ,HCV,energy-balance-2014,（簡易表）ｴﾈﾙｷﾞｰ単位表（本表）,W55,TJ,value / 1000,2026-04-14
2014,FY2014,fiscal_year_april_march,JP,final_consumption_transport,最終消費：運輸,3164.645903303735,PJ,HCV,energy-balance-2014,（簡易表）ｴﾈﾙｷﾞｰ単位表（本表）,W57,TJ,value / 1000,2026-04-14
2014,FY2014,fiscal_year_april_march,JP,final_consumption_electricity,最終消費：電力,3505.177866845208,PJ,HCV,energy-balance-2014,（簡易表）ｴﾈﾙｷﾞｰ単位表（本表）,T37,TJ,value / 1000,2026-04-14
2015,FY2015,fiscal_year_april_march,JP,primary_supply_total,一次エネルギー国内供給,20020.00457220496,PJ,HCV,energy-balance-2015,（簡易表）ｴﾈﾙｷﾞｰ単位表（本表）,W16,TJ,value / 1000,2026-04-14
2015,FY2015,fiscal_year_april_march,JP,domestic_production_total,一次エネルギー国内産出（HCV）,2198.1405321997136,PJ,HCV,energy-balance-2015,（簡易表）ｴﾈﾙｷﾞｰ単位表（本表）,W17,TJ,value / 1000,2026-04-14
2015,FY2015,fiscal_year_april_march,JP,primary_supply_coal,一次供給：石炭,5096.870539998222,PJ,HCV,energy-balance-2015,（簡易表）ｴﾈﾙｷﾞｰ単位表（本表）,G16,TJ,value / 1000,2026-04-14
2015,FY2015,fiscal_year_april_march,JP,primary_supply_coal_products,一次供給：石炭製品,57.470579674582076,PJ,HCV,energy-balance-2015,（簡易表）ｴﾈﾙｷﾞｰ単位表（本表）,H16,TJ,value / 1000,2026-04-14
2015,FY2015,fiscal_year_april_march,JP,primary_supply_crude_oil,一次供給：原油,7406.28351150789,PJ,HCV,energy-balance-2015,（簡易表）ｴﾈﾙｷﾞｰ単位表（本表）,I16,TJ,value / 1000,2026-04-14
2015,FY2015,fiscal_year_april_march,JP,primary_supply_oil_products,一次供給：石油製品,731.2786201081444,PJ,HCV,energy-balance-2015,（簡易表）ｴﾈﾙｷﾞｰ単位表（本表）,J16,TJ,value / 1000,2026-04-14
2015,FY2015,fiscal_year_april_march,JP,primary_supply_natural_gas,一次供給：天然ガス,4662.19722952451,PJ,HCV,energy-balance-2015,（簡易表）ｴﾈﾙｷﾞｰ単位表（本表）,K16,TJ,value / 1000,2026-04-14
2015,FY2015,fiscal_year_april_march,JP,primary_supply_city_gas,一次供給：都市ガス,-0.833376,PJ,HCV,energy-balance-2015,（簡易表）ｴﾈﾙｷﾞｰ単位表（本表）,L16,TJ,value / 1000,2026-04-14
2015,FY2015,fiscal_year_april_march,JP,primary_supply_renewables_excl_hydro,一次供給：再生可能エネルギー（水力除く）,726.4837245665568,PJ,HCV,energy-balance-2015,（簡易表）ｴﾈﾙｷﾞｰ単位表（本表）,N16,TJ,value / 1000,2026-04-14
2015,FY2015,fiscal_year_april_march,JP,primary_supply_hydro,一次供給：水力（揚水除く）,725.930407398796,PJ,HCV,energy-balance-2015,（簡易表）ｴﾈﾙｷﾞｰ単位表（本表）,O16,TJ,value / 1000,2026-04-14
2015,FY2015,fiscal_year_april_march,JP,primary_supply_pumped,一次供給：揚水,0.0,PJ,HCV,energy-balance-2015,（簡易表）ｴﾈﾙｷﾞｰ単位表（本表）,P16,TJ,value / 1000,2026-04-14
2015,FY2015,fiscal_year_april_march,JP,primary_supply_recovered,一次供給：未活用エネルギー,535.685069934764,PJ,HCV,energy-balance-2015,（簡易表）ｴﾈﾙｷﾞｰ単位表（本表）,Q16,TJ,value / 1000,2026-04-14
2015,FY2015,fiscal_year_april_march,JP,primary_supply_nuclear,一次供給：原子力,78.6382654914977,PJ,HCV,energy-balance-2015,（簡易表）ｴﾈﾙｷﾞｰ単位表（本表）,R16,TJ,value / 1000,2026-04-14
2015,FY2015,fiscal_year_april_march,JP,final_consumption_total,最終エネルギー消費：合計,13502.53490967833,PJ,HCV,energy-balance-2015,（簡易表）ｴﾈﾙｷﾞｰ単位表（本表）,W37,TJ,value / 1000,2026-04-14
2015,FY2015,fiscal_year_april_march,JP,final_consumption_industry_business,最終消費：企業・事業所他,8454.98974409974,PJ,HCV,energy-balance-2015,（簡易表）ｴﾈﾙｷﾞｰ単位表（本表）,W39,TJ,value / 1000,2026-04-14
2015,FY2015,fiscal_year_april_march,JP,final_consumption_manufacturing,最終消費：製造業,5876.515306115085,PJ,HCV,energy-balance-2015,（簡易表）ｴﾈﾙｷﾞｰ単位表（本表）,W42,TJ,value / 1000,2026-04-14
2015,FY2015,fiscal_year_april_march,JP,final_consumption_commercial,最終消費：業務他,2173.481432772017,PJ,HCV,energy-balance-2015,（簡易表）ｴﾈﾙｷﾞｰ単位表（本表）,W53,TJ,value / 1000,2026-04-14
2015,FY2015,fiscal_year_april_march,JP,final_consumption_households,最終消費：家庭,1899.2697297603943,PJ,HCV,energy-balance-2015,（簡易表）ｴﾈﾙｷﾞｰ単位表（本表）,W55,TJ,value / 1000,2026-04-14
2015,FY2015,fiscal_year_april_march,JP,final_consumption_transport,最終消費：運輸,3148.2754358181946,PJ,HCV,energy-balance-2015,（簡易表）ｴﾈﾙｷﾞｰ単位表（本表）,W57,TJ,value / 1000,2026-04-14
2015,FY2015,fiscal_year_april_march,JP,final_consumption_electricity,最終消費：電力,3418.1696874007675,PJ,HCV,energy-balance-2015,（簡易表）ｴﾈﾙｷﾞｰ単位表（本表）,T37,TJ,value / 1000,2026-04-14
2016,FY2016,fiscal_year_april_march,JP,primary_supply_total,一次エネルギー国内供給,19839.174168199814,PJ,HCV,energy-balance-2016,（簡易表）ｴﾈﾙｷﾞｰ単位表（本表）,W16,TJ,value / 1000,2026-04-14
2016,FY2016,fiscal_year_april_march,JP,domestic_production_total,一次エネルギー国内産出（HCV）,2327.6236554902807,PJ,HCV,energy-balance-2016,（簡易表）ｴﾈﾙｷﾞｰ単位表（本表）,W17,TJ,value / 1000,2026-04-14
2016,FY2016,fiscal_year_april_march,JP,primary_supply_coal,一次供給：石炭,5013.315131869511,PJ,HCV,energy-balance-2016,（簡易表）ｴﾈﾙｷﾞｰ単位表（本表）,G16,TJ,value / 1000,2026-04-14
2016,FY2016,fiscal_year_april_march,JP,primary_supply_coal_products,一次供給：石炭製品,27.45564912203502,PJ,HCV,energy-balance-2016,（簡易表）ｴﾈﾙｷﾞｰ単位表（本表）,H16,TJ,value / 1000,2026-04-14
2016,FY2016,fiscal_year_april_march,JP,primary_supply_crude_oil,一次供給：原油,7345.677725378238,PJ,HCV,energy-balance-2016,（簡易表）ｴﾈﾙｷﾞｰ単位表（本表）,I16,TJ,value / 1000,2026-04-14
2016,FY2016,fiscal_year_april_march,JP,primary_supply_oil_products,一次供給：石油製品,519.8980946303585,PJ,HCV,energy-balance-2016,（簡易表）ｴﾈﾙｷﾞｰ単位表（本表）,J16,TJ,value / 1000,2026-04-14
2016,FY2016,fiscal_year_april_march,JP,primary_supply_natural_gas,一次供給：天然ガス,4730.759887061907,PJ,HCV,energy-balance-2016,（簡易表）ｴﾈﾙｷﾞｰ単位表（本表）,K16,TJ,value / 1000,2026-04-14
2016,FY2016,fiscal_year_april_march,JP,primary_supply_city_gas,一次供給：都市ガス,-0.754875,PJ,HCV,energy-balance-2016,（簡易表）ｴﾈﾙｷﾞｰ単位表（本表）,L16,TJ,value / 1000,2026-04-14
2016,FY2016,fiscal_year_april_march,JP,primary_supply_renewables_excl_hydro,一次供給：再生可能エネルギー（水力除く）,805.8749465001064,PJ,HCV,energy-balance-2016,（簡易表）ｴﾈﾙｷﾞｰ単位表（本表）,N16,TJ,value / 1000,2026-04-14
2016,FY2016,fiscal_year_april_march,JP,primary_supply_hydro,一次供給：水力（揚水除く）,675.7951963077384,PJ,HCV,energy-balance-2016,（簡易表）ｴﾈﾙｷﾞｰ単位表（本表）,O16,TJ,value / 1000,2026-04-14
2016,FY2016,fiscal_year_april_march,JP,primary_supply_pumped,一次供給：揚水,0.0,PJ,HCV,energy-balance-2016,（簡易表）ｴﾈﾙｷﾞｰ単位表（本表）,P16,TJ,value / 1000,2026-04-14
2016,FY2016,fiscal_year_april_march,JP,primary_supply_recovered,一次供給：未活用エネルギー,567.6034638626332,PJ,HCV,energy-balance-2016,（簡易表）ｴﾈﾙｷﾞｰ単位表（本表）,Q16,TJ,value / 1000,2026-04-14
2016,FY2016,fiscal_year_april_march,JP,primary_supply_nuclear,一次供給：原子力,153.54894846728644,PJ,HCV,energy-balance-2016,（簡易表）ｴﾈﾙｷﾞｰ単位表（本表）,R16,TJ,value / 1000,2026-04-14
2016,FY2016,fiscal_year_april_march,JP,final_consumption_total,最終エネルギー消費：合計,13337.481408812895,PJ,HCV,energy-balance-2016,（簡易表）ｴﾈﾙｷﾞｰ単位表（本表）,W37,TJ,value / 1000,2026-04-14
2016,FY2016,fiscal_year_april_march,JP,final_consumption_industry_business,最終消費：企業・事業所他,8339.018560281871,PJ,HCV,energy-balance-2016,（簡易表）ｴﾈﾙｷﾞｰ単位表（本表）,W39,TJ,value / 1000,2026-04-14
2016,FY2016,fiscal_year_april_march,JP,final_consumption_manufacturing,最終消費：製造業,5817.923053465724,PJ,HCV,energy-balance-2016,（簡易表）ｴﾈﾙｷﾞｰ単位表（本表）,W42,TJ,value / 1000,2026-04-14
2016,FY2016,fiscal_year_april_march,JP,final_consumption_commercial,最終消費：業務他,2102.567718203224,PJ,HCV,energy-balance-2016,（簡易表）ｴﾈﾙｷﾞｰ単位表（本表）,W53,TJ,value / 1000,2026-04-14
2016,FY2016,fiscal_year_april_march,JP,final_consumption_households,最終消費：家庭,1873.84278084247,PJ,HCV,energy-balance-2016,（簡易表）ｴﾈﾙｷﾞｰ単位表（本表）,W55,TJ,value / 1000,2026-04-14
2016,FY2016,fiscal_year_april_march,JP,final_consumption_transport,最終消費：運輸,3124.6200676885533,PJ,HCV,energy-balance-2016,（簡易表）ｴﾈﾙｷﾞｰ単位表（本表）,W57,TJ,value / 1000,2026-04-14
2016,FY2016,fiscal_year_april_march,JP,final_consumption_electricity,最終消費：電力,3422.5296629433287,PJ,HCV,energy-balance-2016,（簡易表）ｴﾈﾙｷﾞｰ単位表（本表）,T37,TJ,value / 1000,2026-04-14
2017,FY2017,fiscal_year_april_march,JP,primary_supply_total,一次エネルギー国内供給,20066.370356088795,PJ,HCV,energy-balance-2017,（簡易表）ｴﾈﾙｷﾞｰ単位表（本表）,W16,TJ,value / 1000,2026-04-14
2017,FY2017,fiscal_year_april_march,JP,domestic_production_total,一次エネルギー国内産出（HCV）,2627.115403067164,PJ,HCV,energy-balance-2017,（簡易表）ｴﾈﾙｷﾞｰ単位表（本表）,W17,TJ,value / 1000,2026-04-14
2017,FY2017,fiscal_year_april_march,JP,primary_supply_coal,一次供給：石炭,5038.858020504518,PJ,HCV,energy-balance-2017,（簡易表）ｴﾈﾙｷﾞｰ単位表（本表）,G16,TJ,value / 1000,2026-04-14
2017,FY2017,fiscal_year_april_march,JP,primary_supply_coal_products,一次供給：石炭製品,3.935788697400826,PJ,HCV,energy-balance-2017,（簡易表）ｴﾈﾙｷﾞｰ単位表（本表）,H16,TJ,value / 1000,2026-04-14
2017,FY2017,fiscal_year_april_march,JP,primary_supply_crude_oil,一次供給：原油,7096.436470794819,PJ,HCV,energy-balance-2017,（簡易表）ｴﾈﾙｷﾞｰ単位表（本表）,I16,TJ,value / 1000,2026-04-14
2017,FY2017,fiscal_year_april_march,JP,primary_supply_oil_products,一次供給：石油製品,728.7037301900798,PJ,HCV,energy-balance-2017,（簡易表）ｴﾈﾙｷﾞｰ単位表（本表）,J16,TJ,value / 1000,2026-04-14
2017,FY2017,fiscal_year_april_march,JP,primary_supply_natural_gas,一次供給：天然ガス,4687.950300385177,PJ,HCV,energy-balance-2017,（簡易表）ｴﾈﾙｷﾞｰ単位表（本表）,K16,TJ,value / 1000,2026-04-14
2017,FY2017,fiscal_year_april_march,JP,primary_supply_city_gas,一次供給：都市ガス,2.5286399999999998,PJ,HCV,energy-balance-2017,（簡易表）ｴﾈﾙｷﾞｰ単位表（本表）,L16,TJ,value / 1000,2026-04-14
2017,FY2017,fiscal_year_april_march,JP,primary_supply_renewables_excl_hydro,一次供給：再生可能エネルギー（水力除く）,930.6986926393793,PJ,HCV,energy-balance-2017,（簡易表）ｴﾈﾙｷﾞｰ単位表（本表）,N16,TJ,value / 1000,2026-04-14
2017,FY2017,fiscal_year_april_march,JP,primary_supply_hydro,一次供給：水力（揚水除く）,710.4039077638386,PJ,HCV,energy-balance-2017,（簡易表）ｴﾈﾙｷﾞｰ単位表（本表）,O16,TJ,value / 1000,2026-04-14
2017,FY2017,fiscal_year_april_march,JP,primary_supply_pumped,一次供給：揚水,0.0,PJ,HCV,energy-balance-2017,（簡易表）ｴﾈﾙｷﾞｰ単位表（本表）,P16,TJ,value / 1000,2026-04-14
2017,FY2017,fiscal_year_april_march,JP,primary_supply_recovered,一次供給：未活用エネルギー,587.8343807098272,PJ,HCV,energy-balance-2017,（簡易表）ｴﾈﾙｷﾞｰ単位表（本表）,Q16,TJ,value / 1000,2026-04-14
2017,FY2017,fiscal_year_april_march,JP,primary_supply_nuclear,一次供給：原子力,279.02042440375243,PJ,HCV,energy-balance-2017,（簡易表）ｴﾈﾙｷﾞｰ単位表（本表）,R16,TJ,value / 1000,2026-04-14
2017,FY2017,fiscal_year_april_march,JP,final_consumption_total,最終エネルギー消費：合計,13465.653973384697,PJ,HCV,energy-balance-2017,（簡易表）ｴﾈﾙｷﾞｰ単位表（本表）,W37,TJ,value / 1000,2026-04-14
2017,FY2017,fiscal_year_april_march,JP,final_consumption_industry_business,最終消費：企業・事業所他,8394.824893563478,PJ,HCV,energy-balance-2017,（簡易表）ｴﾈﾙｷﾞｰ単位表（本表）,W39,TJ,value / 1000,2026-04-14
2017,FY2017,fiscal_year_april_march,JP,final_consumption_manufacturing,最終消費：製造業,5856.229807995935,PJ,HCV,energy-balance-2017,（簡易表）ｴﾈﾙｷﾞｰ単位表（本表）,W42,TJ,value / 1000,2026-04-14
2017,FY2017,fiscal_year_april_march,JP,final_consumption_commercial,最終消費：業務他,2131.6316340570006,PJ,HCV,energy-balance-2017,（簡易表）ｴﾈﾙｷﾞｰ単位表（本表）,W53,TJ,value / 1000,2026-04-14
2017,FY2017,fiscal_year_april_march,JP,final_consumption_households,最終消費：家庭,1970.4172313998529,PJ,HCV,energy-balance-2017,（簡易表）ｴﾈﾙｷﾞｰ単位表（本表）,W55,TJ,value / 1000,2026-04-14
2017,FY2017,fiscal_year_april_march,JP,final_consumption_transport,最終消費：運輸,3100.411848421366,PJ,HCV,energy-balance-2017,（簡易表）ｴﾈﾙｷﾞｰ単位表（本表）,W57,TJ,value / 1000,2026-04-14
2017,FY2017,fiscal_year_april_march,JP,final_consumption_electricity,最終消費：電力,3472.631263360603,PJ,HCV,energy-balance-2017,（簡易表）ｴﾈﾙｷﾞｰ単位表（本表）,T37,TJ,value / 1000,2026-04-14
2018,FY2018,fiscal_year_april_march,JP,primary_supply_total,一次エネルギー国内供給,19697.467703009275,PJ,HCV,energy-balance-2018,（簡易表）ｴﾈﾙｷﾞｰ単位表（本表）,W16,TJ,value / 1000,2026-04-14
2018,FY2018,fiscal_year_april_march,JP,domestic_production_total,一次エネルギー国内産出（HCV）,2928.311939848876,PJ,HCV,energy-balance-2018,（簡易表）ｴﾈﾙｷﾞｰ単位表（本表）,W17,TJ,value / 1000,2026-04-14
2018,FY2018,fiscal_year_april_march,JP,primary_supply_coal,一次供給：石炭,4944.613729184855,PJ,HCV,energy-balance-2018,（簡易表）ｴﾈﾙｷﾞｰ単位表（本表）,G16,TJ,value / 1000,2026-04-14
2018,FY2018,fiscal_year_april_march,JP,primary_supply_coal_products,一次供給：石炭製品,3.389317913953069,PJ,HCV,energy-balance-2018,（簡易表）ｴﾈﾙｷﾞｰ単位表（本表）,H16,TJ,value / 1000,2026-04-14
2018,FY2018,fiscal_year_april_march,JP,primary_supply_crude_oil,一次供給：原油,6742.5318762073175,PJ,HCV,energy-balance-2018,（簡易表）ｴﾈﾙｷﾞｰ単位表（本表）,I16,TJ,value / 1000,2026-04-14
2018,FY2018,fiscal_year_april_march,JP,primary_supply_oil_products,一次供給：石油製品,650.0129530088157,PJ,HCV,energy-balance-2018,（簡易表）ｴﾈﾙｷﾞｰ単位表（本表）,J16,TJ,value / 1000,2026-04-14
2018,FY2018,fiscal_year_april_march,JP,primary_supply_natural_gas,一次供給：天然ガス,4512.65413194374,PJ,HCV,energy-balance-2018,（簡易表）ｴﾈﾙｷﾞｰ単位表（本表）,K16,TJ,value / 1000,2026-04-14
2018,FY2018,fiscal_year_april_march,JP,primary_supply_city_gas,一次供給：都市ガス,0.050664,PJ,HCV,energy-balance-2018,（簡易表）ｴﾈﾙｷﾞｰ単位表（本表）,L16,TJ,value / 1000,2026-04-14
2018,FY2018,fiscal_year_april_march,JP,primary_supply_renewables_excl_hydro,一次供給：再生可能エネルギー（水力除く）,1022.3896926765119,PJ,HCV,energy-balance-2018,（簡易表）ｴﾈﾙｷﾞｰ単位表（本表）,N16,TJ,value / 1000,2026-04-14
2018,FY2018,fiscal_year_april_march,JP,primary_supply_hydro,一次供給：水力（揚水除く）,685.9112746063763,PJ,HCV,energy-balance-2018,（簡易表）ｴﾈﾙｷﾞｰ単位表（本表）,O16,TJ,value / 1000,2026-04-14
2018,FY2018,fiscal_year_april_march,JP,primary_supply_pumped,一次供給：揚水,0.0,PJ,HCV,energy-balance-2018,（簡易表）ｴﾈﾙｷﾞｰ単位表（本表）,P16,TJ,value / 1000,2026-04-14
2018,FY2018,fiscal_year_april_march,JP,primary_supply_recovered,一次供給：未活用エネルギー,585.8771627285964,PJ,HCV,energy-balance-2018,（簡易表）ｴﾈﾙｷﾞｰ単位表（本表）,Q16,TJ,value / 1000,2026-04-14
2018,FY2018,fiscal_year_april_march,JP,primary_supply_nuclear,一次供給：原子力,550.0369007391088,PJ,HCV,energy-balance-2018,（簡易表）ｴﾈﾙｷﾞｰ単位表（本表）,R16,TJ,value / 1000,2026-04-14
2018,FY2018,fiscal_year_april_march,JP,final_consumption_total,最終エネルギー消費：合計,13203.984129861816,PJ,HCV,energy-balance-2018,（簡易表）ｴﾈﾙｷﾞｰ単位表（本表）,W37,TJ,value / 1000,2026-04-14
2018,FY2018,fiscal_year_april_march,JP,final_consumption_industry_business,最終消費：企業・事業所他,8356.07978717194,PJ,HCV,energy-balance-2018,（簡易表）ｴﾈﾙｷﾞｰ単位表（本表）,W39,TJ,value / 1000,2026-04-14
2018,FY2018,fiscal_year_april_march,JP,final_consumption_manufacturing,最終消費：製造業,5825.637441558694,PJ,HCV,energy-balance-2018,（簡易表）ｴﾈﾙｷﾞｰ単位表（本表）,W42,TJ,value / 1000,2026-04-14
2018,FY2018,fiscal_year_april_march,JP,final_consumption_commercial,最終消費：業務他,2147.4015882740428,PJ,HCV,energy-balance-2018,（簡易表）ｴﾈﾙｷﾞｰ単位表（本表）,W53,TJ,value / 1000,2026-04-14
2018,FY2018,fiscal_year_april_march,JP,final_consumption_households,最終消費：家庭,1783.9407613801968,PJ,HCV,energy-balance-2018,（簡易表）ｴﾈﾙｷﾞｰ単位表（本表）,W55,TJ,value / 1000,2026-04-14
2018,FY2018,fiscal_year_april_march,JP,final_consumption_transport,最終消費：運輸,3063.9635813096747,PJ,HCV,energy-balance-2018,（簡易表）ｴﾈﾙｷﾞｰ単位表（本表）,W57,TJ,value / 1000,2026-04-14
2018,FY2018,fiscal_year_april_march,JP,final_consumption_electricity,最終消費：電力,3404.0503009139807,PJ,HCV,energy-balance-2018,（簡易表）ｴﾈﾙｷﾞｰ単位表（本表）,T37,TJ,value / 1000,2026-04-14
2019,FY2019,fiscal_year_april_march,JP,primary_supply_total,一次エネルギー国内供給,19125.612676437227,PJ,HCV,energy-balance-2019,（簡易表）ｴﾈﾙｷﾞｰ単位表（本表）,W16,TJ,value / 1000,2026-04-14
2019,FY2019,fiscal_year_april_march,JP,domestic_production_total,一次エネルギー国内産出（HCV）,2960.462917694516,PJ,HCV,energy-balance-2019,（簡易表）ｴﾈﾙｷﾞｰ単位表（本表）,W17,TJ,value / 1000,2026-04-14
2019,FY2019,fiscal_year_april_march,JP,primary_supply_coal,一次供給：石炭,4872.552019500649,PJ,HCV,energy-balance-2019,（簡易表）ｴﾈﾙｷﾞｰ単位表（本表）,G16,TJ,value / 1000,2026-04-14
2019,FY2019,fiscal_year_april_march,JP,primary_supply_coal_products,一次供給：石炭製品,-24.56647924662568,PJ,HCV,energy-balance-2019,（簡易表）ｴﾈﾙｷﾞｰ単位表（本表）,H16,TJ,value / 1000,2026-04-14
2019,FY2019,fiscal_year_april_march,JP,primary_supply_crude_oil,一次供給：原油,6618.327353705256,PJ,HCV,energy-balance-2019,（簡易表）ｴﾈﾙｷﾞｰ単位表（本表）,I16,TJ,value / 1000,2026-04-14
2019,FY2019,fiscal_year_april_march,JP,primary_supply_oil_products,一次供給：石油製品,479.5724786960806,PJ,HCV,energy-balance-2019,（簡易表）ｴﾈﾙｷﾞｰ単位表（本表）,J16,TJ,value / 1000,2026-04-14
2019,FY2019,fiscal_year_april_march,JP,primary_supply_natural_gas,一次供給：天然ガス,4281.381324554528,PJ,HCV,energy-balance-2019,（簡易表）ｴﾈﾙｷﾞｰ単位表（本表）,K16,TJ,value / 1000,2026-04-14
2019,FY2019,fiscal_year_april_march,JP,primary_supply_city_gas,一次供給：都市ガス,-0.43627699999999997,PJ,HCV,energy-balance-2019,（簡易表）ｴﾈﾙｷﾞｰ単位表（本表）,L16,TJ,value / 1000,2026-04-14
2019,FY2019,fiscal_year_april_march,JP,primary_supply_renewables_excl_hydro,一次供給：再生可能エネルギー（水力除く）,1113.2009175496325,PJ,HCV,energy-balance-2019,（簡易表）ｴﾈﾙｷﾞｰ単位表（本表）,N16,TJ,value / 1000,2026-04-14
2019,FY2019,fiscal_year_april_march,JP,primary_supply_hydro,一次供給：水力（揚水除く）,673.1709910082224,PJ,HCV,energy-balance-2019,（簡易表）ｴﾈﾙｷﾞｰ単位表（本表）,O16,TJ,value / 1000,2026-04-14
2019,FY2019,fiscal_year_april_march,JP,primary_supply_pumped,一次供給：揚水,0.0,PJ,HCV,energy-balance-2019,（簡易表）ｴﾈﾙｷﾞｰ単位表（本表）,P16,TJ,value / 1000,2026-04-14
2019,FY2019,fiscal_year_april_march,JP,primary_supply_recovered,一次供給：未活用エネルギー,575.6896520462097,PJ,HCV,energy-balance-2019,（簡易表）ｴﾈﾙｷﾞｰ単位表（本表）,Q16,TJ,value / 1000,2026-04-14
2019,FY2019,fiscal_year_april_march,JP,primary_supply_nuclear,一次供給：原子力,536.7206956232799,PJ,HCV,energy-balance-2019,（簡易表）ｴﾈﾙｷﾞｰ単位表（本表）,R16,TJ,value / 1000,2026-04-14
2019,FY2019,fiscal_year_april_march,JP,final_consumption_total,最終エネルギー消費：合計,12936.802603544014,PJ,HCV,energy-balance-2019,（簡易表）ｴﾈﾙｷﾞｰ単位表（本表）,W37,TJ,value / 1000,2026-04-14
2019,FY2019,fiscal_year_april_march,JP,final_consumption_industry_business,最終消費：企業・事業所他,8136.610142776125,PJ,HCV,energy-balance-2019,（簡易表）ｴﾈﾙｷﾞｰ単位表（本表）,W39,TJ,value / 1000,2026-04-14
2019,FY2019,fiscal_year_april_march,JP,final_consumption_manufacturing,最終消費：製造業,5651.822612137306,PJ,HCV,energy-balance-2019,（簡易表）ｴﾈﾙｷﾞｰ単位表（本表）,W42,TJ,value / 1000,2026-04-14
2019,FY2019,fiscal_year_april_march,JP,final_consumption_commercial,最終消費：業務他,2095.2149918870955,PJ,HCV,energy-balance-2019,（簡易表）ｴﾈﾙｷﾞｰ単位表（本表）,W53,TJ,value / 1000,2026-04-14
2019,FY2019,fiscal_year_april_march,JP,final_consumption_households,最終消費：家庭,1796.8632607550335,PJ,HCV,energy-balance-2019,（簡易表）ｴﾈﾙｷﾞｰ単位表（本表）,W55,TJ,value / 1000,2026-04-14
2019,FY2019,fiscal_year_april_march,JP,final_consumption_transport,最終消費：運輸,3003.3292000128554,PJ,HCV,energy-balance-2019,（簡易表）ｴﾈﾙｷﾞｰ単位表（本表）,W57,TJ,value / 1000,2026-04-14
2019,FY2019,fiscal_year_april_march,JP,final_consumption_electricity,最終消費：電力,3337.6994533766683,PJ,HCV,energy-balance-2019,（簡易表）ｴﾈﾙｷﾞｰ単位表（本表）,T37,TJ,value / 1000,2026-04-14
2020,FY2020,fiscal_year_april_march,JP,primary_supply_total,一次エネルギー国内供給,17958.715140067237,PJ,HCV,energy-balance-2020,（簡易表）ｴﾈﾙｷﾞｰ単位表（本表）,W16,TJ,value / 1000,2026-04-14
2020,FY2020,fiscal_year_april_march,JP,domestic_production_total,一次エネルギー国内産出（HCV）,2755.9248620875796,PJ,HCV,energy-balance-2020,（簡易表）ｴﾈﾙｷﾞｰ単位表（本表）,W17,TJ,value / 1000,2026-04-14
2020,FY2020,fiscal_year_april_march,JP,primary_supply_coal,一次供給：石炭,4488.2070294405285,PJ,HCV,energy-balance-2020,（簡易表）ｴﾈﾙｷﾞｰ単位表（本表）,G16,TJ,value / 1000,2026-04-14
2020,FY2020,fiscal_year_april_march,JP,primary_supply_coal_products,一次供給：石炭製品,-68.86107902283854,PJ,HCV,energy-balance-2020,（簡易表）ｴﾈﾙｷﾞｰ単位表（本表）,H16,TJ,value / 1000,2026-04-14
2020,FY2020,fiscal_year_april_march,JP,primary_supply_crude_oil,一次供給：原油,5311.925857519474,PJ,HCV,energy-balance-2020,（簡易表）ｴﾈﾙｷﾞｰ単位表（本表）,I16,TJ,value / 1000,2026-04-14
2020,FY2020,fiscal_year_april_march,JP,primary_supply_oil_products,一次供給：石油製品,1238.0931627445896,PJ,HCV,energy-balance-2020,（簡易表）ｴﾈﾙｷﾞｰ単位表（本表）,J16,TJ,value / 1000,2026-04-14
2020,FY2020,fiscal_year_april_march,JP,primary_supply_natural_gas,一次供給：天然ガス,4270.82806508425,PJ,HCV,energy-balance-2020,（簡易表）ｴﾈﾙｷﾞｰ単位表（本表）,K16,TJ,value / 1000,2026-04-14
2020,FY2020,fiscal_year_april_march,JP,primary_supply_city_gas,一次供給：都市ガス,0.722638,PJ,HCV,energy-balance-2020,（簡易表）ｴﾈﾙｷﾞｰ単位表（本表）,L16,TJ,value / 1000,2026-04-14
2020,FY2020,fiscal_year_april_march,JP,primary_supply_renewables_excl_hydro,一次供給：再生可能エネルギー（水力除く）,1186.2410777180442,PJ,HCV,energy-balance-2020,（簡易表）ｴﾈﾙｷﾞｰ単位表（本表）,N16,TJ,value / 1000,2026-04-14
2020,FY2020,fiscal_year_april_march,JP,primary_supply_hydro,一次供給：水力（揚水除く）,662.7217813735416,PJ,HCV,energy-balance-2020,（簡易表）ｴﾈﾙｷﾞｰ単位表（本表）,O16,TJ,value / 1000,2026-04-14
2020,FY2020,fiscal_year_april_march,JP,primary_supply_pumped,一次供給：揚水,0.0,PJ,HCV,energy-balance-2020,（簡易表）ｴﾈﾙｷﾞｰ単位表（本表）,P16,TJ,value / 1000,2026-04-14
2020,FY2020,fiscal_year_april_march,JP,primary_supply_recovered,一次供給：未活用エネルギー,542.9588359522485,PJ,HCV,energy-balance-2020,（簡易表）ｴﾈﾙｷﾞｰ単位表（本表）,Q16,TJ,value / 1000,2026-04-14
2020,FY2020,fiscal_year_april_march,JP,primary_supply_nuclear,一次供給：原子力,325.8777712574026,PJ,HCV,energy-balance-2020,（簡易表）ｴﾈﾙｷﾞｰ単位表（本表）,R16,TJ,value / 1000,2026-04-14
2020,FY2020,fiscal_year_april_march,JP,final_consumption_total,最終エネルギー消費：合計,12064.39894972756,PJ,HCV,energy-balance-2020,（簡易表）ｴﾈﾙｷﾞｰ単位表（本表）,W37,TJ,value / 1000,2026-04-14
2020,FY2020,fiscal_year_april_march,JP,final_consumption_industry_business,最終消費：企業・事業所他,7480.130597798979,PJ,HCV,energy-balance-2020,（簡易表）ｴﾈﾙｷﾞｰ単位表（本表）,W39,TJ,value / 1000,2026-04-14
2020,FY2020,fiscal_year_april_march,JP,final_consumption_manufacturing,最終消費：製造業,5096.091899025011,PJ,HCV,energy-balance-2020,（簡易表）ｴﾈﾙｷﾞｰ単位表（本表）,W42,TJ,value / 1000,2026-04-14
2020,FY2020,fiscal_year_april_march,JP,final_consumption_commercial,最終消費：業務他,1967.1940737995633,PJ,HCV,energy-balance-2020,（簡易表）ｴﾈﾙｷﾞｰ単位表（本表）,W53,TJ,value / 1000,2026-04-14
2020,FY2020,fiscal_year_april_march,JP,final_consumption_households,最終消費：家庭,1910.440062909043,PJ,HCV,energy-balance-2020,（簡易表）ｴﾈﾙｷﾞｰ単位表（本表）,W55,TJ,value / 1000,2026-04-14
2020,FY2020,fiscal_year_april_march,JP,final_consumption_transport,最終消費：運輸,2673.828289019535,PJ,HCV,energy-balance-2020,（簡易表）ｴﾈﾙｷﾞｰ単位表（本表）,W57,TJ,value / 1000,2026-04-14
2020,FY2020,fiscal_year_april_march,JP,final_consumption_electricity,最終消費：電力,3288.3556934174326,PJ,HCV,energy-balance-2020,（簡易表）ｴﾈﾙｷﾞｰ単位表（本表）,T37,TJ,value / 1000,2026-04-14
2021,FY2021,fiscal_year_april_march,JP,primary_supply_total,一次エネルギー国内供給,18716.40371443941,PJ,HCV,energy-balance-2021,（簡易表）ｴﾈﾙｷﾞｰ単位表（本表）,W16,TJ,value / 1000,2026-04-14
2021,FY2021,fiscal_year_april_march,JP,domestic_production_total,一次エネルギー国内産出（HCV）,3170.166029442841,PJ,HCV,energy-balance-2021,（簡易表）ｴﾈﾙｷﾞｰ単位表（本表）,W17,TJ,value / 1000,2026-04-14
2021,FY2021,fiscal_year_april_march,JP,primary_supply_coal,一次供給：石炭,4815.607510164643,PJ,HCV,energy-balance-2021,（簡易表）ｴﾈﾙｷﾞｰ単位表（本表）,G16,TJ,value / 1000,2026-04-14
2021,FY2021,fiscal_year_april_march,JP,primary_supply_coal_products,一次供給：石炭製品,-4.691847778878166,PJ,HCV,energy-balance-2021,（簡易表）ｴﾈﾙｷﾞｰ単位表（本表）,H16,TJ,value / 1000,2026-04-14
2021,FY2021,fiscal_year_april_march,JP,primary_supply_crude_oil,一次供給：原油,5689.162533143222,PJ,HCV,energy-balance-2021,（簡易表）ｴﾈﾙｷﾞｰ単位表（本表）,I16,TJ,value / 1000,2026-04-14
2021,FY2021,fiscal_year_april_march,JP,primary_supply_oil_products,一次供給：石油製品,1062.784326772421,PJ,HCV,energy-balance-2021,（簡易表）ｴﾈﾙｷﾞｰ単位表（本表）,J16,TJ,value / 1000,2026-04-14
2021,FY2021,fiscal_year_april_march,JP,primary_supply_natural_gas,一次供給：天然ガス,3999.8478470312107,PJ,HCV,energy-balance-2021,（簡易表）ｴﾈﾙｷﾞｰ単位表（本表）,K16,TJ,value / 1000,2026-04-14
2021,FY2021,fiscal_year_april_march,JP,primary_supply_city_gas,一次供給：都市ガス,0.942776,PJ,HCV,energy-balance-2021,（簡易表）ｴﾈﾙｷﾞｰ単位表（本表）,L16,TJ,value / 1000,2026-04-14
2021,FY2021,fiscal_year_april_march,JP,primary_supply_renewables_excl_hydro,一次供給：再生可能エネルギー（水力除く）,1324.6017899807205,PJ,HCV,energy-balance-2021,（簡易表）ｴﾈﾙｷﾞｰ単位表（本表）,N16,TJ,value / 1000,2026-04-14
2021,FY2021,fiscal_year_april_march,JP,primary_supply_hydro,一次供給：水力（揚水除く）,673.9623429008568,PJ,HCV,energy-balance-2021,（簡易表）ｴﾈﾙｷﾞｰ単位表（本表）,O16,TJ,value / 1000,2026-04-14
2021,FY2021,fiscal_year_april_march,JP,primary_supply_pumped,一次供給：揚水,0.0,PJ,HCV,energy-balance-2021,（簡易表）ｴﾈﾙｷﾞｰ単位表（本表）,P16,TJ,value / 1000,2026-04-14
2021,FY2021,fiscal_year_april_march,JP,primary_supply_recovered,一次供給：未活用エネルギー,548.9839020538695,PJ,HCV,energy-balance-2021,（簡易表）ｴﾈﾙｷﾞｰ単位表（本表）,Q16,TJ,value / 1000,2026-04-14
2021,FY2021,fiscal_year_april_march,JP,primary_supply_nuclear,一次供給：原子力,605.2025341713445,PJ,HCV,energy-balance-2021,（簡易表）ｴﾈﾙｷﾞｰ単位表（本表）,R16,TJ,value / 1000,2026-04-14
2021,FY2021,fiscal_year_april_march,JP,final_consumption_total,最終エネルギー消費：合計,12253.049916662745,PJ,HCV,energy-balance-2021,（簡易表）ｴﾈﾙｷﾞｰ単位表（本表）,W37,TJ,value / 1000,2026-04-14
2021,FY2021,fiscal_year_april_march,JP,final_consumption_industry_business,最終消費：企業・事業所他,7747.503303999343,PJ,HCV,energy-balance-2021,（簡易表）ｴﾈﾙｷﾞｰ単位表（本表）,W39,TJ,value / 1000,2026-04-14
2021,FY2021,fiscal_year_april_march,JP,final_consumption_manufacturing,最終消費：製造業,5345.067638630115,PJ,HCV,energy-balance-2021,（簡易表）ｴﾈﾙｷﾞｰ単位表（本表）,W42,TJ,value / 1000,2026-04-14
2021,FY2021,fiscal_year_april_march,JP,final_consumption_commercial,最終消費：業務他,2011.0666761024215,PJ,HCV,energy-balance-2021,（簡易表）ｴﾈﾙｷﾞｰ単位表（本表）,W53,TJ,value / 1000,2026-04-14
2021,FY2021,fiscal_year_april_march,JP,final_consumption_households,最終消費：家庭,1813.5373620755809,PJ,HCV,energy-balance-2021,（簡易表）ｴﾈﾙｷﾞｰ単位表（本表）,W55,TJ,value / 1000,2026-04-14
2021,FY2021,fiscal_year_april_march,JP,final_consumption_transport,最終消費：運輸,2692.009250587822,PJ,HCV,energy-balance-2021,（簡易表）ｴﾈﾙｷﾞｰ単位表（本表）,W57,TJ,value / 1000,2026-04-14
2021,FY2021,fiscal_year_april_march,JP,final_consumption_electricity,最終消費：電力,3325.595807611171,PJ,HCV,energy-balance-2021,（簡易表）ｴﾈﾙｷﾞｰ単位表（本表）,T37,TJ,value / 1000,2026-04-14
2022,FY2022,fiscal_year_april_march,JP,primary_supply_total,一次エネルギー国内供給,18298.562992719275,PJ,HCV,energy-balance-2022,（簡易表）ｴﾈﾙｷﾞｰ単位表（本表）,W16,TJ,value / 1000,2026-04-14
2022,FY2022,fiscal_year_april_march,JP,domestic_production_total,一次エネルギー国内産出（HCV）,3040.031940167193,PJ,HCV,energy-balance-2022,（簡易表）ｴﾈﾙｷﾞｰ単位表（本表）,W17,TJ,value / 1000,2026-04-14
2022,FY2022,fiscal_year_april_march,JP,primary_supply_coal,一次供給：石炭,4697.962451815643,PJ,HCV,energy-balance-2022,（簡易表）ｴﾈﾙｷﾞｰ単位表（本表）,G16,TJ,value / 1000,2026-04-14
2022,FY2022,fiscal_year_april_march,JP,primary_supply_coal_products,一次供給：石炭製品,-2.4229112641228667,PJ,HCV,energy-balance-2022,（簡易表）ｴﾈﾙｷﾞｰ単位表（本表）,H16,TJ,value / 1000,2026-04-14
2022,FY2022,fiscal_year_april_march,JP,primary_supply_crude_oil,一次供給：原油,5968.172599740914,PJ,HCV,energy-balance-2022,（簡易表）ｴﾈﾙｷﾞｰ単位表（本表）,I16,TJ,value / 1000,2026-04-14
2022,FY2022,fiscal_year_april_march,JP,primary_supply_oil_products,一次供給：石油製品,648.0030973423198,PJ,HCV,energy-balance-2022,（簡易表）ｴﾈﾙｷﾞｰ単位表（本表）,J16,TJ,value / 1000,2026-04-14
2022,FY2022,fiscal_year_april_march,JP,primary_supply_natural_gas,一次供給：天然ガス,3939.625043364966,PJ,HCV,energy-balance-2022,（簡易表）ｴﾈﾙｷﾞｰ単位表（本表）,K16,TJ,value / 1000,2026-04-14
2022,FY2022,fiscal_year_april_march,JP,primary_supply_city_gas,一次供給：都市ガス,-0.22018700000000002,PJ,HCV,energy-balance-2022,（簡易表）ｴﾈﾙｷﾞｰ単位表（本表）,L16,TJ,value / 1000,2026-04-14
2022,FY2022,fiscal_year_april_march,JP,primary_supply_renewables_excl_hydro,一次供給：再生可能エネルギー（水力除く）,1373.6910649031688,PJ,HCV,energy-balance-2022,（簡易表）ｴﾈﾙｷﾞｰ単位表（本表）,N16,TJ,value / 1000,2026-04-14
2022,FY2022,fiscal_year_april_march,JP,primary_supply_hydro,一次供給：水力（揚水除く）,657.7552863384188,PJ,HCV,energy-balance-2022,（簡易表）ｴﾈﾙｷﾞｰ単位表（本表）,O16,TJ,value / 1000,2026-04-14
2022,FY2022,fiscal_year_april_march,JP,primary_supply_pumped,一次供給：揚水,0.0,PJ,HCV,energy-balance-2022,（簡易表）ｴﾈﾙｷﾞｰ単位表（本表）,P16,TJ,value / 1000,2026-04-14
2022,FY2022,fiscal_year_april_march,JP,primary_supply_recovered,一次供給：未活用エネルギー,537.1675336601052,PJ,HCV,energy-balance-2022,（簡易表）ｴﾈﾙｷﾞｰ単位表（本表）,Q16,TJ,value / 1000,2026-04-14
2022,FY2022,fiscal_year_april_march,JP,primary_supply_nuclear,一次供給：原子力,478.82901381785956,PJ,HCV,energy-balance-2022,（簡易表）ｴﾈﾙｷﾞｰ単位表（本表）,R16,TJ,value / 1000,2026-04-14
2022,FY2022,fiscal_year_april_march,JP,final_consumption_total,最終エネルギー消費：合計,11829.987431380521,PJ,HCV,energy-balance-2022,（簡易表）ｴﾈﾙｷﾞｰ単位表（本表）,W37,TJ,value / 1000,2026-04-14
2022,FY2022,fiscal_year_april_march,JP,final_consumption_industry_business,最終消費：企業・事業所他,7259.91646061867,PJ,HCV,energy-balance-2022,（簡易表）ｴﾈﾙｷﾞｰ単位表（本表）,W39,TJ,value / 1000,2026-04-14
2022,FY2022,fiscal_year_april_march,JP,final_consumption_manufacturing,最終消費：製造業,4999.754850241989,PJ,HCV,energy-balance-2022,（簡易表）ｴﾈﾙｷﾞｰ単位表（本表）,W42,TJ,value / 1000,2026-04-14
2022,FY2022,fiscal_year_april_march,JP,final_consumption_commercial,最終消費：業務他,1881.60286429219,PJ,HCV,energy-balance-2022,（簡易表）ｴﾈﾙｷﾞｰ単位表（本表）,W53,TJ,value / 1000,2026-04-14
2022,FY2022,fiscal_year_april_march,JP,final_consumption_households,最終消費：家庭,1778.0390907210017,PJ,HCV,energy-balance-2022,（簡易表）ｴﾈﾙｷﾞｰ単位表（本表）,W55,TJ,value / 1000,2026-04-14
2022,FY2022,fiscal_year_april_march,JP,final_consumption_transport,最終消費：運輸,2792.0318800408495,PJ,HCV,energy-balance-2022,（簡易表）ｴﾈﾙｷﾞｰ単位表（本表）,W57,TJ,value / 1000,2026-04-14
2022,FY2022,fiscal_year_april_march,JP,final_consumption_electricity,最終消費：電力,3247.2598051434284,PJ,HCV,energy-balance-2022,（簡易表）ｴﾈﾙｷﾞｰ単位表（本表）,T37,TJ,value / 1000,2026-04-14
2023,FY2023,fiscal_year_april_march,JP,primary_supply_total,一次エネルギー国内供給,17557.652480077628,PJ,HCV,energy-balance-2023,（簡易表）ｴﾈﾙｷﾞｰ単位表（本表）,W16,TJ,value / 1000,2026-04-14
2023,FY2023,fiscal_year_april_march,JP,domestic_production_total,一次エネルギー国内産出（HCV）,3364.675414783087,PJ,HCV,energy-balance-2023,（簡易表）ｴﾈﾙｷﾞｰ単位表（本表）,W17,TJ,value / 1000,2026-04-14
2023,FY2023,fiscal_year_april_march,JP,primary_supply_coal,一次供給：石炭,4274.993461491496,PJ,HCV,energy-balance-2023,（簡易表）ｴﾈﾙｷﾞｰ単位表（本表）,G16,TJ,value / 1000,2026-04-14
2023,FY2023,fiscal_year_april_march,JP,primary_supply_coal_products,一次供給：石炭製品,12.852383832775931,PJ,HCV,energy-balance-2023,（簡易表）ｴﾈﾙｷﾞｰ単位表（本表）,H16,TJ,value / 1000,2026-04-14
2023,FY2023,fiscal_year_april_march,JP,primary_supply_crude_oil,一次供給：原油,5510.377540680455,PJ,HCV,energy-balance-2023,（簡易表）ｴﾈﾙｷﾞｰ単位表（本表）,I16,TJ,value / 1000,2026-04-14
2023,FY2023,fiscal_year_april_march,JP,primary_supply_oil_products,一次供給：石油製品,747.5157895596773,PJ,HCV,energy-balance-2023,（簡易表）ｴﾈﾙｷﾞｰ単位表（本表）,J16,TJ,value / 1000,2026-04-14
2023,FY2023,fiscal_year_april_march,JP,primary_supply_natural_gas,一次供給：天然ガス,3626.8680899902884,PJ,HCV,energy-balance-2023,（簡易表）ｴﾈﾙｷﾞｰ単位表（本表）,K16,TJ,value / 1000,2026-04-14
2023,FY2023,fiscal_year_april_march,JP,primary_supply_city_gas,一次供給：都市ガス,0.055734,PJ,HCV,energy-balance-2023,（簡易表）ｴﾈﾙｷﾞｰ単位表（本表）,L16,TJ,value / 1000,2026-04-14
2023,FY2023,fiscal_year_april_march,JP,primary_supply_renewables_excl_hydro,一次供給：再生可能エネルギー（水力除く）,1458.079564669886,PJ,HCV,energy-balance-2023,（簡易表）ｴﾈﾙｷﾞｰ単位表（本表）,N16,TJ,value / 1000,2026-04-14
2023,FY2023,fiscal_year_april_march,JP,primary_supply_hydro,一次供給：水力（揚水除く）,647.8148688232674,PJ,HCV,energy-balance-2023,（簡易表）ｴﾈﾙｷﾞｰ単位表（本表）,O16,TJ,value / 1000,2026-04-14
2023,FY2023,fiscal_year_april_march,JP,primary_supply_pumped,一次供給：揚水,0.0,PJ,HCV,energy-balance-2023,（簡易表）ｴﾈﾙｷﾞｰ単位表（本表）,P16,TJ,value / 1000,2026-04-14
2023,FY2023,fiscal_year_april_march,JP,primary_supply_recovered,一次供給：未活用エネルギー,555.0944350492389,PJ,HCV,energy-balance-2023,（簡易表）ｴﾈﾙｷﾞｰ単位表（本表）,Q16,TJ,value / 1000,2026-04-14
2023,FY2023,fiscal_year_april_march,JP,primary_supply_nuclear,一次供給：原子力,724.0006119805421,PJ,HCV,energy-balance-2023,（簡易表）ｴﾈﾙｷﾞｰ単位表（本表）,R16,TJ,value / 1000,2026-04-14
2023,FY2023,fiscal_year_april_march,JP,final_consumption_total,最終エネルギー消費：合計,11509.45916458032,PJ,HCV,energy-balance-2023,（簡易表）ｴﾈﾙｷﾞｰ単位表（本表）,W37,TJ,value / 1000,2026-04-14
2023,FY2023,fiscal_year_april_march,JP,final_consumption_industry_business,最終消費：企業・事業所他,7032.374233181975,PJ,HCV,energy-balance-2023,（簡易表）ｴﾈﾙｷﾞｰ単位表（本表）,W39,TJ,value / 1000,2026-04-14
2023,FY2023,fiscal_year_april_march,JP,final_consumption_manufacturing,最終消費：製造業,4883.833011037653,PJ,HCV,energy-balance-2023,（簡易表）ｴﾈﾙｷﾞｰ単位表（本表）,W42,TJ,value / 1000,2026-04-14
2023,FY2023,fiscal_year_april_march,JP,final_consumption_commercial,最終消費：業務他,1788.0570616241332,PJ,HCV,energy-balance-2023,（簡易表）ｴﾈﾙｷﾞｰ単位表（本表）,W53,TJ,value / 1000,2026-04-14
2023,FY2023,fiscal_year_april_march,JP,final_consumption_households,最終消費：家庭,1696.8757770669474,PJ,HCV,energy-balance-2023,（簡易表）ｴﾈﾙｷﾞｰ単位表（本表）,W55,TJ,value / 1000,2026-04-14
2023,FY2023,fiscal_year_april_march,JP,final_consumption_transport,最終消費：運輸,2780.2091543313945,PJ,HCV,energy-balance-2023,（簡易表）ｴﾈﾙｷﾞｰ単位表（本表）,W57,TJ,value / 1000,2026-04-14
2023,FY2023,fiscal_year_april_march,JP,final_consumption_electricity,最終消費：電力,3150.9521811947266,PJ,HCV,energy-balance-2023,（簡易表）ｴﾈﾙｷﾞｰ単位表（本表）,T37,TJ,value / 1000,2026-04-14
2024,FY2024,fiscal_year_april_march,JP,primary_supply_total,一次エネルギー国内供給,17461.344373047916,PJ,HCV,energy-balance-2024,（簡易表）ｴﾈﾙｷﾞｰ単位表（本表）,W16,TJ,value / 1000,2026-04-14
2024,FY2024,fiscal_year_april_march,JP,domestic_production_total,一次エネルギー国内産出（HCV）,3436.421984458026,PJ,HCV,energy-balance-2024,（簡易表）ｴﾈﾙｷﾞｰ単位表（本表）,W17,TJ,value / 1000,2026-04-14
2024,FY2024,fiscal_year_april_march,JP,primary_supply_coal,一次供給：石炭,4300.50728158551,PJ,HCV,energy-balance-2024,（簡易表）ｴﾈﾙｷﾞｰ単位表（本表）,G16,TJ,value / 1000,2026-04-14
2024,FY2024,fiscal_year_april_march,JP,primary_supply_coal_products,一次供給：石炭製品,-8.243596385993367,PJ,HCV,energy-balance-2024,（簡易表）ｴﾈﾙｷﾞｰ単位表（本表）,H16,TJ,value / 1000,2026-04-14
2024,FY2024,fiscal_year_april_march,JP,primary_supply_crude_oil,一次供給：原油,5138.145925196632,PJ,HCV,energy-balance-2024,（簡易表）ｴﾈﾙｷﾞｰ単位表（本表）,I16,TJ,value / 1000,2026-04-14
2024,FY2024,fiscal_year_april_march,JP,primary_supply_oil_products,一次供給：石油製品,889.968367978764,PJ,HCV,energy-balance-2024,（簡易表）ｴﾈﾙｷﾞｰ単位表（本表）,J16,TJ,value / 1000,2026-04-14
2024,FY2024,fiscal_year_april_march,JP,primary_supply_natural_gas,一次供給：天然ガス,3671.80472299913,PJ,HCV,energy-balance-2024,（簡易表）ｴﾈﾙｷﾞｰ単位表（本表）,K16,TJ,value / 1000,2026-04-14
2024,FY2024,fiscal_year_april_march,JP,primary_supply_city_gas,一次供給：都市ガス,0.09379799999999999,PJ,HCV,energy-balance-2024,（簡易表）ｴﾈﾙｷﾞｰ単位表（本表）,L16,TJ,value / 1000,2026-04-14
2024,FY2024,fiscal_year_april_march,JP,primary_supply_renewables_excl_hydro,一次供給：再生可能エネルギー（水力除く）,1475.6018372540439,PJ,HCV,energy-balance-2024,（簡易表）ｴﾈﾙｷﾞｰ単位表（本表）,N16,TJ,value / 1000,2026-04-14
2024,FY2024,fiscal_year_april_march,JP,primary_supply_hydro,一次供給：水力（揚水除く）,626.0154658868354,PJ,HCV,energy-balance-2024,（簡易表）ｴﾈﾙｷﾞｰ単位表（本表）,O16,TJ,value / 1000,2026-04-14
2024,FY2024,fiscal_year_april_march,JP,primary_supply_pumped,一次供給：揚水,0.0,PJ,HCV,energy-balance-2024,（簡易表）ｴﾈﾙｷﾞｰ単位表（本表）,P16,TJ,value / 1000,2026-04-14
2024,FY2024,fiscal_year_april_march,JP,primary_supply_recovered,一次供給：未活用エネルギー,573.9300368287386,PJ,HCV,energy-balance-2024,（簡易表）ｴﾈﾙｷﾞｰ単位表（本表）,Q16,TJ,value / 1000,2026-04-14
2024,FY2024,fiscal_year_april_march,JP,primary_supply_nuclear,一次供給：原子力,793.5205337042539,PJ,HCV,energy-balance-2024,（簡易表）ｴﾈﾙｷﾞｰ単位表（本表）,R16,TJ,value / 1000,2026-04-14
2024,FY2024,fiscal_year_april_march,JP,final_consumption_total,最終エネルギー消費：合計,11280.435106711057,PJ,HCV,energy-balance-2024,（簡易表）ｴﾈﾙｷﾞｰ単位表（本表）,W37,TJ,value / 1000,2026-04-14
2024,FY2024,fiscal_year_april_march,JP,final_consumption_industry_business,最終消費：企業・事業所他,6844.403812766694,PJ,HCV,energy-balance-2024,（簡易表）ｴﾈﾙｷﾞｰ単位表（本表）,W39,TJ,value / 1000,2026-04-14
2024,FY2024,fiscal_year_april_march,JP,final_consumption_manufacturing,最終消費：製造業,4685.645789268732,PJ,HCV,energy-balance-2024,（簡易表）ｴﾈﾙｷﾞｰ単位表（本表）,W42,TJ,value / 1000,2026-04-14
2024,FY2024,fiscal_year_april_march,JP,final_consumption_commercial,最終消費：業務他,1804.734194165548,PJ,HCV,energy-balance-2024,（簡易表）ｴﾈﾙｷﾞｰ単位表（本表）,W53,TJ,value / 1000,2026-04-14
2024,FY2024,fiscal_year_april_march,JP,final_consumption_households,最終消費：家庭,1697.1787300688766,PJ,HCV,energy-balance-2024,（簡易表）ｴﾈﾙｷﾞｰ単位表（本表）,W55,TJ,value / 1000,2026-04-14
2024,FY2024,fiscal_year_april_march,JP,final_consumption_transport,最終消費：運輸,2738.852563875486,PJ,HCV,energy-balance-2024,（簡易表）ｴﾈﾙｷﾞｰ単位表（本表）,W57,TJ,value / 1000,2026-04-14
2024,FY2024,fiscal_year_april_march,JP,final_consumption_electricity,最終消費：電力,3170.7674040569723,PJ,HCV,energy-balance-2024,（簡易表）ｴﾈﾙｷﾞｰ単位表（本表）,T37,TJ,value / 1000,2026-04-14
