year,series_id,label,value,unit,frequency,geography,industry_code,industry_name,measure,source_id
2018,iip_production_1000000000,鉱工業・生産,114.6,index_2020_100,calendar_year,Japan,1000000000,鉱工業,production,industry-iip-annual-20260914
2019,iip_production_1000000000,鉱工業・生産,111.6,index_2020_100,calendar_year,Japan,1000000000,鉱工業,production,industry-iip-annual-20260914
2020,iip_production_1000000000,鉱工業・生産,100.0,index_2020_100,calendar_year,Japan,1000000000,鉱工業,production,industry-iip-annual-20260914
2021,iip_production_1000000000,鉱工業・生産,105.4,index_2020_100,calendar_year,Japan,1000000000,鉱工業,production,industry-iip-annual-20260914
2022,iip_production_1000000000,鉱工業・生産,105.3,index_2020_100,calendar_year,Japan,1000000000,鉱工業,production,industry-iip-annual-20260914
2023,iip_production_1000000000,鉱工業・生産,103.9,index_2020_100,calendar_year,Japan,1000000000,鉱工業,production,industry-iip-annual-20260914
2024,iip_production_1000000000,鉱工業・生産,101.2,index_2020_100,calendar_year,Japan,1000000000,鉱工業,production,industry-iip-annual-20260914
2025,iip_production_1000000000,鉱工業・生産,100.9,index_2020_100,calendar_year,Japan,1000000000,鉱工業,production,industry-iip-annual-20260914
2018,iip_production_1100000000,製造工業・生産,114.7,index_2020_100,calendar_year,Japan,1100000000,製造工業,production,industry-iip-annual-20260914
2019,iip_production_1100000000,製造工業・生産,111.6,index_2020_100,calendar_year,Japan,1100000000,製造工業,production,industry-iip-annual-20260914
2020,iip_production_1100000000,製造工業・生産,100.0,index_2020_100,calendar_year,Japan,1100000000,製造工業,production,industry-iip-annual-20260914
2021,iip_production_1100000000,製造工業・生産,105.4,index_2020_100,calendar_year,Japan,1100000000,製造工業,production,industry-iip-annual-20260914
2022,iip_production_1100000000,製造工業・生産,105.3,index_2020_100,calendar_year,Japan,1100000000,製造工業,production,industry-iip-annual-20260914
2023,iip_production_1100000000,製造工業・生産,104.0,index_2020_100,calendar_year,Japan,1100000000,製造工業,production,industry-iip-annual-20260914
2024,iip_production_1100000000,製造工業・生産,101.2,index_2020_100,calendar_year,Japan,1100000000,製造工業,production,industry-iip-annual-20260914
2025,iip_production_1100000000,製造工業・生産,100.9,index_2020_100,calendar_year,Japan,1100000000,製造工業,production,industry-iip-annual-20260914
2018,iip_production_1101000000,鉄鋼・非鉄金属工業・生産,123.1,index_2020_100,calendar_year,Japan,1101000000,鉄鋼・非鉄金属工業,production,industry-iip-annual-20260914
2019,iip_production_1101000000,鉄鋼・非鉄金属工業・生産,116.4,index_2020_100,calendar_year,Japan,1101000000,鉄鋼・非鉄金属工業,production,industry-iip-annual-20260914
2020,iip_production_1101000000,鉄鋼・非鉄金属工業・生産,100.0,index_2020_100,calendar_year,Japan,1101000000,鉄鋼・非鉄金属工業,production,industry-iip-annual-20260914
2021,iip_production_1101000000,鉄鋼・非鉄金属工業・生産,112.7,index_2020_100,calendar_year,Japan,1101000000,鉄鋼・非鉄金属工業,production,industry-iip-annual-20260914
2022,iip_production_1101000000,鉄鋼・非鉄金属工業・生産,107.6,index_2020_100,calendar_year,Japan,1101000000,鉄鋼・非鉄金属工業,production,industry-iip-annual-20260914
2023,iip_production_1101000000,鉄鋼・非鉄金属工業・生産,104.5,index_2020_100,calendar_year,Japan,1101000000,鉄鋼・非鉄金属工業,production,industry-iip-annual-20260914
2024,iip_production_1101000000,鉄鋼・非鉄金属工業・生産,101.7,index_2020_100,calendar_year,Japan,1101000000,鉄鋼・非鉄金属工業,production,industry-iip-annual-20260914
2025,iip_production_1101000000,鉄鋼・非鉄金属工業・生産,99.9,index_2020_100,calendar_year,Japan,1101000000,鉄鋼・非鉄金属工業,production,industry-iip-annual-20260914
2018,iip_production_1101100000,鉄鋼業・生産,128.1,index_2020_100,calendar_year,Japan,1101100000,鉄鋼業,production,industry-iip-annual-20260914
2019,iip_production_1101100000,鉄鋼業・生産,121.1,index_2020_100,calendar_year,Japan,1101100000,鉄鋼業,production,industry-iip-annual-20260914
2020,iip_production_1101100000,鉄鋼業・生産,100.0,index_2020_100,calendar_year,Japan,1101100000,鉄鋼業,production,industry-iip-annual-20260914
2021,iip_production_1101100000,鉄鋼業・生産,116.7,index_2020_100,calendar_year,Japan,1101100000,鉄鋼業,production,industry-iip-annual-20260914
2022,iip_production_1101100000,鉄鋼業・生産,108.6,index_2020_100,calendar_year,Japan,1101100000,鉄鋼業,production,industry-iip-annual-20260914
2023,iip_production_1101100000,鉄鋼業・生産,106.1,index_2020_100,calendar_year,Japan,1101100000,鉄鋼業,production,industry-iip-annual-20260914
2024,iip_production_1101100000,鉄鋼業・生産,101.8,index_2020_100,calendar_year,Japan,1101100000,鉄鋼業,production,industry-iip-annual-20260914
2025,iip_production_1101100000,鉄鋼業・生産,99.9,index_2020_100,calendar_year,Japan,1101100000,鉄鋼業,production,industry-iip-annual-20260914
2018,iip_production_1101101000,鉄鋼粗製品・生産,125.2,index_2020_100,calendar_year,Japan,1101101000,鉄鋼粗製品,production,industry-iip-annual-20260914
2019,iip_production_1101101000,鉄鋼粗製品・生産,119.6,index_2020_100,calendar_year,Japan,1101101000,鉄鋼粗製品,production,industry-iip-annual-20260914
2020,iip_production_1101101000,鉄鋼粗製品・生産,100.0,index_2020_100,calendar_year,Japan,1101101000,鉄鋼粗製品,production,industry-iip-annual-20260914
2021,iip_production_1101101000,鉄鋼粗製品・生産,115.7,index_2020_100,calendar_year,Japan,1101101000,鉄鋼粗製品,production,industry-iip-annual-20260914
2022,iip_production_1101101000,鉄鋼粗製品・生産,106.8,index_2020_100,calendar_year,Japan,1101101000,鉄鋼粗製品,production,industry-iip-annual-20260914
2023,iip_production_1101101000,鉄鋼粗製品・生産,104.2,index_2020_100,calendar_year,Japan,1101101000,鉄鋼粗製品,production,industry-iip-annual-20260914
2024,iip_production_1101101000,鉄鋼粗製品・生産,100.7,index_2020_100,calendar_year,Japan,1101101000,鉄鋼粗製品,production,industry-iip-annual-20260914
2025,iip_production_1101101000,鉄鋼粗製品・生産,96.6,index_2020_100,calendar_year,Japan,1101101000,鉄鋼粗製品,production,industry-iip-annual-20260914
2018,iip_production_1101102000,熱間圧延鋼材・生産,128.1,index_2020_100,calendar_year,Japan,1101102000,熱間圧延鋼材,production,industry-iip-annual-20260914
2019,iip_production_1101102000,熱間圧延鋼材・生産,121.0,index_2020_100,calendar_year,Japan,1101102000,熱間圧延鋼材,production,industry-iip-annual-20260914
2020,iip_production_1101102000,熱間圧延鋼材・生産,100.0,index_2020_100,calendar_year,Japan,1101102000,熱間圧延鋼材,production,industry-iip-annual-20260914
2021,iip_production_1101102000,熱間圧延鋼材・生産,116.5,index_2020_100,calendar_year,Japan,1101102000,熱間圧延鋼材,production,industry-iip-annual-20260914
2022,iip_production_1101102000,熱間圧延鋼材・生産,108.6,index_2020_100,calendar_year,Japan,1101102000,熱間圧延鋼材,production,industry-iip-annual-20260914
2023,iip_production_1101102000,熱間圧延鋼材・生産,105.3,index_2020_100,calendar_year,Japan,1101102000,熱間圧延鋼材,production,industry-iip-annual-20260914
2024,iip_production_1101102000,熱間圧延鋼材・生産,102.0,index_2020_100,calendar_year,Japan,1101102000,熱間圧延鋼材,production,industry-iip-annual-20260914
2025,iip_production_1101102000,熱間圧延鋼材・生産,99.2,index_2020_100,calendar_year,Japan,1101102000,熱間圧延鋼材,production,industry-iip-annual-20260914
2018,iip_production_1101103000,冷間仕上鋼材・生産,130.1,index_2020_100,calendar_year,Japan,1101103000,冷間仕上鋼材,production,industry-iip-annual-20260914
2019,iip_production_1101103000,冷間仕上鋼材・生産,122.3,index_2020_100,calendar_year,Japan,1101103000,冷間仕上鋼材,production,industry-iip-annual-20260914
2020,iip_production_1101103000,冷間仕上鋼材・生産,100.0,index_2020_100,calendar_year,Japan,1101103000,冷間仕上鋼材,production,industry-iip-annual-20260914
2021,iip_production_1101103000,冷間仕上鋼材・生産,120.8,index_2020_100,calendar_year,Japan,1101103000,冷間仕上鋼材,production,industry-iip-annual-20260914
2022,iip_production_1101103000,冷間仕上鋼材・生産,107.5,index_2020_100,calendar_year,Japan,1101103000,冷間仕上鋼材,production,industry-iip-annual-20260914
2023,iip_production_1101103000,冷間仕上鋼材・生産,102.5,index_2020_100,calendar_year,Japan,1101103000,冷間仕上鋼材,production,industry-iip-annual-20260914
2024,iip_production_1101103000,冷間仕上鋼材・生産,99.9,index_2020_100,calendar_year,Japan,1101103000,冷間仕上鋼材,production,industry-iip-annual-20260914
2025,iip_production_1101103000,冷間仕上鋼材・生産,99.8,index_2020_100,calendar_year,Japan,1101103000,冷間仕上鋼材,production,industry-iip-annual-20260914
2018,iip_production_1101104000,鋼管・生産,135.9,index_2020_100,calendar_year,Japan,1101104000,鋼管,production,industry-iip-annual-20260914
2019,iip_production_1101104000,鋼管・生産,128.5,index_2020_100,calendar_year,Japan,1101104000,鋼管,production,industry-iip-annual-20260914
2020,iip_production_1101104000,鋼管・生産,100.0,index_2020_100,calendar_year,Japan,1101104000,鋼管,production,industry-iip-annual-20260914
2021,iip_production_1101104000,鋼管・生産,102.8,index_2020_100,calendar_year,Japan,1101104000,鋼管,production,industry-iip-annual-20260914
2022,iip_production_1101104000,鋼管・生産,101.6,index_2020_100,calendar_year,Japan,1101104000,鋼管,production,industry-iip-annual-20260914
2023,iip_production_1101104000,鋼管・生産,95.8,index_2020_100,calendar_year,Japan,1101104000,鋼管,production,industry-iip-annual-20260914
2024,iip_production_1101104000,鋼管・生産,91.7,index_2020_100,calendar_year,Japan,1101104000,鋼管,production,industry-iip-annual-20260914
2025,iip_production_1101104000,鋼管・生産,88.6,index_2020_100,calendar_year,Japan,1101104000,鋼管,production,industry-iip-annual-20260914
2018,iip_production_1101105000,めっき鋼材・生産,132.1,index_2020_100,calendar_year,Japan,1101105000,めっき鋼材,production,industry-iip-annual-20260914
2019,iip_production_1101105000,めっき鋼材・生産,123.2,index_2020_100,calendar_year,Japan,1101105000,めっき鋼材,production,industry-iip-annual-20260914
2020,iip_production_1101105000,めっき鋼材・生産,100.0,index_2020_100,calendar_year,Japan,1101105000,めっき鋼材,production,industry-iip-annual-20260914
2021,iip_production_1101105000,めっき鋼材・生産,119.1,index_2020_100,calendar_year,Japan,1101105000,めっき鋼材,production,industry-iip-annual-20260914
2022,iip_production_1101105000,めっき鋼材・生産,102.4,index_2020_100,calendar_year,Japan,1101105000,めっき鋼材,production,industry-iip-annual-20260914
2023,iip_production_1101105000,めっき鋼材・生産,104.5,index_2020_100,calendar_year,Japan,1101105000,めっき鋼材,production,industry-iip-annual-20260914
2024,iip_production_1101105000,めっき鋼材・生産,99.8,index_2020_100,calendar_year,Japan,1101105000,めっき鋼材,production,industry-iip-annual-20260914
2025,iip_production_1101105000,めっき鋼材・生産,98.1,index_2020_100,calendar_year,Japan,1101105000,めっき鋼材,production,industry-iip-annual-20260914
2018,iip_production_1101106000,鋳鍛造品・生産,127.3,index_2020_100,calendar_year,Japan,1101106000,鋳鍛造品,production,industry-iip-annual-20260914
2019,iip_production_1101106000,鋳鍛造品・生産,119.7,index_2020_100,calendar_year,Japan,1101106000,鋳鍛造品,production,industry-iip-annual-20260914
2020,iip_production_1101106000,鋳鍛造品・生産,100.0,index_2020_100,calendar_year,Japan,1101106000,鋳鍛造品,production,industry-iip-annual-20260914
2021,iip_production_1101106000,鋳鍛造品・生産,117.8,index_2020_100,calendar_year,Japan,1101106000,鋳鍛造品,production,industry-iip-annual-20260914
2022,iip_production_1101106000,鋳鍛造品・生産,116.2,index_2020_100,calendar_year,Japan,1101106000,鋳鍛造品,production,industry-iip-annual-20260914
2023,iip_production_1101106000,鋳鍛造品・生産,115.6,index_2020_100,calendar_year,Japan,1101106000,鋳鍛造品,production,industry-iip-annual-20260914
2024,iip_production_1101106000,鋳鍛造品・生産,107.4,index_2020_100,calendar_year,Japan,1101106000,鋳鍛造品,production,industry-iip-annual-20260914
2025,iip_production_1101106000,鋳鍛造品・生産,108.9,index_2020_100,calendar_year,Japan,1101106000,鋳鍛造品,production,industry-iip-annual-20260914
2018,iip_production_1101200000,非鉄金属工業・生産,116.3,index_2020_100,calendar_year,Japan,1101200000,非鉄金属工業,production,industry-iip-annual-20260914
2019,iip_production_1101200000,非鉄金属工業・生産,110.2,index_2020_100,calendar_year,Japan,1101200000,非鉄金属工業,production,industry-iip-annual-20260914
2020,iip_production_1101200000,非鉄金属工業・生産,100.0,index_2020_100,calendar_year,Japan,1101200000,非鉄金属工業,production,industry-iip-annual-20260914
2021,iip_production_1101200000,非鉄金属工業・生産,107.3,index_2020_100,calendar_year,Japan,1101200000,非鉄金属工業,production,industry-iip-annual-20260914
2022,iip_production_1101200000,非鉄金属工業・生産,106.2,index_2020_100,calendar_year,Japan,1101200000,非鉄金属工業,production,industry-iip-annual-20260914
2023,iip_production_1101200000,非鉄金属工業・生産,102.2,index_2020_100,calendar_year,Japan,1101200000,非鉄金属工業,production,industry-iip-annual-20260914
2024,iip_production_1101200000,非鉄金属工業・生産,101.6,index_2020_100,calendar_year,Japan,1101200000,非鉄金属工業,production,industry-iip-annual-20260914
2025,iip_production_1101200000,非鉄金属工業・生産,99.9,index_2020_100,calendar_year,Japan,1101200000,非鉄金属工業,production,industry-iip-annual-20260914
2018,iip_production_1101201000,非鉄金属精錬・精製品・生産,106.0,index_2020_100,calendar_year,Japan,1101201000,非鉄金属精錬・精製品,production,industry-iip-annual-20260914
2019,iip_production_1101201000,非鉄金属精錬・精製品・生産,99.3,index_2020_100,calendar_year,Japan,1101201000,非鉄金属精錬・精製品,production,industry-iip-annual-20260914
2020,iip_production_1101201000,非鉄金属精錬・精製品・生産,100.0,index_2020_100,calendar_year,Japan,1101201000,非鉄金属精錬・精製品,production,industry-iip-annual-20260914
2021,iip_production_1101201000,非鉄金属精錬・精製品・生産,98.7,index_2020_100,calendar_year,Japan,1101201000,非鉄金属精錬・精製品,production,industry-iip-annual-20260914
2022,iip_production_1101201000,非鉄金属精錬・精製品・生産,101.3,index_2020_100,calendar_year,Japan,1101201000,非鉄金属精錬・精製品,production,industry-iip-annual-20260914
2023,iip_production_1101201000,非鉄金属精錬・精製品・生産,94.9,index_2020_100,calendar_year,Japan,1101201000,非鉄金属精錬・精製品,production,industry-iip-annual-20260914
2024,iip_production_1101201000,非鉄金属精錬・精製品・生産,98.2,index_2020_100,calendar_year,Japan,1101201000,非鉄金属精錬・精製品,production,industry-iip-annual-20260914
2025,iip_production_1101201000,非鉄金属精錬・精製品・生産,87.0,index_2020_100,calendar_year,Japan,1101201000,非鉄金属精錬・精製品,production,industry-iip-annual-20260914
2018,iip_production_1101202000,非鉄金属圧延製品・生産,120.4,index_2020_100,calendar_year,Japan,1101202000,非鉄金属圧延製品,production,industry-iip-annual-20260914
2019,iip_production_1101202000,非鉄金属圧延製品・生産,112.6,index_2020_100,calendar_year,Japan,1101202000,非鉄金属圧延製品,production,industry-iip-annual-20260914
2020,iip_production_1101202000,非鉄金属圧延製品・生産,100.0,index_2020_100,calendar_year,Japan,1101202000,非鉄金属圧延製品,production,industry-iip-annual-20260914
2021,iip_production_1101202000,非鉄金属圧延製品・生産,114.1,index_2020_100,calendar_year,Japan,1101202000,非鉄金属圧延製品,production,industry-iip-annual-20260914
2022,iip_production_1101202000,非鉄金属圧延製品・生産,109.5,index_2020_100,calendar_year,Japan,1101202000,非鉄金属圧延製品,production,industry-iip-annual-20260914
2023,iip_production_1101202000,非鉄金属圧延製品・生産,98.7,index_2020_100,calendar_year,Japan,1101202000,非鉄金属圧延製品,production,industry-iip-annual-20260914
2024,iip_production_1101202000,非鉄金属圧延製品・生産,97.2,index_2020_100,calendar_year,Japan,1101202000,非鉄金属圧延製品,production,industry-iip-annual-20260914
2025,iip_production_1101202000,非鉄金属圧延製品・生産,97.5,index_2020_100,calendar_year,Japan,1101202000,非鉄金属圧延製品,production,industry-iip-annual-20260914
2018,iip_production_1101203000,電線・ケーブル・生産,107.7,index_2020_100,calendar_year,Japan,1101203000,電線・ケーブル,production,industry-iip-annual-20260914
2019,iip_production_1101203000,電線・ケーブル・生産,105.3,index_2020_100,calendar_year,Japan,1101203000,電線・ケーブル,production,industry-iip-annual-20260914
2020,iip_production_1101203000,電線・ケーブル・生産,100.0,index_2020_100,calendar_year,Japan,1101203000,電線・ケーブル,production,industry-iip-annual-20260914
2021,iip_production_1101203000,電線・ケーブル・生産,111.0,index_2020_100,calendar_year,Japan,1101203000,電線・ケーブル,production,industry-iip-annual-20260914
2022,iip_production_1101203000,電線・ケーブル・生産,111.5,index_2020_100,calendar_year,Japan,1101203000,電線・ケーブル,production,industry-iip-annual-20260914
2023,iip_production_1101203000,電線・ケーブル・生産,103.8,index_2020_100,calendar_year,Japan,1101203000,電線・ケーブル,production,industry-iip-annual-20260914
2024,iip_production_1101203000,電線・ケーブル・生産,107.4,index_2020_100,calendar_year,Japan,1101203000,電線・ケーブル,production,industry-iip-annual-20260914
2025,iip_production_1101203000,電線・ケーブル・生産,120.7,index_2020_100,calendar_year,Japan,1101203000,電線・ケーブル,production,industry-iip-annual-20260914
2018,iip_production_1101204000,非鉄金属鋳物・生産,129.3,index_2020_100,calendar_year,Japan,1101204000,非鉄金属鋳物,production,industry-iip-annual-20260914
2019,iip_production_1101204000,非鉄金属鋳物・生産,123.5,index_2020_100,calendar_year,Japan,1101204000,非鉄金属鋳物,production,industry-iip-annual-20260914
2020,iip_production_1101204000,非鉄金属鋳物・生産,100.0,index_2020_100,calendar_year,Japan,1101204000,非鉄金属鋳物,production,industry-iip-annual-20260914
2021,iip_production_1101204000,非鉄金属鋳物・生産,109.5,index_2020_100,calendar_year,Japan,1101204000,非鉄金属鋳物,production,industry-iip-annual-20260914
2022,iip_production_1101204000,非鉄金属鋳物・生産,106.3,index_2020_100,calendar_year,Japan,1101204000,非鉄金属鋳物,production,industry-iip-annual-20260914
2023,iip_production_1101204000,非鉄金属鋳物・生産,113.5,index_2020_100,calendar_year,Japan,1101204000,非鉄金属鋳物,production,industry-iip-annual-20260914
2024,iip_production_1101204000,非鉄金属鋳物・生産,107.0,index_2020_100,calendar_year,Japan,1101204000,非鉄金属鋳物,production,industry-iip-annual-20260914
2025,iip_production_1101204000,非鉄金属鋳物・生産,106.9,index_2020_100,calendar_year,Japan,1101204000,非鉄金属鋳物,production,industry-iip-annual-20260914
2018,iip_production_1102000000,金属製品工業・生産,114.5,index_2020_100,calendar_year,Japan,1102000000,金属製品工業,production,industry-iip-annual-20260914
2019,iip_production_1102000000,金属製品工業・生産,112.7,index_2020_100,calendar_year,Japan,1102000000,金属製品工業,production,industry-iip-annual-20260914
2020,iip_production_1102000000,金属製品工業・生産,100.0,index_2020_100,calendar_year,Japan,1102000000,金属製品工業,production,industry-iip-annual-20260914
2021,iip_production_1102000000,金属製品工業・生産,103.5,index_2020_100,calendar_year,Japan,1102000000,金属製品工業,production,industry-iip-annual-20260914
2022,iip_production_1102000000,金属製品工業・生産,103.0,index_2020_100,calendar_year,Japan,1102000000,金属製品工業,production,industry-iip-annual-20260914
2023,iip_production_1102000000,金属製品工業・生産,99.2,index_2020_100,calendar_year,Japan,1102000000,金属製品工業,production,industry-iip-annual-20260914
2024,iip_production_1102000000,金属製品工業・生産,95.6,index_2020_100,calendar_year,Japan,1102000000,金属製品工業,production,industry-iip-annual-20260914
2025,iip_production_1102000000,金属製品工業・生産,92.9,index_2020_100,calendar_year,Japan,1102000000,金属製品工業,production,industry-iip-annual-20260914
2018,iip_production_1102001000,建設用金属製品・生産,107.6,index_2020_100,calendar_year,Japan,1102001000,建設用金属製品,production,industry-iip-annual-20260914
2019,iip_production_1102001000,建設用金属製品・生産,110.7,index_2020_100,calendar_year,Japan,1102001000,建設用金属製品,production,industry-iip-annual-20260914
2020,iip_production_1102001000,建設用金属製品・生産,100.0,index_2020_100,calendar_year,Japan,1102001000,建設用金属製品,production,industry-iip-annual-20260914
2021,iip_production_1102001000,建設用金属製品・生産,94.3,index_2020_100,calendar_year,Japan,1102001000,建設用金属製品,production,industry-iip-annual-20260914
2022,iip_production_1102001000,建設用金属製品・生産,91.9,index_2020_100,calendar_year,Japan,1102001000,建設用金属製品,production,industry-iip-annual-20260914
2023,iip_production_1102001000,建設用金属製品・生産,97.5,index_2020_100,calendar_year,Japan,1102001000,建設用金属製品,production,industry-iip-annual-20260914
2024,iip_production_1102001000,建設用金属製品・生産,93.9,index_2020_100,calendar_year,Japan,1102001000,建設用金属製品,production,industry-iip-annual-20260914
2025,iip_production_1102001000,建設用金属製品・生産,79.5,index_2020_100,calendar_year,Japan,1102001000,建設用金属製品,production,industry-iip-annual-20260914
2018,iip_production_1102002000,建築用金属製品・生産,113.2,index_2020_100,calendar_year,Japan,1102002000,建築用金属製品,production,industry-iip-annual-20260914
2019,iip_production_1102002000,建築用金属製品・生産,113.1,index_2020_100,calendar_year,Japan,1102002000,建築用金属製品,production,industry-iip-annual-20260914
2020,iip_production_1102002000,建築用金属製品・生産,100.0,index_2020_100,calendar_year,Japan,1102002000,建築用金属製品,production,industry-iip-annual-20260914
2021,iip_production_1102002000,建築用金属製品・生産,102.1,index_2020_100,calendar_year,Japan,1102002000,建築用金属製品,production,industry-iip-annual-20260914
2022,iip_production_1102002000,建築用金属製品・生産,101.7,index_2020_100,calendar_year,Japan,1102002000,建築用金属製品,production,industry-iip-annual-20260914
2023,iip_production_1102002000,建築用金属製品・生産,94.9,index_2020_100,calendar_year,Japan,1102002000,建築用金属製品,production,industry-iip-annual-20260914
2024,iip_production_1102002000,建築用金属製品・生産,90.0,index_2020_100,calendar_year,Japan,1102002000,建築用金属製品,production,industry-iip-annual-20260914
2025,iip_production_1102002000,建築用金属製品・生産,87.3,index_2020_100,calendar_year,Japan,1102002000,建築用金属製品,production,industry-iip-annual-20260914
2018,iip_production_1102003000,暖房・調理等装置・生産,110.7,index_2020_100,calendar_year,Japan,1102003000,暖房・調理等装置,production,industry-iip-annual-20260914
2019,iip_production_1102003000,暖房・調理等装置・生産,103.8,index_2020_100,calendar_year,Japan,1102003000,暖房・調理等装置,production,industry-iip-annual-20260914
2020,iip_production_1102003000,暖房・調理等装置・生産,100.0,index_2020_100,calendar_year,Japan,1102003000,暖房・調理等装置,production,industry-iip-annual-20260914
2021,iip_production_1102003000,暖房・調理等装置・生産,97.1,index_2020_100,calendar_year,Japan,1102003000,暖房・調理等装置,production,industry-iip-annual-20260914
2022,iip_production_1102003000,暖房・調理等装置・生産,115.9,index_2020_100,calendar_year,Japan,1102003000,暖房・調理等装置,production,industry-iip-annual-20260914
2023,iip_production_1102003000,暖房・調理等装置・生産,94.2,index_2020_100,calendar_year,Japan,1102003000,暖房・調理等装置,production,industry-iip-annual-20260914
2024,iip_production_1102003000,暖房・調理等装置・生産,90.5,index_2020_100,calendar_year,Japan,1102003000,暖房・調理等装置,production,industry-iip-annual-20260914
2025,iip_production_1102003000,暖房・調理等装置・生産,90.9,index_2020_100,calendar_year,Japan,1102003000,暖房・調理等装置,production,industry-iip-annual-20260914
2018,iip_production_1102004000,粉末冶金製品・生産,127.7,index_2020_100,calendar_year,Japan,1102004000,粉末冶金製品,production,industry-iip-annual-20260914
2019,iip_production_1102004000,粉末冶金製品・生産,122.1,index_2020_100,calendar_year,Japan,1102004000,粉末冶金製品,production,industry-iip-annual-20260914
2020,iip_production_1102004000,粉末冶金製品・生産,100.0,index_2020_100,calendar_year,Japan,1102004000,粉末冶金製品,production,industry-iip-annual-20260914
2021,iip_production_1102004000,粉末冶金製品・生産,117.1,index_2020_100,calendar_year,Japan,1102004000,粉末冶金製品,production,industry-iip-annual-20260914
2022,iip_production_1102004000,粉末冶金製品・生産,110.5,index_2020_100,calendar_year,Japan,1102004000,粉末冶金製品,production,industry-iip-annual-20260914
2023,iip_production_1102004000,粉末冶金製品・生産,98.6,index_2020_100,calendar_year,Japan,1102004000,粉末冶金製品,production,industry-iip-annual-20260914
2024,iip_production_1102004000,粉末冶金製品・生産,95.9,index_2020_100,calendar_year,Japan,1102004000,粉末冶金製品,production,industry-iip-annual-20260914
2025,iip_production_1102004000,粉末冶金製品・生産,95.0,index_2020_100,calendar_year,Japan,1102004000,粉末冶金製品,production,industry-iip-annual-20260914
2018,iip_production_1102005000,金属線製品・生産,121.9,index_2020_100,calendar_year,Japan,1102005000,金属線製品,production,industry-iip-annual-20260914
2019,iip_production_1102005000,金属線製品・生産,122.1,index_2020_100,calendar_year,Japan,1102005000,金属線製品,production,industry-iip-annual-20260914
2020,iip_production_1102005000,金属線製品・生産,100.0,index_2020_100,calendar_year,Japan,1102005000,金属線製品,production,industry-iip-annual-20260914
2021,iip_production_1102005000,金属線製品・生産,109.1,index_2020_100,calendar_year,Japan,1102005000,金属線製品,production,industry-iip-annual-20260914
2022,iip_production_1102005000,金属線製品・生産,105.7,index_2020_100,calendar_year,Japan,1102005000,金属線製品,production,industry-iip-annual-20260914
2023,iip_production_1102005000,金属線製品・生産,98.8,index_2020_100,calendar_year,Japan,1102005000,金属線製品,production,industry-iip-annual-20260914
2024,iip_production_1102005000,金属線製品・生産,90.9,index_2020_100,calendar_year,Japan,1102005000,金属線製品,production,industry-iip-annual-20260914
2025,iip_production_1102005000,金属線製品・生産,88.7,index_2020_100,calendar_year,Japan,1102005000,金属線製品,production,industry-iip-annual-20260914
2018,iip_production_1102006000,缶類・生産,109.4,index_2020_100,calendar_year,Japan,1102006000,缶類,production,industry-iip-annual-20260914
2019,iip_production_1102006000,缶類・生産,107.6,index_2020_100,calendar_year,Japan,1102006000,缶類,production,industry-iip-annual-20260914
2020,iip_production_1102006000,缶類・生産,100.0,index_2020_100,calendar_year,Japan,1102006000,缶類,production,industry-iip-annual-20260914
2021,iip_production_1102006000,缶類・生産,103.3,index_2020_100,calendar_year,Japan,1102006000,缶類,production,industry-iip-annual-20260914
2022,iip_production_1102006000,缶類・生産,100.0,index_2020_100,calendar_year,Japan,1102006000,缶類,production,industry-iip-annual-20260914
2023,iip_production_1102006000,缶類・生産,96.5,index_2020_100,calendar_year,Japan,1102006000,缶類,production,industry-iip-annual-20260914
2024,iip_production_1102006000,缶類・生産,93.6,index_2020_100,calendar_year,Japan,1102006000,缶類,production,industry-iip-annual-20260914
2025,iip_production_1102006000,缶類・生産,92.2,index_2020_100,calendar_year,Japan,1102006000,缶類,production,industry-iip-annual-20260914
2018,iip_production_1102007000,その他の金属製品・生産,121.1,index_2020_100,calendar_year,Japan,1102007000,その他の金属製品,production,industry-iip-annual-20260914
2019,iip_production_1102007000,その他の金属製品・生産,118.7,index_2020_100,calendar_year,Japan,1102007000,その他の金属製品,production,industry-iip-annual-20260914
2020,iip_production_1102007000,その他の金属製品・生産,100.0,index_2020_100,calendar_year,Japan,1102007000,その他の金属製品,production,industry-iip-annual-20260914
2021,iip_production_1102007000,その他の金属製品・生産,105.7,index_2020_100,calendar_year,Japan,1102007000,その他の金属製品,production,industry-iip-annual-20260914
2022,iip_production_1102007000,その他の金属製品・生産,103.8,index_2020_100,calendar_year,Japan,1102007000,その他の金属製品,production,industry-iip-annual-20260914
2023,iip_production_1102007000,その他の金属製品・生産,112.1,index_2020_100,calendar_year,Japan,1102007000,その他の金属製品,production,industry-iip-annual-20260914
2024,iip_production_1102007000,その他の金属製品・生産,109.4,index_2020_100,calendar_year,Japan,1102007000,その他の金属製品,production,industry-iip-annual-20260914
2025,iip_production_1102007000,その他の金属製品・生産,110.0,index_2020_100,calendar_year,Japan,1102007000,その他の金属製品,production,industry-iip-annual-20260914
2018,iip_production_1103000000,生産用機械工業・生産,123.3,index_2020_100,calendar_year,Japan,1103000000,生産用機械工業,production,industry-iip-annual-20260914
2019,iip_production_1103000000,生産用機械工業・生産,112.1,index_2020_100,calendar_year,Japan,1103000000,生産用機械工業,production,industry-iip-annual-20260914
2020,iip_production_1103000000,生産用機械工業・生産,100.0,index_2020_100,calendar_year,Japan,1103000000,生産用機械工業,production,industry-iip-annual-20260914
2021,iip_production_1103000000,生産用機械工業・生産,121.6,index_2020_100,calendar_year,Japan,1103000000,生産用機械工業,production,industry-iip-annual-20260914
2022,iip_production_1103000000,生産用機械工業・生産,134.0,index_2020_100,calendar_year,Japan,1103000000,生産用機械工業,production,industry-iip-annual-20260914
2023,iip_production_1103000000,生産用機械工業・生産,120.7,index_2020_100,calendar_year,Japan,1103000000,生産用機械工業,production,industry-iip-annual-20260914
2024,iip_production_1103000000,生産用機械工業・生産,118.9,index_2020_100,calendar_year,Japan,1103000000,生産用機械工業,production,industry-iip-annual-20260914
2025,iip_production_1103000000,生産用機械工業・生産,118.3,index_2020_100,calendar_year,Japan,1103000000,生産用機械工業,production,industry-iip-annual-20260914
2018,iip_production_1103001000,農業用機械・生産,115.0,index_2020_100,calendar_year,Japan,1103001000,農業用機械,production,industry-iip-annual-20260914
2019,iip_production_1103001000,農業用機械・生産,116.7,index_2020_100,calendar_year,Japan,1103001000,農業用機械,production,industry-iip-annual-20260914
2020,iip_production_1103001000,農業用機械・生産,100.0,index_2020_100,calendar_year,Japan,1103001000,農業用機械,production,industry-iip-annual-20260914
2021,iip_production_1103001000,農業用機械・生産,119.6,index_2020_100,calendar_year,Japan,1103001000,農業用機械,production,industry-iip-annual-20260914
2022,iip_production_1103001000,農業用機械・生産,115.8,index_2020_100,calendar_year,Japan,1103001000,農業用機械,production,industry-iip-annual-20260914
2023,iip_production_1103001000,農業用機械・生産,94.2,index_2020_100,calendar_year,Japan,1103001000,農業用機械,production,industry-iip-annual-20260914
2024,iip_production_1103001000,農業用機械・生産,72.6,index_2020_100,calendar_year,Japan,1103001000,農業用機械,production,industry-iip-annual-20260914
2025,iip_production_1103001000,農業用機械・生産,73.6,index_2020_100,calendar_year,Japan,1103001000,農業用機械,production,industry-iip-annual-20260914
2018,iip_production_1103002000,建設・鉱山機械・生産,110.5,index_2020_100,calendar_year,Japan,1103002000,建設・鉱山機械,production,industry-iip-annual-20260914
2019,iip_production_1103002000,建設・鉱山機械・生産,111.1,index_2020_100,calendar_year,Japan,1103002000,建設・鉱山機械,production,industry-iip-annual-20260914
2020,iip_production_1103002000,建設・鉱山機械・生産,100.0,index_2020_100,calendar_year,Japan,1103002000,建設・鉱山機械,production,industry-iip-annual-20260914
2021,iip_production_1103002000,建設・鉱山機械・生産,120.8,index_2020_100,calendar_year,Japan,1103002000,建設・鉱山機械,production,industry-iip-annual-20260914
2022,iip_production_1103002000,建設・鉱山機械・生産,126.8,index_2020_100,calendar_year,Japan,1103002000,建設・鉱山機械,production,industry-iip-annual-20260914
2023,iip_production_1103002000,建設・鉱山機械・生産,132.7,index_2020_100,calendar_year,Japan,1103002000,建設・鉱山機械,production,industry-iip-annual-20260914
2024,iip_production_1103002000,建設・鉱山機械・生産,111.8,index_2020_100,calendar_year,Japan,1103002000,建設・鉱山機械,production,industry-iip-annual-20260914
2025,iip_production_1103002000,建設・鉱山機械・生産,103.5,index_2020_100,calendar_year,Japan,1103002000,建設・鉱山機械,production,industry-iip-annual-20260914
2018,iip_production_1103003000,生活関連産業用機械・生産,128.7,index_2020_100,calendar_year,Japan,1103003000,生活関連産業用機械,production,industry-iip-annual-20260914
2019,iip_production_1103003000,生活関連産業用機械・生産,117.8,index_2020_100,calendar_year,Japan,1103003000,生活関連産業用機械,production,industry-iip-annual-20260914
2020,iip_production_1103003000,生活関連産業用機械・生産,100.0,index_2020_100,calendar_year,Japan,1103003000,生活関連産業用機械,production,industry-iip-annual-20260914
2021,iip_production_1103003000,生活関連産業用機械・生産,97.3,index_2020_100,calendar_year,Japan,1103003000,生活関連産業用機械,production,industry-iip-annual-20260914
2022,iip_production_1103003000,生活関連産業用機械・生産,92.6,index_2020_100,calendar_year,Japan,1103003000,生活関連産業用機械,production,industry-iip-annual-20260914
2023,iip_production_1103003000,生活関連産業用機械・生産,97.3,index_2020_100,calendar_year,Japan,1103003000,生活関連産業用機械,production,industry-iip-annual-20260914
2024,iip_production_1103003000,生活関連産業用機械・生産,94.0,index_2020_100,calendar_year,Japan,1103003000,生活関連産業用機械,production,industry-iip-annual-20260914
2025,iip_production_1103003000,生活関連産業用機械・生産,92.8,index_2020_100,calendar_year,Japan,1103003000,生活関連産業用機械,production,industry-iip-annual-20260914
2018,iip_production_1103004000,基礎素材産業用機械・生産,125.8,index_2020_100,calendar_year,Japan,1103004000,基礎素材産業用機械,production,industry-iip-annual-20260914
2019,iip_production_1103004000,基礎素材産業用機械・生産,125.6,index_2020_100,calendar_year,Japan,1103004000,基礎素材産業用機械,production,industry-iip-annual-20260914
2020,iip_production_1103004000,基礎素材産業用機械・生産,100.0,index_2020_100,calendar_year,Japan,1103004000,基礎素材産業用機械,production,industry-iip-annual-20260914
2021,iip_production_1103004000,基礎素材産業用機械・生産,111.6,index_2020_100,calendar_year,Japan,1103004000,基礎素材産業用機械,production,industry-iip-annual-20260914
2022,iip_production_1103004000,基礎素材産業用機械・生産,115.6,index_2020_100,calendar_year,Japan,1103004000,基礎素材産業用機械,production,industry-iip-annual-20260914
2023,iip_production_1103004000,基礎素材産業用機械・生産,105.3,index_2020_100,calendar_year,Japan,1103004000,基礎素材産業用機械,production,industry-iip-annual-20260914
2024,iip_production_1103004000,基礎素材産業用機械・生産,104.1,index_2020_100,calendar_year,Japan,1103004000,基礎素材産業用機械,production,industry-iip-annual-20260914
2025,iip_production_1103004000,基礎素材産業用機械・生産,98.3,index_2020_100,calendar_year,Japan,1103004000,基礎素材産業用機械,production,industry-iip-annual-20260914
2018,iip_production_1103005000,金属加工機械・生産,179.3,index_2020_100,calendar_year,Japan,1103005000,金属加工機械,production,industry-iip-annual-20260914
2019,iip_production_1103005000,金属加工機械・生産,154.3,index_2020_100,calendar_year,Japan,1103005000,金属加工機械,production,industry-iip-annual-20260914
2020,iip_production_1103005000,金属加工機械・生産,100.0,index_2020_100,calendar_year,Japan,1103005000,金属加工機械,production,industry-iip-annual-20260914
2021,iip_production_1103005000,金属加工機械・生産,117.3,index_2020_100,calendar_year,Japan,1103005000,金属加工機械,production,industry-iip-annual-20260914
2022,iip_production_1103005000,金属加工機械・生産,140.3,index_2020_100,calendar_year,Japan,1103005000,金属加工機械,production,industry-iip-annual-20260914
2023,iip_production_1103005000,金属加工機械・生産,139.7,index_2020_100,calendar_year,Japan,1103005000,金属加工機械,production,industry-iip-annual-20260914
2024,iip_production_1103005000,金属加工機械・生産,114.7,index_2020_100,calendar_year,Japan,1103005000,金属加工機械,production,industry-iip-annual-20260914
2025,iip_production_1103005000,金属加工機械・生産,114.5,index_2020_100,calendar_year,Japan,1103005000,金属加工機械,production,industry-iip-annual-20260914
2018,iip_production_1103006000,半導体・フラットパネルディスプレイ製造装置・生産,111.7,index_2020_100,calendar_year,Japan,1103006000,半導体・フラットパネルディスプレイ製造装置,production,industry-iip-annual-20260914
2019,iip_production_1103006000,半導体・フラットパネルディスプレイ製造装置・生産,97.2,index_2020_100,calendar_year,Japan,1103006000,半導体・フラットパネルディスプレイ製造装置,production,industry-iip-annual-20260914
2020,iip_production_1103006000,半導体・フラットパネルディスプレイ製造装置・生産,100.0,index_2020_100,calendar_year,Japan,1103006000,半導体・フラットパネルディスプレイ製造装置,production,industry-iip-annual-20260914
2021,iip_production_1103006000,半導体・フラットパネルディスプレイ製造装置・生産,131.5,index_2020_100,calendar_year,Japan,1103006000,半導体・フラットパネルディスプレイ製造装置,production,industry-iip-annual-20260914
2022,iip_production_1103006000,半導体・フラットパネルディスプレイ製造装置・生産,154.2,index_2020_100,calendar_year,Japan,1103006000,半導体・フラットパネルディスプレイ製造装置,production,industry-iip-annual-20260914
2023,iip_production_1103006000,半導体・フラットパネルディスプレイ製造装置・生産,129.9,index_2020_100,calendar_year,Japan,1103006000,半導体・フラットパネルディスプレイ製造装置,production,industry-iip-annual-20260914
2024,iip_production_1103006000,半導体・フラットパネルディスプレイ製造装置・生産,155.5,index_2020_100,calendar_year,Japan,1103006000,半導体・フラットパネルディスプレイ製造装置,production,industry-iip-annual-20260914
2025,iip_production_1103006000,半導体・フラットパネルディスプレイ製造装置・生産,151.7,index_2020_100,calendar_year,Japan,1103006000,半導体・フラットパネルディスプレイ製造装置,production,industry-iip-annual-20260914
2018,iip_production_1103007000,機械工具・生産,117.7,index_2020_100,calendar_year,Japan,1103007000,機械工具,production,industry-iip-annual-20260914
2019,iip_production_1103007000,機械工具・生産,113.3,index_2020_100,calendar_year,Japan,1103007000,機械工具,production,industry-iip-annual-20260914
2020,iip_production_1103007000,機械工具・生産,100.0,index_2020_100,calendar_year,Japan,1103007000,機械工具,production,industry-iip-annual-20260914
2021,iip_production_1103007000,機械工具・生産,121.1,index_2020_100,calendar_year,Japan,1103007000,機械工具,production,industry-iip-annual-20260914
2022,iip_production_1103007000,機械工具・生産,112.4,index_2020_100,calendar_year,Japan,1103007000,機械工具,production,industry-iip-annual-20260914
2023,iip_production_1103007000,機械工具・生産,94.7,index_2020_100,calendar_year,Japan,1103007000,機械工具,production,industry-iip-annual-20260914
2024,iip_production_1103007000,機械工具・生産,106.7,index_2020_100,calendar_year,Japan,1103007000,機械工具,production,industry-iip-annual-20260914
2025,iip_production_1103007000,機械工具・生産,108.4,index_2020_100,calendar_year,Japan,1103007000,機械工具,production,industry-iip-annual-20260914
2018,iip_production_1103008000,その他の生産用機械・生産,122.8,index_2020_100,calendar_year,Japan,1103008000,その他の生産用機械,production,industry-iip-annual-20260914
2019,iip_production_1103008000,その他の生産用機械・生産,106.2,index_2020_100,calendar_year,Japan,1103008000,その他の生産用機械,production,industry-iip-annual-20260914
2020,iip_production_1103008000,その他の生産用機械・生産,100.0,index_2020_100,calendar_year,Japan,1103008000,その他の生産用機械,production,industry-iip-annual-20260914
2021,iip_production_1103008000,その他の生産用機械・生産,121.1,index_2020_100,calendar_year,Japan,1103008000,その他の生産用機械,production,industry-iip-annual-20260914
2022,iip_production_1103008000,その他の生産用機械・生産,134.2,index_2020_100,calendar_year,Japan,1103008000,その他の生産用機械,production,industry-iip-annual-20260914
2023,iip_production_1103008000,その他の生産用機械・生産,115.2,index_2020_100,calendar_year,Japan,1103008000,その他の生産用機械,production,industry-iip-annual-20260914
2024,iip_production_1103008000,その他の生産用機械・生産,96.4,index_2020_100,calendar_year,Japan,1103008000,その他の生産用機械,production,industry-iip-annual-20260914
2025,iip_production_1103008000,その他の生産用機械・生産,107.5,index_2020_100,calendar_year,Japan,1103008000,その他の生産用機械,production,industry-iip-annual-20260914
2018,iip_production_1104000000,汎用・業務用機械工業・生産,121.4,index_2020_100,calendar_year,Japan,1104000000,汎用・業務用機械工業,production,industry-iip-annual-20260914
2019,iip_production_1104000000,汎用・業務用機械工業・生産,114.1,index_2020_100,calendar_year,Japan,1104000000,汎用・業務用機械工業,production,industry-iip-annual-20260914
2020,iip_production_1104000000,汎用・業務用機械工業・生産,100.0,index_2020_100,calendar_year,Japan,1104000000,汎用・業務用機械工業,production,industry-iip-annual-20260914
2021,iip_production_1104000000,汎用・業務用機械工業・生産,111.2,index_2020_100,calendar_year,Japan,1104000000,汎用・業務用機械工業,production,industry-iip-annual-20260914
2022,iip_production_1104000000,汎用・業務用機械工業・生産,115.2,index_2020_100,calendar_year,Japan,1104000000,汎用・業務用機械工業,production,industry-iip-annual-20260914
2023,iip_production_1104000000,汎用・業務用機械工業・生産,111.6,index_2020_100,calendar_year,Japan,1104000000,汎用・業務用機械工業,production,industry-iip-annual-20260914
2024,iip_production_1104000000,汎用・業務用機械工業・生産,103.8,index_2020_100,calendar_year,Japan,1104000000,汎用・業務用機械工業,production,industry-iip-annual-20260914
2025,iip_production_1104000000,汎用・業務用機械工業・生産,104.4,index_2020_100,calendar_year,Japan,1104000000,汎用・業務用機械工業,production,industry-iip-annual-20260914
2018,iip_production_1104100000,汎用機械工業・生産,122.7,index_2020_100,calendar_year,Japan,1104100000,汎用機械工業,production,industry-iip-annual-20260914
2019,iip_production_1104100000,汎用機械工業・生産,114.0,index_2020_100,calendar_year,Japan,1104100000,汎用機械工業,production,industry-iip-annual-20260914
2020,iip_production_1104100000,汎用機械工業・生産,100.0,index_2020_100,calendar_year,Japan,1104100000,汎用機械工業,production,industry-iip-annual-20260914
2021,iip_production_1104100000,汎用機械工業・生産,112.5,index_2020_100,calendar_year,Japan,1104100000,汎用機械工業,production,industry-iip-annual-20260914
2022,iip_production_1104100000,汎用機械工業・生産,115.8,index_2020_100,calendar_year,Japan,1104100000,汎用機械工業,production,industry-iip-annual-20260914
2023,iip_production_1104100000,汎用機械工業・生産,110.4,index_2020_100,calendar_year,Japan,1104100000,汎用機械工業,production,industry-iip-annual-20260914
2024,iip_production_1104100000,汎用機械工業・生産,101.7,index_2020_100,calendar_year,Japan,1104100000,汎用機械工業,production,industry-iip-annual-20260914
2025,iip_production_1104100000,汎用機械工業・生産,101.6,index_2020_100,calendar_year,Japan,1104100000,汎用機械工業,production,industry-iip-annual-20260914
2018,iip_production_1104101000,ボイラ・原動機・生産,150.1,index_2020_100,calendar_year,Japan,1104101000,ボイラ・原動機,production,industry-iip-annual-20260914
2019,iip_production_1104101000,ボイラ・原動機・生産,119.0,index_2020_100,calendar_year,Japan,1104101000,ボイラ・原動機,production,industry-iip-annual-20260914
2020,iip_production_1104101000,ボイラ・原動機・生産,100.0,index_2020_100,calendar_year,Japan,1104101000,ボイラ・原動機,production,industry-iip-annual-20260914
2021,iip_production_1104101000,ボイラ・原動機・生産,109.4,index_2020_100,calendar_year,Japan,1104101000,ボイラ・原動機,production,industry-iip-annual-20260914
2022,iip_production_1104101000,ボイラ・原動機・生産,117.7,index_2020_100,calendar_year,Japan,1104101000,ボイラ・原動機,production,industry-iip-annual-20260914
2023,iip_production_1104101000,ボイラ・原動機・生産,111.7,index_2020_100,calendar_year,Japan,1104101000,ボイラ・原動機,production,industry-iip-annual-20260914
2024,iip_production_1104101000,ボイラ・原動機・生産,94.4,index_2020_100,calendar_year,Japan,1104101000,ボイラ・原動機,production,industry-iip-annual-20260914
2025,iip_production_1104101000,ボイラ・原動機・生産,88.5,index_2020_100,calendar_year,Japan,1104101000,ボイラ・原動機,production,industry-iip-annual-20260914
2018,iip_production_1104102000,ポンプ・圧縮機器・生産,115.3,index_2020_100,calendar_year,Japan,1104102000,ポンプ・圧縮機器,production,industry-iip-annual-20260914
2019,iip_production_1104102000,ポンプ・圧縮機器・生産,107.9,index_2020_100,calendar_year,Japan,1104102000,ポンプ・圧縮機器,production,industry-iip-annual-20260914
2020,iip_production_1104102000,ポンプ・圧縮機器・生産,100.0,index_2020_100,calendar_year,Japan,1104102000,ポンプ・圧縮機器,production,industry-iip-annual-20260914
2021,iip_production_1104102000,ポンプ・圧縮機器・生産,117.5,index_2020_100,calendar_year,Japan,1104102000,ポンプ・圧縮機器,production,industry-iip-annual-20260914
2022,iip_production_1104102000,ポンプ・圧縮機器・生産,121.5,index_2020_100,calendar_year,Japan,1104102000,ポンプ・圧縮機器,production,industry-iip-annual-20260914
2023,iip_production_1104102000,ポンプ・圧縮機器・生産,115.5,index_2020_100,calendar_year,Japan,1104102000,ポンプ・圧縮機器,production,industry-iip-annual-20260914
2024,iip_production_1104102000,ポンプ・圧縮機器・生産,106.2,index_2020_100,calendar_year,Japan,1104102000,ポンプ・圧縮機器,production,industry-iip-annual-20260914
2025,iip_production_1104102000,ポンプ・圧縮機器・生産,109.8,index_2020_100,calendar_year,Japan,1104102000,ポンプ・圧縮機器,production,industry-iip-annual-20260914
2018,iip_production_1104103000,運搬装置・生産,111.2,index_2020_100,calendar_year,Japan,1104103000,運搬装置,production,industry-iip-annual-20260914
2019,iip_production_1104103000,運搬装置・生産,114.0,index_2020_100,calendar_year,Japan,1104103000,運搬装置,production,industry-iip-annual-20260914
2020,iip_production_1104103000,運搬装置・生産,100.0,index_2020_100,calendar_year,Japan,1104103000,運搬装置,production,industry-iip-annual-20260914
2021,iip_production_1104103000,運搬装置・生産,98.3,index_2020_100,calendar_year,Japan,1104103000,運搬装置,production,industry-iip-annual-20260914
2022,iip_production_1104103000,運搬装置・生産,107.6,index_2020_100,calendar_year,Japan,1104103000,運搬装置,production,industry-iip-annual-20260914
2023,iip_production_1104103000,運搬装置・生産,105.3,index_2020_100,calendar_year,Japan,1104103000,運搬装置,production,industry-iip-annual-20260914
2024,iip_production_1104103000,運搬装置・生産,96.6,index_2020_100,calendar_year,Japan,1104103000,運搬装置,production,industry-iip-annual-20260914
2025,iip_production_1104103000,運搬装置・生産,95.2,index_2020_100,calendar_year,Japan,1104103000,運搬装置,production,industry-iip-annual-20260914
2018,iip_production_1104104000,冷凍機・温湿調整装置・生産,117.0,index_2020_100,calendar_year,Japan,1104104000,冷凍機・温湿調整装置,production,industry-iip-annual-20260914
2019,iip_production_1104104000,冷凍機・温湿調整装置・生産,117.8,index_2020_100,calendar_year,Japan,1104104000,冷凍機・温湿調整装置,production,industry-iip-annual-20260914
2020,iip_production_1104104000,冷凍機・温湿調整装置・生産,100.0,index_2020_100,calendar_year,Japan,1104104000,冷凍機・温湿調整装置,production,industry-iip-annual-20260914
2021,iip_production_1104104000,冷凍機・温湿調整装置・生産,113.3,index_2020_100,calendar_year,Japan,1104104000,冷凍機・温湿調整装置,production,industry-iip-annual-20260914
2022,iip_production_1104104000,冷凍機・温湿調整装置・生産,114.2,index_2020_100,calendar_year,Japan,1104104000,冷凍機・温湿調整装置,production,industry-iip-annual-20260914
2023,iip_production_1104104000,冷凍機・温湿調整装置・生産,109.0,index_2020_100,calendar_year,Japan,1104104000,冷凍機・温湿調整装置,production,industry-iip-annual-20260914
2024,iip_production_1104104000,冷凍機・温湿調整装置・生産,111.7,index_2020_100,calendar_year,Japan,1104104000,冷凍機・温湿調整装置,production,industry-iip-annual-20260914
2025,iip_production_1104104000,冷凍機・温湿調整装置・生産,109.2,index_2020_100,calendar_year,Japan,1104104000,冷凍機・温湿調整装置,production,industry-iip-annual-20260914
2018,iip_production_1104105000,汎用機械器具部品・生産,123.3,index_2020_100,calendar_year,Japan,1104105000,汎用機械器具部品,production,industry-iip-annual-20260914
2019,iip_production_1104105000,汎用機械器具部品・生産,116.1,index_2020_100,calendar_year,Japan,1104105000,汎用機械器具部品,production,industry-iip-annual-20260914
2020,iip_production_1104105000,汎用機械器具部品・生産,100.0,index_2020_100,calendar_year,Japan,1104105000,汎用機械器具部品,production,industry-iip-annual-20260914
2021,iip_production_1104105000,汎用機械器具部品・生産,116.8,index_2020_100,calendar_year,Japan,1104105000,汎用機械器具部品,production,industry-iip-annual-20260914
2022,iip_production_1104105000,汎用機械器具部品・生産,114.3,index_2020_100,calendar_year,Japan,1104105000,汎用機械器具部品,production,industry-iip-annual-20260914
2023,iip_production_1104105000,汎用機械器具部品・生産,108.1,index_2020_100,calendar_year,Japan,1104105000,汎用機械器具部品,production,industry-iip-annual-20260914
2024,iip_production_1104105000,汎用機械器具部品・生産,101.3,index_2020_100,calendar_year,Japan,1104105000,汎用機械器具部品,production,industry-iip-annual-20260914
2025,iip_production_1104105000,汎用機械器具部品・生産,102.0,index_2020_100,calendar_year,Japan,1104105000,汎用機械器具部品,production,industry-iip-annual-20260914
2018,iip_production_1104200000,業務用機械工業・生産,116.0,index_2020_100,calendar_year,Japan,1104200000,業務用機械工業,production,industry-iip-annual-20260914
2019,iip_production_1104200000,業務用機械工業・生産,114.5,index_2020_100,calendar_year,Japan,1104200000,業務用機械工業,production,industry-iip-annual-20260914
2020,iip_production_1104200000,業務用機械工業・生産,100.0,index_2020_100,calendar_year,Japan,1104200000,業務用機械工業,production,industry-iip-annual-20260914
2021,iip_production_1104200000,業務用機械工業・生産,106.0,index_2020_100,calendar_year,Japan,1104200000,業務用機械工業,production,industry-iip-annual-20260914
2022,iip_production_1104200000,業務用機械工業・生産,112.9,index_2020_100,calendar_year,Japan,1104200000,業務用機械工業,production,industry-iip-annual-20260914
2023,iip_production_1104200000,業務用機械工業・生産,116.2,index_2020_100,calendar_year,Japan,1104200000,業務用機械工業,production,industry-iip-annual-20260914
2024,iip_production_1104200000,業務用機械工業・生産,112.0,index_2020_100,calendar_year,Japan,1104200000,業務用機械工業,production,industry-iip-annual-20260914
2025,iip_production_1104200000,業務用機械工業・生産,115.3,index_2020_100,calendar_year,Japan,1104200000,業務用機械工業,production,industry-iip-annual-20260914
2018,iip_production_1104201000,事務用機器・生産,69.9,index_2020_100,calendar_year,Japan,1104201000,事務用機器,production,industry-iip-annual-20260914
2019,iip_production_1104201000,事務用機器・生産,114.0,index_2020_100,calendar_year,Japan,1104201000,事務用機器,production,industry-iip-annual-20260914
2020,iip_production_1104201000,事務用機器・生産,100.0,index_2020_100,calendar_year,Japan,1104201000,事務用機器,production,industry-iip-annual-20260914
2021,iip_production_1104201000,事務用機器・生産,97.0,index_2020_100,calendar_year,Japan,1104201000,事務用機器,production,industry-iip-annual-20260914
2022,iip_production_1104201000,事務用機器・生産,128.8,index_2020_100,calendar_year,Japan,1104201000,事務用機器,production,industry-iip-annual-20260914
2023,iip_production_1104201000,事務用機器・生産,114.1,index_2020_100,calendar_year,Japan,1104201000,事務用機器,production,industry-iip-annual-20260914
2024,iip_production_1104201000,事務用機器・生産,124.3,index_2020_100,calendar_year,Japan,1104201000,事務用機器,production,industry-iip-annual-20260914
2025,iip_production_1104201000,事務用機器・生産,139.3,index_2020_100,calendar_year,Japan,1104201000,事務用機器,production,industry-iip-annual-20260914
2018,iip_production_1104202000,サービス用機器・生産,126.2,index_2020_100,calendar_year,Japan,1104202000,サービス用機器,production,industry-iip-annual-20260914
2019,iip_production_1104202000,サービス用機器・生産,124.3,index_2020_100,calendar_year,Japan,1104202000,サービス用機器,production,industry-iip-annual-20260914
2020,iip_production_1104202000,サービス用機器・生産,100.0,index_2020_100,calendar_year,Japan,1104202000,サービス用機器,production,industry-iip-annual-20260914
2021,iip_production_1104202000,サービス用機器・生産,81.3,index_2020_100,calendar_year,Japan,1104202000,サービス用機器,production,industry-iip-annual-20260914
2022,iip_production_1104202000,サービス用機器・生産,93.1,index_2020_100,calendar_year,Japan,1104202000,サービス用機器,production,industry-iip-annual-20260914
2023,iip_production_1104202000,サービス用機器・生産,91.7,index_2020_100,calendar_year,Japan,1104202000,サービス用機器,production,industry-iip-annual-20260914
2024,iip_production_1104202000,サービス用機器・生産,82.0,index_2020_100,calendar_year,Japan,1104202000,サービス用機器,production,industry-iip-annual-20260914
2025,iip_production_1104202000,サービス用機器・生産,89.7,index_2020_100,calendar_year,Japan,1104202000,サービス用機器,production,industry-iip-annual-20260914
2018,iip_production_1104203000,計測機器・生産,110.3,index_2020_100,calendar_year,Japan,1104203000,計測機器,production,industry-iip-annual-20260914
2019,iip_production_1104203000,計測機器・生産,108.9,index_2020_100,calendar_year,Japan,1104203000,計測機器,production,industry-iip-annual-20260914
2020,iip_production_1104203000,計測機器・生産,100.0,index_2020_100,calendar_year,Japan,1104203000,計測機器,production,industry-iip-annual-20260914
2021,iip_production_1104203000,計測機器・生産,113.6,index_2020_100,calendar_year,Japan,1104203000,計測機器,production,industry-iip-annual-20260914
2022,iip_production_1104203000,計測機器・生産,113.8,index_2020_100,calendar_year,Japan,1104203000,計測機器,production,industry-iip-annual-20260914
2023,iip_production_1104203000,計測機器・生産,100.7,index_2020_100,calendar_year,Japan,1104203000,計測機器,production,industry-iip-annual-20260914
2024,iip_production_1104203000,計測機器・生産,91.2,index_2020_100,calendar_year,Japan,1104203000,計測機器,production,industry-iip-annual-20260914
2025,iip_production_1104203000,計測機器・生産,96.2,index_2020_100,calendar_year,Japan,1104203000,計測機器,production,industry-iip-annual-20260914
2018,iip_production_1104204000,分析機器・試験機・生産,107.5,index_2020_100,calendar_year,Japan,1104204000,分析機器・試験機,production,industry-iip-annual-20260914
2019,iip_production_1104204000,分析機器・試験機・生産,111.6,index_2020_100,calendar_year,Japan,1104204000,分析機器・試験機,production,industry-iip-annual-20260914
2020,iip_production_1104204000,分析機器・試験機・生産,100.0,index_2020_100,calendar_year,Japan,1104204000,分析機器・試験機,production,industry-iip-annual-20260914
2021,iip_production_1104204000,分析機器・試験機・生産,104.6,index_2020_100,calendar_year,Japan,1104204000,分析機器・試験機,production,industry-iip-annual-20260914
2022,iip_production_1104204000,分析機器・試験機・生産,116.8,index_2020_100,calendar_year,Japan,1104204000,分析機器・試験機,production,industry-iip-annual-20260914
2023,iip_production_1104204000,分析機器・試験機・生産,133.9,index_2020_100,calendar_year,Japan,1104204000,分析機器・試験機,production,industry-iip-annual-20260914
2024,iip_production_1104204000,分析機器・試験機・生産,134.0,index_2020_100,calendar_year,Japan,1104204000,分析機器・試験機,production,industry-iip-annual-20260914
2025,iip_production_1104204000,分析機器・試験機・生産,133.7,index_2020_100,calendar_year,Japan,1104204000,分析機器・試験機,production,industry-iip-annual-20260914
2018,iip_production_1104205000,光学機器・レンズ・生産,151.6,index_2020_100,calendar_year,Japan,1104205000,光学機器・レンズ,production,industry-iip-annual-20260914
2019,iip_production_1104205000,光学機器・レンズ・生産,125.3,index_2020_100,calendar_year,Japan,1104205000,光学機器・レンズ,production,industry-iip-annual-20260914
2020,iip_production_1104205000,光学機器・レンズ・生産,100.0,index_2020_100,calendar_year,Japan,1104205000,光学機器・レンズ,production,industry-iip-annual-20260914
2021,iip_production_1104205000,光学機器・レンズ・生産,110.5,index_2020_100,calendar_year,Japan,1104205000,光学機器・レンズ,production,industry-iip-annual-20260914
2022,iip_production_1104205000,光学機器・レンズ・生産,105.5,index_2020_100,calendar_year,Japan,1104205000,光学機器・レンズ,production,industry-iip-annual-20260914
2023,iip_production_1104205000,光学機器・レンズ・生産,101.0,index_2020_100,calendar_year,Japan,1104205000,光学機器・レンズ,production,industry-iip-annual-20260914
2024,iip_production_1104205000,光学機器・レンズ・生産,91.4,index_2020_100,calendar_year,Japan,1104205000,光学機器・レンズ,production,industry-iip-annual-20260914
2025,iip_production_1104205000,光学機器・レンズ・生産,97.1,index_2020_100,calendar_year,Japan,1104205000,光学機器・レンズ,production,industry-iip-annual-20260914
2018,iip_production_1105000000,電子部品・デバイス工業・生産,103.4,index_2020_100,calendar_year,Japan,1105000000,電子部品・デバイス工業,production,industry-iip-annual-20260914
2019,iip_production_1105000000,電子部品・デバイス工業・生産,98.6,index_2020_100,calendar_year,Japan,1105000000,電子部品・デバイス工業,production,industry-iip-annual-20260914
2020,iip_production_1105000000,電子部品・デバイス工業・生産,100.0,index_2020_100,calendar_year,Japan,1105000000,電子部品・デバイス工業,production,industry-iip-annual-20260914
2021,iip_production_1105000000,電子部品・デバイス工業・生産,111.4,index_2020_100,calendar_year,Japan,1105000000,電子部品・デバイス工業,production,industry-iip-annual-20260914
2022,iip_production_1105000000,電子部品・デバイス工業・生産,104.8,index_2020_100,calendar_year,Japan,1105000000,電子部品・デバイス工業,production,industry-iip-annual-20260914
2023,iip_production_1105000000,電子部品・デバイス工業・生産,94.6,index_2020_100,calendar_year,Japan,1105000000,電子部品・デバイス工業,production,industry-iip-annual-20260914
2024,iip_production_1105000000,電子部品・デバイス工業・生産,101.1,index_2020_100,calendar_year,Japan,1105000000,電子部品・デバイス工業,production,industry-iip-annual-20260914
2025,iip_production_1105000000,電子部品・デバイス工業・生産,106.4,index_2020_100,calendar_year,Japan,1105000000,電子部品・デバイス工業,production,industry-iip-annual-20260914
2018,iip_production_1105001000,集積回路（ＩＣ）・生産,96.2,index_2020_100,calendar_year,Japan,1105001000,集積回路（ＩＣ）,production,industry-iip-annual-20260914
2019,iip_production_1105001000,集積回路（ＩＣ）・生産,97.9,index_2020_100,calendar_year,Japan,1105001000,集積回路（ＩＣ）,production,industry-iip-annual-20260914
2020,iip_production_1105001000,集積回路（ＩＣ）・生産,100.0,index_2020_100,calendar_year,Japan,1105001000,集積回路（ＩＣ）,production,industry-iip-annual-20260914
2021,iip_production_1105001000,集積回路（ＩＣ）・生産,110.4,index_2020_100,calendar_year,Japan,1105001000,集積回路（ＩＣ）,production,industry-iip-annual-20260914
2022,iip_production_1105001000,集積回路（ＩＣ）・生産,110.1,index_2020_100,calendar_year,Japan,1105001000,集積回路（ＩＣ）,production,industry-iip-annual-20260914
2023,iip_production_1105001000,集積回路（ＩＣ）・生産,109.4,index_2020_100,calendar_year,Japan,1105001000,集積回路（ＩＣ）,production,industry-iip-annual-20260914
2024,iip_production_1105001000,集積回路（ＩＣ）・生産,131.0,index_2020_100,calendar_year,Japan,1105001000,集積回路（ＩＣ）,production,industry-iip-annual-20260914
2025,iip_production_1105001000,集積回路（ＩＣ）・生産,145.9,index_2020_100,calendar_year,Japan,1105001000,集積回路（ＩＣ）,production,industry-iip-annual-20260914
2018,iip_production_1105002000,電子デバイス・生産,126.0,index_2020_100,calendar_year,Japan,1105002000,電子デバイス,production,industry-iip-annual-20260914
2019,iip_production_1105002000,電子デバイス・生産,113.1,index_2020_100,calendar_year,Japan,1105002000,電子デバイス,production,industry-iip-annual-20260914
2020,iip_production_1105002000,電子デバイス・生産,100.0,index_2020_100,calendar_year,Japan,1105002000,電子デバイス,production,industry-iip-annual-20260914
2021,iip_production_1105002000,電子デバイス・生産,108.4,index_2020_100,calendar_year,Japan,1105002000,電子デバイス,production,industry-iip-annual-20260914
2022,iip_production_1105002000,電子デバイス・生産,97.0,index_2020_100,calendar_year,Japan,1105002000,電子デバイス,production,industry-iip-annual-20260914
2023,iip_production_1105002000,電子デバイス・生産,74.9,index_2020_100,calendar_year,Japan,1105002000,電子デバイス,production,industry-iip-annual-20260914
2024,iip_production_1105002000,電子デバイス・生産,68.1,index_2020_100,calendar_year,Japan,1105002000,電子デバイス,production,industry-iip-annual-20260914
2025,iip_production_1105002000,電子デバイス・生産,57.8,index_2020_100,calendar_year,Japan,1105002000,電子デバイス,production,industry-iip-annual-20260914
2018,iip_production_1105003000,電子部品・生産,96.6,index_2020_100,calendar_year,Japan,1105003000,電子部品,production,industry-iip-annual-20260914
2019,iip_production_1105003000,電子部品・生産,89.7,index_2020_100,calendar_year,Japan,1105003000,電子部品,production,industry-iip-annual-20260914
2020,iip_production_1105003000,電子部品・生産,100.0,index_2020_100,calendar_year,Japan,1105003000,電子部品,production,industry-iip-annual-20260914
2021,iip_production_1105003000,電子部品・生産,110.6,index_2020_100,calendar_year,Japan,1105003000,電子部品,production,industry-iip-annual-20260914
2022,iip_production_1105003000,電子部品・生産,87.2,index_2020_100,calendar_year,Japan,1105003000,電子部品,production,industry-iip-annual-20260914
2023,iip_production_1105003000,電子部品・生産,76.9,index_2020_100,calendar_year,Japan,1105003000,電子部品,production,industry-iip-annual-20260914
2024,iip_production_1105003000,電子部品・生産,79.2,index_2020_100,calendar_year,Japan,1105003000,電子部品,production,industry-iip-annual-20260914
2025,iip_production_1105003000,電子部品・生産,80.3,index_2020_100,calendar_year,Japan,1105003000,電子部品,production,industry-iip-annual-20260914
2018,iip_production_1105004000,電子回路・生産,104.7,index_2020_100,calendar_year,Japan,1105004000,電子回路,production,industry-iip-annual-20260914
2019,iip_production_1105004000,電子回路・生産,97.6,index_2020_100,calendar_year,Japan,1105004000,電子回路,production,industry-iip-annual-20260914
2020,iip_production_1105004000,電子回路・生産,100.0,index_2020_100,calendar_year,Japan,1105004000,電子回路,production,industry-iip-annual-20260914
2021,iip_production_1105004000,電子回路・生産,119.7,index_2020_100,calendar_year,Japan,1105004000,電子回路,production,industry-iip-annual-20260914
2022,iip_production_1105004000,電子回路・生産,119.5,index_2020_100,calendar_year,Japan,1105004000,電子回路,production,industry-iip-annual-20260914
2023,iip_production_1105004000,電子回路・生産,104.3,index_2020_100,calendar_year,Japan,1105004000,電子回路,production,industry-iip-annual-20260914
2024,iip_production_1105004000,電子回路・生産,100.7,index_2020_100,calendar_year,Japan,1105004000,電子回路,production,industry-iip-annual-20260914
2025,iip_production_1105004000,電子回路・生産,106.4,index_2020_100,calendar_year,Japan,1105004000,電子回路,production,industry-iip-annual-20260914
2018,iip_production_1105005000,その他の電子部品・生産,103.7,index_2020_100,calendar_year,Japan,1105005000,その他の電子部品,production,industry-iip-annual-20260914
2019,iip_production_1105005000,その他の電子部品・生産,97.9,index_2020_100,calendar_year,Japan,1105005000,その他の電子部品,production,industry-iip-annual-20260914
2020,iip_production_1105005000,その他の電子部品・生産,100.0,index_2020_100,calendar_year,Japan,1105005000,その他の電子部品,production,industry-iip-annual-20260914
2021,iip_production_1105005000,その他の電子部品・生産,111.7,index_2020_100,calendar_year,Japan,1105005000,その他の電子部品,production,industry-iip-annual-20260914
2022,iip_production_1105005000,その他の電子部品・生産,121.2,index_2020_100,calendar_year,Japan,1105005000,その他の電子部品,production,industry-iip-annual-20260914
2023,iip_production_1105005000,その他の電子部品・生産,104.1,index_2020_100,calendar_year,Japan,1105005000,その他の電子部品,production,industry-iip-annual-20260914
2024,iip_production_1105005000,その他の電子部品・生産,101.2,index_2020_100,calendar_year,Japan,1105005000,その他の電子部品,production,industry-iip-annual-20260914
2025,iip_production_1105005000,その他の電子部品・生産,107.3,index_2020_100,calendar_year,Japan,1105005000,その他の電子部品,production,industry-iip-annual-20260914
2018,iip_production_1106000000,電気・情報通信機械工業・生産,115.3,index_2020_100,calendar_year,Japan,1106000000,電気・情報通信機械工業,production,industry-iip-annual-20260914
2019,iip_production_1106000000,電気・情報通信機械工業・生産,111.3,index_2020_100,calendar_year,Japan,1106000000,電気・情報通信機械工業,production,industry-iip-annual-20260914
2020,iip_production_1106000000,電気・情報通信機械工業・生産,100.0,index_2020_100,calendar_year,Japan,1106000000,電気・情報通信機械工業,production,industry-iip-annual-20260914
2021,iip_production_1106000000,電気・情報通信機械工業・生産,105.5,index_2020_100,calendar_year,Japan,1106000000,電気・情報通信機械工業,production,industry-iip-annual-20260914
2022,iip_production_1106000000,電気・情報通信機械工業・生産,104.6,index_2020_100,calendar_year,Japan,1106000000,電気・情報通信機械工業,production,industry-iip-annual-20260914
2023,iip_production_1106000000,電気・情報通信機械工業・生産,106.0,index_2020_100,calendar_year,Japan,1106000000,電気・情報通信機械工業,production,industry-iip-annual-20260914
2024,iip_production_1106000000,電気・情報通信機械工業・生産,99.8,index_2020_100,calendar_year,Japan,1106000000,電気・情報通信機械工業,production,industry-iip-annual-20260914
2025,iip_production_1106000000,電気・情報通信機械工業・生産,99.2,index_2020_100,calendar_year,Japan,1106000000,電気・情報通信機械工業,production,industry-iip-annual-20260914
2018,iip_production_1106100000,電気機械工業・生産,115.8,index_2020_100,calendar_year,Japan,1106100000,電気機械工業,production,industry-iip-annual-20260914
2019,iip_production_1106100000,電気機械工業・生産,108.8,index_2020_100,calendar_year,Japan,1106100000,電気機械工業,production,industry-iip-annual-20260914
2020,iip_production_1106100000,電気機械工業・生産,100.0,index_2020_100,calendar_year,Japan,1106100000,電気機械工業,production,industry-iip-annual-20260914
2021,iip_production_1106100000,電気機械工業・生産,108.4,index_2020_100,calendar_year,Japan,1106100000,電気機械工業,production,industry-iip-annual-20260914
2022,iip_production_1106100000,電気機械工業・生産,109.5,index_2020_100,calendar_year,Japan,1106100000,電気機械工業,production,industry-iip-annual-20260914
2023,iip_production_1106100000,電気機械工業・生産,110.2,index_2020_100,calendar_year,Japan,1106100000,電気機械工業,production,industry-iip-annual-20260914
2024,iip_production_1106100000,電気機械工業・生産,103.4,index_2020_100,calendar_year,Japan,1106100000,電気機械工業,production,industry-iip-annual-20260914
2025,iip_production_1106100000,電気機械工業・生産,104.1,index_2020_100,calendar_year,Japan,1106100000,電気機械工業,production,industry-iip-annual-20260914
2018,iip_production_1106101000,回転電気機械・生産,114.0,index_2020_100,calendar_year,Japan,1106101000,回転電気機械,production,industry-iip-annual-20260914
2019,iip_production_1106101000,回転電気機械・生産,107.1,index_2020_100,calendar_year,Japan,1106101000,回転電気機械,production,industry-iip-annual-20260914
2020,iip_production_1106101000,回転電気機械・生産,100.0,index_2020_100,calendar_year,Japan,1106101000,回転電気機械,production,industry-iip-annual-20260914
2021,iip_production_1106101000,回転電気機械・生産,109.1,index_2020_100,calendar_year,Japan,1106101000,回転電気機械,production,industry-iip-annual-20260914
2022,iip_production_1106101000,回転電気機械・生産,114.7,index_2020_100,calendar_year,Japan,1106101000,回転電気機械,production,industry-iip-annual-20260914
2023,iip_production_1106101000,回転電気機械・生産,109.3,index_2020_100,calendar_year,Japan,1106101000,回転電気機械,production,industry-iip-annual-20260914
2024,iip_production_1106101000,回転電気機械・生産,100.3,index_2020_100,calendar_year,Japan,1106101000,回転電気機械,production,industry-iip-annual-20260914
2025,iip_production_1106101000,回転電気機械・生産,100.7,index_2020_100,calendar_year,Japan,1106101000,回転電気機械,production,industry-iip-annual-20260914
2018,iip_production_1106102000,開閉制御装置・機器・生産,114.3,index_2020_100,calendar_year,Japan,1106102000,開閉制御装置・機器,production,industry-iip-annual-20260914
2019,iip_production_1106102000,開閉制御装置・機器・生産,109.7,index_2020_100,calendar_year,Japan,1106102000,開閉制御装置・機器,production,industry-iip-annual-20260914
2020,iip_production_1106102000,開閉制御装置・機器・生産,100.0,index_2020_100,calendar_year,Japan,1106102000,開閉制御装置・機器,production,industry-iip-annual-20260914
2021,iip_production_1106102000,開閉制御装置・機器・生産,105.3,index_2020_100,calendar_year,Japan,1106102000,開閉制御装置・機器,production,industry-iip-annual-20260914
2022,iip_production_1106102000,開閉制御装置・機器・生産,104.2,index_2020_100,calendar_year,Japan,1106102000,開閉制御装置・機器,production,industry-iip-annual-20260914
2023,iip_production_1106102000,開閉制御装置・機器・生産,101.1,index_2020_100,calendar_year,Japan,1106102000,開閉制御装置・機器,production,industry-iip-annual-20260914
2024,iip_production_1106102000,開閉制御装置・機器・生産,94.0,index_2020_100,calendar_year,Japan,1106102000,開閉制御装置・機器,production,industry-iip-annual-20260914
2025,iip_production_1106102000,開閉制御装置・機器・生産,96.2,index_2020_100,calendar_year,Japan,1106102000,開閉制御装置・機器,production,industry-iip-annual-20260914
2018,iip_production_1106103000,その他の産業用電気機械・生産,131.7,index_2020_100,calendar_year,Japan,1106103000,その他の産業用電気機械,production,industry-iip-annual-20260914
2019,iip_production_1106103000,その他の産業用電気機械・生産,109.6,index_2020_100,calendar_year,Japan,1106103000,その他の産業用電気機械,production,industry-iip-annual-20260914
2020,iip_production_1106103000,その他の産業用電気機械・生産,100.0,index_2020_100,calendar_year,Japan,1106103000,その他の産業用電気機械,production,industry-iip-annual-20260914
2021,iip_production_1106103000,その他の産業用電気機械・生産,96.8,index_2020_100,calendar_year,Japan,1106103000,その他の産業用電気機械,production,industry-iip-annual-20260914
2022,iip_production_1106103000,その他の産業用電気機械・生産,100.3,index_2020_100,calendar_year,Japan,1106103000,その他の産業用電気機械,production,industry-iip-annual-20260914
2023,iip_production_1106103000,その他の産業用電気機械・生産,107.6,index_2020_100,calendar_year,Japan,1106103000,その他の産業用電気機械,production,industry-iip-annual-20260914
2024,iip_production_1106103000,その他の産業用電気機械・生産,91.2,index_2020_100,calendar_year,Japan,1106103000,その他の産業用電気機械,production,industry-iip-annual-20260914
2025,iip_production_1106103000,その他の産業用電気機械・生産,81.2,index_2020_100,calendar_year,Japan,1106103000,その他の産業用電気機械,production,industry-iip-annual-20260914
2018,iip_production_1106104000,家事用機器・生産,115.3,index_2020_100,calendar_year,Japan,1106104000,家事用機器,production,industry-iip-annual-20260914
2019,iip_production_1106104000,家事用機器・生産,107.2,index_2020_100,calendar_year,Japan,1106104000,家事用機器,production,industry-iip-annual-20260914
2020,iip_production_1106104000,家事用機器・生産,100.0,index_2020_100,calendar_year,Japan,1106104000,家事用機器,production,industry-iip-annual-20260914
2021,iip_production_1106104000,家事用機器・生産,97.1,index_2020_100,calendar_year,Japan,1106104000,家事用機器,production,industry-iip-annual-20260914
2022,iip_production_1106104000,家事用機器・生産,98.8,index_2020_100,calendar_year,Japan,1106104000,家事用機器,production,industry-iip-annual-20260914
2023,iip_production_1106104000,家事用機器・生産,84.0,index_2020_100,calendar_year,Japan,1106104000,家事用機器,production,industry-iip-annual-20260914
2024,iip_production_1106104000,家事用機器・生産,77.2,index_2020_100,calendar_year,Japan,1106104000,家事用機器,production,industry-iip-annual-20260914
2025,iip_production_1106104000,家事用機器・生産,75.6,index_2020_100,calendar_year,Japan,1106104000,家事用機器,production,industry-iip-annual-20260914
2018,iip_production_1106105000,空調・住宅関連機器・生産,110.2,index_2020_100,calendar_year,Japan,1106105000,空調・住宅関連機器,production,industry-iip-annual-20260914
2019,iip_production_1106105000,空調・住宅関連機器・生産,108.3,index_2020_100,calendar_year,Japan,1106105000,空調・住宅関連機器,production,industry-iip-annual-20260914
2020,iip_production_1106105000,空調・住宅関連機器・生産,100.0,index_2020_100,calendar_year,Japan,1106105000,空調・住宅関連機器,production,industry-iip-annual-20260914
2021,iip_production_1106105000,空調・住宅関連機器・生産,95.4,index_2020_100,calendar_year,Japan,1106105000,空調・住宅関連機器,production,industry-iip-annual-20260914
2022,iip_production_1106105000,空調・住宅関連機器・生産,99.7,index_2020_100,calendar_year,Japan,1106105000,空調・住宅関連機器,production,industry-iip-annual-20260914
2023,iip_production_1106105000,空調・住宅関連機器・生産,95.7,index_2020_100,calendar_year,Japan,1106105000,空調・住宅関連機器,production,industry-iip-annual-20260914
2024,iip_production_1106105000,空調・住宅関連機器・生産,95.9,index_2020_100,calendar_year,Japan,1106105000,空調・住宅関連機器,production,industry-iip-annual-20260914
2025,iip_production_1106105000,空調・住宅関連機器・生産,98.9,index_2020_100,calendar_year,Japan,1106105000,空調・住宅関連機器,production,industry-iip-annual-20260914
2018,iip_production_1106106000,配線・電球・照明器具・生産,123.8,index_2020_100,calendar_year,Japan,1106106000,配線・電球・照明器具,production,industry-iip-annual-20260914
2019,iip_production_1106106000,配線・電球・照明器具・生産,117.3,index_2020_100,calendar_year,Japan,1106106000,配線・電球・照明器具,production,industry-iip-annual-20260914
2020,iip_production_1106106000,配線・電球・照明器具・生産,100.0,index_2020_100,calendar_year,Japan,1106106000,配線・電球・照明器具,production,industry-iip-annual-20260914
2021,iip_production_1106106000,配線・電球・照明器具・生産,103.0,index_2020_100,calendar_year,Japan,1106106000,配線・電球・照明器具,production,industry-iip-annual-20260914
2022,iip_production_1106106000,配線・電球・照明器具・生産,101.2,index_2020_100,calendar_year,Japan,1106106000,配線・電球・照明器具,production,industry-iip-annual-20260914
2023,iip_production_1106106000,配線・電球・照明器具・生産,103.4,index_2020_100,calendar_year,Japan,1106106000,配線・電球・照明器具,production,industry-iip-annual-20260914
2024,iip_production_1106106000,配線・電球・照明器具・生産,98.9,index_2020_100,calendar_year,Japan,1106106000,配線・電球・照明器具,production,industry-iip-annual-20260914
2025,iip_production_1106106000,配線・電球・照明器具・生産,100.4,index_2020_100,calendar_year,Japan,1106106000,配線・電球・照明器具,production,industry-iip-annual-20260914
2018,iip_production_1106107000,電池・生産,117.6,index_2020_100,calendar_year,Japan,1106107000,電池,production,industry-iip-annual-20260914
2019,iip_production_1106107000,電池・生産,104.6,index_2020_100,calendar_year,Japan,1106107000,電池,production,industry-iip-annual-20260914
2020,iip_production_1106107000,電池・生産,100.0,index_2020_100,calendar_year,Japan,1106107000,電池,production,industry-iip-annual-20260914
2021,iip_production_1106107000,電池・生産,125.5,index_2020_100,calendar_year,Japan,1106107000,電池,production,industry-iip-annual-20260914
2022,iip_production_1106107000,電池・生産,122.9,index_2020_100,calendar_year,Japan,1106107000,電池,production,industry-iip-annual-20260914
2023,iip_production_1106107000,電池・生産,135.0,index_2020_100,calendar_year,Japan,1106107000,電池,production,industry-iip-annual-20260914
2024,iip_production_1106107000,電池・生産,120.0,index_2020_100,calendar_year,Japan,1106107000,電池,production,industry-iip-annual-20260914
2025,iip_production_1106107000,電池・生産,123.4,index_2020_100,calendar_year,Japan,1106107000,電池,production,industry-iip-annual-20260914
2018,iip_production_1106108000,電子応用装置・生産,101.4,index_2020_100,calendar_year,Japan,1106108000,電子応用装置,production,industry-iip-annual-20260914
2019,iip_production_1106108000,電子応用装置・生産,109.5,index_2020_100,calendar_year,Japan,1106108000,電子応用装置,production,industry-iip-annual-20260914
2020,iip_production_1106108000,電子応用装置・生産,100.0,index_2020_100,calendar_year,Japan,1106108000,電子応用装置,production,industry-iip-annual-20260914
2021,iip_production_1106108000,電子応用装置・生産,116.6,index_2020_100,calendar_year,Japan,1106108000,電子応用装置,production,industry-iip-annual-20260914
2022,iip_production_1106108000,電子応用装置・生産,113.4,index_2020_100,calendar_year,Japan,1106108000,電子応用装置,production,industry-iip-annual-20260914
2023,iip_production_1106108000,電子応用装置・生産,128.1,index_2020_100,calendar_year,Japan,1106108000,電子応用装置,production,industry-iip-annual-20260914
2024,iip_production_1106108000,電子応用装置・生産,130.5,index_2020_100,calendar_year,Japan,1106108000,電子応用装置,production,industry-iip-annual-20260914
2025,iip_production_1106108000,電子応用装置・生産,123.1,index_2020_100,calendar_year,Japan,1106108000,電子応用装置,production,industry-iip-annual-20260914
2018,iip_production_1106109000,電気計測器・生産,115.2,index_2020_100,calendar_year,Japan,1106109000,電気計測器,production,industry-iip-annual-20260914
2019,iip_production_1106109000,電気計測器・生産,107.3,index_2020_100,calendar_year,Japan,1106109000,電気計測器,production,industry-iip-annual-20260914
2020,iip_production_1106109000,電気計測器・生産,100.0,index_2020_100,calendar_year,Japan,1106109000,電気計測器,production,industry-iip-annual-20260914
2021,iip_production_1106109000,電気計測器・生産,122.2,index_2020_100,calendar_year,Japan,1106109000,電気計測器,production,industry-iip-annual-20260914
2022,iip_production_1106109000,電気計測器・生産,125.7,index_2020_100,calendar_year,Japan,1106109000,電気計測器,production,industry-iip-annual-20260914
2023,iip_production_1106109000,電気計測器・生産,125.4,index_2020_100,calendar_year,Japan,1106109000,電気計測器,production,industry-iip-annual-20260914
2024,iip_production_1106109000,電気計測器・生産,124.5,index_2020_100,calendar_year,Japan,1106109000,電気計測器,production,industry-iip-annual-20260914
2025,iip_production_1106109000,電気計測器・生産,128.0,index_2020_100,calendar_year,Japan,1106109000,電気計測器,production,industry-iip-annual-20260914
2018,iip_production_1106200000,情報通信機械工業・生産,113.6,index_2020_100,calendar_year,Japan,1106200000,情報通信機械工業,production,industry-iip-annual-20260914
2019,iip_production_1106200000,情報通信機械工業・生産,120.5,index_2020_100,calendar_year,Japan,1106200000,情報通信機械工業,production,industry-iip-annual-20260914
2020,iip_production_1106200000,情報通信機械工業・生産,100.0,index_2020_100,calendar_year,Japan,1106200000,情報通信機械工業,production,industry-iip-annual-20260914
2021,iip_production_1106200000,情報通信機械工業・生産,95.2,index_2020_100,calendar_year,Japan,1106200000,情報通信機械工業,production,industry-iip-annual-20260914
2022,iip_production_1106200000,情報通信機械工業・生産,86.8,index_2020_100,calendar_year,Japan,1106200000,情報通信機械工業,production,industry-iip-annual-20260914
2023,iip_production_1106200000,情報通信機械工業・生産,90.8,index_2020_100,calendar_year,Japan,1106200000,情報通信機械工業,production,industry-iip-annual-20260914
2024,iip_production_1106200000,情報通信機械工業・生産,87.0,index_2020_100,calendar_year,Japan,1106200000,情報通信機械工業,production,industry-iip-annual-20260914
2025,iip_production_1106200000,情報通信機械工業・生産,81.5,index_2020_100,calendar_year,Japan,1106200000,情報通信機械工業,production,industry-iip-annual-20260914
2018,iip_production_1106201000,有線通信機器・生産,75.0,index_2020_100,calendar_year,Japan,1106201000,有線通信機器,production,industry-iip-annual-20260914
2019,iip_production_1106201000,有線通信機器・生産,87.2,index_2020_100,calendar_year,Japan,1106201000,有線通信機器,production,industry-iip-annual-20260914
2020,iip_production_1106201000,有線通信機器・生産,100.0,index_2020_100,calendar_year,Japan,1106201000,有線通信機器,production,industry-iip-annual-20260914
2021,iip_production_1106201000,有線通信機器・生産,95.5,index_2020_100,calendar_year,Japan,1106201000,有線通信機器,production,industry-iip-annual-20260914
2022,iip_production_1106201000,有線通信機器・生産,86.8,index_2020_100,calendar_year,Japan,1106201000,有線通信機器,production,industry-iip-annual-20260914
2023,iip_production_1106201000,有線通信機器・生産,97.1,index_2020_100,calendar_year,Japan,1106201000,有線通信機器,production,industry-iip-annual-20260914
2024,iip_production_1106201000,有線通信機器・生産,84.1,index_2020_100,calendar_year,Japan,1106201000,有線通信機器,production,industry-iip-annual-20260914
2025,iip_production_1106201000,有線通信機器・生産,84.4,index_2020_100,calendar_year,Japan,1106201000,有線通信機器,production,industry-iip-annual-20260914
2018,iip_production_1106202000,無線通信機器・生産,114.6,index_2020_100,calendar_year,Japan,1106202000,無線通信機器,production,industry-iip-annual-20260914
2019,iip_production_1106202000,無線通信機器・生産,108.9,index_2020_100,calendar_year,Japan,1106202000,無線通信機器,production,industry-iip-annual-20260914
2020,iip_production_1106202000,無線通信機器・生産,100.0,index_2020_100,calendar_year,Japan,1106202000,無線通信機器,production,industry-iip-annual-20260914
2021,iip_production_1106202000,無線通信機器・生産,98.7,index_2020_100,calendar_year,Japan,1106202000,無線通信機器,production,industry-iip-annual-20260914
2022,iip_production_1106202000,無線通信機器・生産,82.7,index_2020_100,calendar_year,Japan,1106202000,無線通信機器,production,industry-iip-annual-20260914
2023,iip_production_1106202000,無線通信機器・生産,71.9,index_2020_100,calendar_year,Japan,1106202000,無線通信機器,production,industry-iip-annual-20260914
2024,iip_production_1106202000,無線通信機器・生産,59.2,index_2020_100,calendar_year,Japan,1106202000,無線通信機器,production,industry-iip-annual-20260914
2025,iip_production_1106202000,無線通信機器・生産,52.8,index_2020_100,calendar_year,Japan,1106202000,無線通信機器,production,industry-iip-annual-20260914
2018,iip_production_1106203000,民生用電子機械・生産,132.8,index_2020_100,calendar_year,Japan,1106203000,民生用電子機械,production,industry-iip-annual-20260914
2019,iip_production_1106203000,民生用電子機械・生産,124.0,index_2020_100,calendar_year,Japan,1106203000,民生用電子機械,production,industry-iip-annual-20260914
2020,iip_production_1106203000,民生用電子機械・生産,100.0,index_2020_100,calendar_year,Japan,1106203000,民生用電子機械,production,industry-iip-annual-20260914
2021,iip_production_1106203000,民生用電子機械・生産,96.0,index_2020_100,calendar_year,Japan,1106203000,民生用電子機械,production,industry-iip-annual-20260914
2022,iip_production_1106203000,民生用電子機械・生産,90.0,index_2020_100,calendar_year,Japan,1106203000,民生用電子機械,production,industry-iip-annual-20260914
2023,iip_production_1106203000,民生用電子機械・生産,107.1,index_2020_100,calendar_year,Japan,1106203000,民生用電子機械,production,industry-iip-annual-20260914
2024,iip_production_1106203000,民生用電子機械・生産,105.8,index_2020_100,calendar_year,Japan,1106203000,民生用電子機械,production,industry-iip-annual-20260914
2025,iip_production_1106203000,民生用電子機械・生産,80.8,index_2020_100,calendar_year,Japan,1106203000,民生用電子機械,production,industry-iip-annual-20260914
2018,iip_production_1106204000,電子計算機・生産,102.9,index_2020_100,calendar_year,Japan,1106204000,電子計算機,production,industry-iip-annual-20260914
2019,iip_production_1106204000,電子計算機・生産,140.2,index_2020_100,calendar_year,Japan,1106204000,電子計算機,production,industry-iip-annual-20260914
2020,iip_production_1106204000,電子計算機・生産,100.0,index_2020_100,calendar_year,Japan,1106204000,電子計算機,production,industry-iip-annual-20260914
2021,iip_production_1106204000,電子計算機・生産,90.2,index_2020_100,calendar_year,Japan,1106204000,電子計算機,production,industry-iip-annual-20260914
2022,iip_production_1106204000,電子計算機・生産,77.2,index_2020_100,calendar_year,Japan,1106204000,電子計算機,production,industry-iip-annual-20260914
2023,iip_production_1106204000,電子計算機・生産,81.5,index_2020_100,calendar_year,Japan,1106204000,電子計算機,production,industry-iip-annual-20260914
2024,iip_production_1106204000,電子計算機・生産,85.7,index_2020_100,calendar_year,Japan,1106204000,電子計算機,production,industry-iip-annual-20260914
2025,iip_production_1106204000,電子計算機・生産,101.5,index_2020_100,calendar_year,Japan,1106204000,電子計算機,production,industry-iip-annual-20260914
2018,iip_production_1106205000,情報端末装置・生産,120.6,index_2020_100,calendar_year,Japan,1106205000,情報端末装置,production,industry-iip-annual-20260914
2019,iip_production_1106205000,情報端末装置・生産,120.3,index_2020_100,calendar_year,Japan,1106205000,情報端末装置,production,industry-iip-annual-20260914
2020,iip_production_1106205000,情報端末装置・生産,100.0,index_2020_100,calendar_year,Japan,1106205000,情報端末装置,production,industry-iip-annual-20260914
2021,iip_production_1106205000,情報端末装置・生産,95.9,index_2020_100,calendar_year,Japan,1106205000,情報端末装置,production,industry-iip-annual-20260914
2022,iip_production_1106205000,情報端末装置・生産,98.9,index_2020_100,calendar_year,Japan,1106205000,情報端末装置,production,industry-iip-annual-20260914
2023,iip_production_1106205000,情報端末装置・生産,105.6,index_2020_100,calendar_year,Japan,1106205000,情報端末装置,production,industry-iip-annual-20260914
2024,iip_production_1106205000,情報端末装置・生産,104.2,index_2020_100,calendar_year,Japan,1106205000,情報端末装置,production,industry-iip-annual-20260914
2025,iip_production_1106205000,情報端末装置・生産,91.6,index_2020_100,calendar_year,Japan,1106205000,情報端末装置,production,industry-iip-annual-20260914
2018,iip_production_1107000000,輸送機械工業・生産,121.4,index_2020_100,calendar_year,Japan,1107000000,輸送機械工業,production,industry-iip-annual-20260914
2019,iip_production_1107000000,輸送機械工業・生産,120.9,index_2020_100,calendar_year,Japan,1107000000,輸送機械工業,production,industry-iip-annual-20260914
2020,iip_production_1107000000,輸送機械工業・生産,100.0,index_2020_100,calendar_year,Japan,1107000000,輸送機械工業,production,industry-iip-annual-20260914
2021,iip_production_1107000000,輸送機械工業・生産,98.4,index_2020_100,calendar_year,Japan,1107000000,輸送機械工業,production,industry-iip-annual-20260914
2022,iip_production_1107000000,輸送機械工業・生産,97.6,index_2020_100,calendar_year,Japan,1107000000,輸送機械工業,production,industry-iip-annual-20260914
2023,iip_production_1107000000,輸送機械工業・生産,111.5,index_2020_100,calendar_year,Japan,1107000000,輸送機械工業,production,industry-iip-annual-20260914
2024,iip_production_1107000000,輸送機械工業・生産,106.3,index_2020_100,calendar_year,Japan,1107000000,輸送機械工業,production,industry-iip-annual-20260914
2025,iip_production_1107000000,輸送機械工業・生産,107.2,index_2020_100,calendar_year,Japan,1107000000,輸送機械工業,production,industry-iip-annual-20260914
2018,iip_production_1107100000,自動車工業・生産,123.2,index_2020_100,calendar_year,Japan,1107100000,自動車工業,production,industry-iip-annual-20260914
2019,iip_production_1107100000,自動車工業・生産,121.1,index_2020_100,calendar_year,Japan,1107100000,自動車工業,production,industry-iip-annual-20260914
2020,iip_production_1107100000,自動車工業・生産,100.0,index_2020_100,calendar_year,Japan,1107100000,自動車工業,production,industry-iip-annual-20260914
2021,iip_production_1107100000,自動車工業・生産,101.8,index_2020_100,calendar_year,Japan,1107100000,自動車工業,production,industry-iip-annual-20260914
2022,iip_production_1107100000,自動車工業・生産,98.9,index_2020_100,calendar_year,Japan,1107100000,自動車工業,production,industry-iip-annual-20260914
2023,iip_production_1107100000,自動車工業・生産,113.1,index_2020_100,calendar_year,Japan,1107100000,自動車工業,production,industry-iip-annual-20260914
2024,iip_production_1107100000,自動車工業・生産,104.8,index_2020_100,calendar_year,Japan,1107100000,自動車工業,production,industry-iip-annual-20260914
2025,iip_production_1107100000,自動車工業・生産,106.1,index_2020_100,calendar_year,Japan,1107100000,自動車工業,production,industry-iip-annual-20260914
2018,iip_production_1107101000,乗用車・生産,122.2,index_2020_100,calendar_year,Japan,1107101000,乗用車,production,industry-iip-annual-20260914
2019,iip_production_1107101000,乗用車・生産,122.5,index_2020_100,calendar_year,Japan,1107101000,乗用車,production,industry-iip-annual-20260914
2020,iip_production_1107101000,乗用車・生産,100.0,index_2020_100,calendar_year,Japan,1107101000,乗用車,production,industry-iip-annual-20260914
2021,iip_production_1107101000,乗用車・生産,96.5,index_2020_100,calendar_year,Japan,1107101000,乗用車,production,industry-iip-annual-20260914
2022,iip_production_1107101000,乗用車・生産,95.1,index_2020_100,calendar_year,Japan,1107101000,乗用車,production,industry-iip-annual-20260914
2023,iip_production_1107101000,乗用車・生産,114.6,index_2020_100,calendar_year,Japan,1107101000,乗用車,production,industry-iip-annual-20260914
2024,iip_production_1107101000,乗用車・生産,106.5,index_2020_100,calendar_year,Japan,1107101000,乗用車,production,industry-iip-annual-20260914
2025,iip_production_1107101000,乗用車・生産,106.5,index_2020_100,calendar_year,Japan,1107101000,乗用車,production,industry-iip-annual-20260914
2018,iip_production_1107102000,トラック・生産,124.4,index_2020_100,calendar_year,Japan,1107102000,トラック,production,industry-iip-annual-20260914
2019,iip_production_1107102000,トラック・生産,121.4,index_2020_100,calendar_year,Japan,1107102000,トラック,production,industry-iip-annual-20260914
2020,iip_production_1107102000,トラック・生産,100.0,index_2020_100,calendar_year,Japan,1107102000,トラック,production,industry-iip-annual-20260914
2021,iip_production_1107102000,トラック・生産,119.2,index_2020_100,calendar_year,Japan,1107102000,トラック,production,industry-iip-annual-20260914
2022,iip_production_1107102000,トラック・生産,118.8,index_2020_100,calendar_year,Japan,1107102000,トラック,production,industry-iip-annual-20260914
2023,iip_production_1107102000,トラック・生産,113.9,index_2020_100,calendar_year,Japan,1107102000,トラック,production,industry-iip-annual-20260914
2024,iip_production_1107102000,トラック・生産,103.0,index_2020_100,calendar_year,Japan,1107102000,トラック,production,industry-iip-annual-20260914
2025,iip_production_1107102000,トラック・生産,111.8,index_2020_100,calendar_year,Japan,1107102000,トラック,production,industry-iip-annual-20260914
2018,iip_production_1107103000,車体・自動車部品・生産,123.9,index_2020_100,calendar_year,Japan,1107103000,車体・自動車部品,production,industry-iip-annual-20260914
2019,iip_production_1107103000,車体・自動車部品・生産,119.2,index_2020_100,calendar_year,Japan,1107103000,車体・自動車部品,production,industry-iip-annual-20260914
2020,iip_production_1107103000,車体・自動車部品・生産,100.0,index_2020_100,calendar_year,Japan,1107103000,車体・自動車部品,production,industry-iip-annual-20260914
2021,iip_production_1107103000,車体・自動車部品・生産,103.5,index_2020_100,calendar_year,Japan,1107103000,車体・自動車部品,production,industry-iip-annual-20260914
2022,iip_production_1107103000,車体・自動車部品・生産,97.8,index_2020_100,calendar_year,Japan,1107103000,車体・自動車部品,production,industry-iip-annual-20260914
2023,iip_production_1107103000,車体・自動車部品・生産,109.8,index_2020_100,calendar_year,Japan,1107103000,車体・自動車部品,production,industry-iip-annual-20260914
2024,iip_production_1107103000,車体・自動車部品・生産,102.0,index_2020_100,calendar_year,Japan,1107103000,車体・自動車部品,production,industry-iip-annual-20260914
2025,iip_production_1107103000,車体・自動車部品・生産,102.7,index_2020_100,calendar_year,Japan,1107103000,車体・自動車部品,production,industry-iip-annual-20260914
2018,iip_production_1107104000,二輪自動車・生産,139.4,index_2020_100,calendar_year,Japan,1107104000,二輪自動車,production,industry-iip-annual-20260914
2019,iip_production_1107104000,二輪自動車・生産,119.9,index_2020_100,calendar_year,Japan,1107104000,二輪自動車,production,industry-iip-annual-20260914
2020,iip_production_1107104000,二輪自動車・生産,100.0,index_2020_100,calendar_year,Japan,1107104000,二輪自動車,production,industry-iip-annual-20260914
2021,iip_production_1107104000,二輪自動車・生産,139.0,index_2020_100,calendar_year,Japan,1107104000,二輪自動車,production,industry-iip-annual-20260914
2022,iip_production_1107104000,二輪自動車・生産,150.6,index_2020_100,calendar_year,Japan,1107104000,二輪自動車,production,industry-iip-annual-20260914
2023,iip_production_1107104000,二輪自動車・生産,165.3,index_2020_100,calendar_year,Japan,1107104000,二輪自動車,production,industry-iip-annual-20260914
2024,iip_production_1107104000,二輪自動車・生産,148.5,index_2020_100,calendar_year,Japan,1107104000,二輪自動車,production,industry-iip-annual-20260914
2025,iip_production_1107104000,二輪自動車・生産,165.2,index_2020_100,calendar_year,Japan,1107104000,二輪自動車,production,industry-iip-annual-20260914
2018,iip_production_1107200000,輸送機械工業（除．自動車工業）・生産,112.6,index_2020_100,calendar_year,Japan,1107200000,輸送機械工業（除．自動車工業）,production,industry-iip-annual-20260914
2019,iip_production_1107200000,輸送機械工業（除．自動車工業）・生産,120.0,index_2020_100,calendar_year,Japan,1107200000,輸送機械工業（除．自動車工業）,production,industry-iip-annual-20260914
2020,iip_production_1107200000,輸送機械工業（除．自動車工業）・生産,100.0,index_2020_100,calendar_year,Japan,1107200000,輸送機械工業（除．自動車工業）,production,industry-iip-annual-20260914
2021,iip_production_1107200000,輸送機械工業（除．自動車工業）・生産,82.0,index_2020_100,calendar_year,Japan,1107200000,輸送機械工業（除．自動車工業）,production,industry-iip-annual-20260914
2022,iip_production_1107200000,輸送機械工業（除．自動車工業）・生産,91.3,index_2020_100,calendar_year,Japan,1107200000,輸送機械工業（除．自動車工業）,production,industry-iip-annual-20260914
2023,iip_production_1107200000,輸送機械工業（除．自動車工業）・生産,103.1,index_2020_100,calendar_year,Japan,1107200000,輸送機械工業（除．自動車工業）,production,industry-iip-annual-20260914
2024,iip_production_1107200000,輸送機械工業（除．自動車工業）・生産,113.9,index_2020_100,calendar_year,Japan,1107200000,輸送機械工業（除．自動車工業）,production,industry-iip-annual-20260914
2025,iip_production_1107200000,輸送機械工業（除．自動車工業）・生産,112.7,index_2020_100,calendar_year,Japan,1107200000,輸送機械工業（除．自動車工業）,production,industry-iip-annual-20260914
2018,iip_production_1107201000,産業車両・生産,123.3,index_2020_100,calendar_year,Japan,1107201000,産業車両,production,industry-iip-annual-20260914
2019,iip_production_1107201000,産業車両・生産,111.9,index_2020_100,calendar_year,Japan,1107201000,産業車両,production,industry-iip-annual-20260914
2020,iip_production_1107201000,産業車両・生産,100.0,index_2020_100,calendar_year,Japan,1107201000,産業車両,production,industry-iip-annual-20260914
2021,iip_production_1107201000,産業車両・生産,118.3,index_2020_100,calendar_year,Japan,1107201000,産業車両,production,industry-iip-annual-20260914
2022,iip_production_1107201000,産業車両・生産,125.0,index_2020_100,calendar_year,Japan,1107201000,産業車両,production,industry-iip-annual-20260914
2023,iip_production_1107201000,産業車両・生産,117.4,index_2020_100,calendar_year,Japan,1107201000,産業車両,production,industry-iip-annual-20260914
2024,iip_production_1107201000,産業車両・生産,112.1,index_2020_100,calendar_year,Japan,1107201000,産業車両,production,industry-iip-annual-20260914
2025,iip_production_1107201000,産業車両・生産,106.3,index_2020_100,calendar_year,Japan,1107201000,産業車両,production,industry-iip-annual-20260914
2018,iip_production_1107202000,航空機部品・生産,124.9,index_2020_100,calendar_year,Japan,1107202000,航空機部品,production,industry-iip-annual-20260914
2019,iip_production_1107202000,航空機部品・生産,137.4,index_2020_100,calendar_year,Japan,1107202000,航空機部品,production,industry-iip-annual-20260914
2020,iip_production_1107202000,航空機部品・生産,100.0,index_2020_100,calendar_year,Japan,1107202000,航空機部品,production,industry-iip-annual-20260914
2021,iip_production_1107202000,航空機部品・生産,69.4,index_2020_100,calendar_year,Japan,1107202000,航空機部品,production,industry-iip-annual-20260914
2022,iip_production_1107202000,航空機部品・生産,93.3,index_2020_100,calendar_year,Japan,1107202000,航空機部品,production,industry-iip-annual-20260914
2023,iip_production_1107202000,航空機部品・生産,124.0,index_2020_100,calendar_year,Japan,1107202000,航空機部品,production,industry-iip-annual-20260914
2024,iip_production_1107202000,航空機部品・生産,152.8,index_2020_100,calendar_year,Japan,1107202000,航空機部品,production,industry-iip-annual-20260914
2025,iip_production_1107202000,航空機部品・生産,149.1,index_2020_100,calendar_year,Japan,1107202000,航空機部品,production,industry-iip-annual-20260914
2018,iip_production_1107203000,船舶・同機関・生産,102.0,index_2020_100,calendar_year,Japan,1107203000,船舶・同機関,production,industry-iip-annual-20260914
2019,iip_production_1107203000,船舶・同機関・生産,107.5,index_2020_100,calendar_year,Japan,1107203000,船舶・同機関,production,industry-iip-annual-20260914
2020,iip_production_1107203000,船舶・同機関・生産,100.0,index_2020_100,calendar_year,Japan,1107203000,船舶・同機関,production,industry-iip-annual-20260914
2021,iip_production_1107203000,船舶・同機関・生産,84.6,index_2020_100,calendar_year,Japan,1107203000,船舶・同機関,production,industry-iip-annual-20260914
2022,iip_production_1107203000,船舶・同機関・生産,81.8,index_2020_100,calendar_year,Japan,1107203000,船舶・同機関,production,industry-iip-annual-20260914
2023,iip_production_1107203000,船舶・同機関・生産,84.3,index_2020_100,calendar_year,Japan,1107203000,船舶・同機関,production,industry-iip-annual-20260914
2024,iip_production_1107203000,船舶・同機関・生産,84.5,index_2020_100,calendar_year,Japan,1107203000,船舶・同機関,production,industry-iip-annual-20260914
2025,iip_production_1107203000,船舶・同機関・生産,86.7,index_2020_100,calendar_year,Japan,1107203000,船舶・同機関,production,industry-iip-annual-20260914
2018,iip_production_1108000000,窯業・土石製品工業・生産,115.6,index_2020_100,calendar_year,Japan,1108000000,窯業・土石製品工業,production,industry-iip-annual-20260914
2019,iip_production_1108000000,窯業・土石製品工業・生産,110.8,index_2020_100,calendar_year,Japan,1108000000,窯業・土石製品工業,production,industry-iip-annual-20260914
2020,iip_production_1108000000,窯業・土石製品工業・生産,100.0,index_2020_100,calendar_year,Japan,1108000000,窯業・土石製品工業,production,industry-iip-annual-20260914
2021,iip_production_1108000000,窯業・土石製品工業・生産,103.9,index_2020_100,calendar_year,Japan,1108000000,窯業・土石製品工業,production,industry-iip-annual-20260914
2022,iip_production_1108000000,窯業・土石製品工業・生産,99.2,index_2020_100,calendar_year,Japan,1108000000,窯業・土石製品工業,production,industry-iip-annual-20260914
2023,iip_production_1108000000,窯業・土石製品工業・生産,94.1,index_2020_100,calendar_year,Japan,1108000000,窯業・土石製品工業,production,industry-iip-annual-20260914
2024,iip_production_1108000000,窯業・土石製品工業・生産,90.2,index_2020_100,calendar_year,Japan,1108000000,窯業・土石製品工業,production,industry-iip-annual-20260914
2025,iip_production_1108000000,窯業・土石製品工業・生産,87.5,index_2020_100,calendar_year,Japan,1108000000,窯業・土石製品工業,production,industry-iip-annual-20260914
2018,iip_production_1108001000,ガラス・同製品・生産,120.4,index_2020_100,calendar_year,Japan,1108001000,ガラス・同製品,production,industry-iip-annual-20260914
2019,iip_production_1108001000,ガラス・同製品・生産,115.4,index_2020_100,calendar_year,Japan,1108001000,ガラス・同製品,production,industry-iip-annual-20260914
2020,iip_production_1108001000,ガラス・同製品・生産,100.0,index_2020_100,calendar_year,Japan,1108001000,ガラス・同製品,production,industry-iip-annual-20260914
2021,iip_production_1108001000,ガラス・同製品・生産,103.0,index_2020_100,calendar_year,Japan,1108001000,ガラス・同製品,production,industry-iip-annual-20260914
2022,iip_production_1108001000,ガラス・同製品・生産,100.4,index_2020_100,calendar_year,Japan,1108001000,ガラス・同製品,production,industry-iip-annual-20260914
2023,iip_production_1108001000,ガラス・同製品・生産,104.3,index_2020_100,calendar_year,Japan,1108001000,ガラス・同製品,production,industry-iip-annual-20260914
2024,iip_production_1108001000,ガラス・同製品・生産,97.7,index_2020_100,calendar_year,Japan,1108001000,ガラス・同製品,production,industry-iip-annual-20260914
2025,iip_production_1108001000,ガラス・同製品・生産,95.6,index_2020_100,calendar_year,Japan,1108001000,ガラス・同製品,production,industry-iip-annual-20260914
2018,iip_production_1108002000,セメント・同製品・生産,109.2,index_2020_100,calendar_year,Japan,1108002000,セメント・同製品,production,industry-iip-annual-20260914
2019,iip_production_1108002000,セメント・同製品・生産,105.5,index_2020_100,calendar_year,Japan,1108002000,セメント・同製品,production,industry-iip-annual-20260914
2020,iip_production_1108002000,セメント・同製品・生産,100.0,index_2020_100,calendar_year,Japan,1108002000,セメント・同製品,production,industry-iip-annual-20260914
2021,iip_production_1108002000,セメント・同製品・生産,97.1,index_2020_100,calendar_year,Japan,1108002000,セメント・同製品,production,industry-iip-annual-20260914
2022,iip_production_1108002000,セメント・同製品・生産,94.8,index_2020_100,calendar_year,Japan,1108002000,セメント・同製品,production,industry-iip-annual-20260914
2023,iip_production_1108002000,セメント・同製品・生産,87.5,index_2020_100,calendar_year,Japan,1108002000,セメント・同製品,production,industry-iip-annual-20260914
2024,iip_production_1108002000,セメント・同製品・生産,83.0,index_2020_100,calendar_year,Japan,1108002000,セメント・同製品,production,industry-iip-annual-20260914
2025,iip_production_1108002000,セメント・同製品・生産,78.9,index_2020_100,calendar_year,Japan,1108002000,セメント・同製品,production,industry-iip-annual-20260914
2018,iip_production_1108003000,陶磁器・同関連製品・生産,111.4,index_2020_100,calendar_year,Japan,1108003000,陶磁器・同関連製品,production,industry-iip-annual-20260914
2019,iip_production_1108003000,陶磁器・同関連製品・生産,106.8,index_2020_100,calendar_year,Japan,1108003000,陶磁器・同関連製品,production,industry-iip-annual-20260914
2020,iip_production_1108003000,陶磁器・同関連製品・生産,100.0,index_2020_100,calendar_year,Japan,1108003000,陶磁器・同関連製品,production,industry-iip-annual-20260914
2021,iip_production_1108003000,陶磁器・同関連製品・生産,109.0,index_2020_100,calendar_year,Japan,1108003000,陶磁器・同関連製品,production,industry-iip-annual-20260914
2022,iip_production_1108003000,陶磁器・同関連製品・生産,96.2,index_2020_100,calendar_year,Japan,1108003000,陶磁器・同関連製品,production,industry-iip-annual-20260914
2023,iip_production_1108003000,陶磁器・同関連製品・生産,85.8,index_2020_100,calendar_year,Japan,1108003000,陶磁器・同関連製品,production,industry-iip-annual-20260914
2024,iip_production_1108003000,陶磁器・同関連製品・生産,85.8,index_2020_100,calendar_year,Japan,1108003000,陶磁器・同関連製品,production,industry-iip-annual-20260914
2025,iip_production_1108003000,陶磁器・同関連製品・生産,85.8,index_2020_100,calendar_year,Japan,1108003000,陶磁器・同関連製品,production,industry-iip-annual-20260914
2018,iip_production_1108004000,その他の窯業・土石製品・生産,128.0,index_2020_100,calendar_year,Japan,1108004000,その他の窯業・土石製品,production,industry-iip-annual-20260914
2019,iip_production_1108004000,その他の窯業・土石製品・生産,121.2,index_2020_100,calendar_year,Japan,1108004000,その他の窯業・土石製品,production,industry-iip-annual-20260914
2020,iip_production_1108004000,その他の窯業・土石製品・生産,100.0,index_2020_100,calendar_year,Japan,1108004000,その他の窯業・土石製品,production,industry-iip-annual-20260914
2021,iip_production_1108004000,その他の窯業・土石製品・生産,110.1,index_2020_100,calendar_year,Japan,1108004000,その他の窯業・土石製品,production,industry-iip-annual-20260914
2022,iip_production_1108004000,その他の窯業・土石製品・生産,111.0,index_2020_100,calendar_year,Japan,1108004000,その他の窯業・土石製品,production,industry-iip-annual-20260914
2023,iip_production_1108004000,その他の窯業・土石製品・生産,106.2,index_2020_100,calendar_year,Japan,1108004000,その他の窯業・土石製品,production,industry-iip-annual-20260914
2024,iip_production_1108004000,その他の窯業・土石製品・生産,100.8,index_2020_100,calendar_year,Japan,1108004000,その他の窯業・土石製品,production,industry-iip-annual-20260914
2025,iip_production_1108004000,その他の窯業・土石製品・生産,95.1,index_2020_100,calendar_year,Japan,1108004000,その他の窯業・土石製品,production,industry-iip-annual-20260914
2018,iip_production_1109000000,化学工業・生産,112.0,index_2020_100,calendar_year,Japan,1109000000,化学工業,production,industry-iip-annual-20260914
2019,iip_production_1109000000,化学工業・生産,110.9,index_2020_100,calendar_year,Japan,1109000000,化学工業,production,industry-iip-annual-20260914
2020,iip_production_1109000000,化学工業・生産,100.0,index_2020_100,calendar_year,Japan,1109000000,化学工業,production,industry-iip-annual-20260914
2021,iip_production_1109000000,化学工業・生産,104.5,index_2020_100,calendar_year,Japan,1109000000,化学工業,production,industry-iip-annual-20260914
2022,iip_production_1109000000,化学工業・生産,103.6,index_2020_100,calendar_year,Japan,1109000000,化学工業,production,industry-iip-annual-20260914
2023,iip_production_1109000000,化学工業・生産,99.7,index_2020_100,calendar_year,Japan,1109000000,化学工業,production,industry-iip-annual-20260914
2024,iip_production_1109000000,化学工業・生産,98.9,index_2020_100,calendar_year,Japan,1109000000,化学工業,production,industry-iip-annual-20260914
2025,iip_production_1109000000,化学工業・生産,98.3,index_2020_100,calendar_year,Japan,1109000000,化学工業,production,industry-iip-annual-20260914
2018,iip_production_1110000000,化学工業（除．医薬品）・生産,114.9,index_2020_100,calendar_year,Japan,1110000000,化学工業（除．医薬品）,production,industry-iip-annual-20260914
2019,iip_production_1110000000,化学工業（除．医薬品）・生産,113.6,index_2020_100,calendar_year,Japan,1110000000,化学工業（除．医薬品）,production,industry-iip-annual-20260914
2020,iip_production_1110000000,化学工業（除．医薬品）・生産,100.0,index_2020_100,calendar_year,Japan,1110000000,化学工業（除．医薬品）,production,industry-iip-annual-20260914
2021,iip_production_1110000000,化学工業（除．医薬品）・生産,105.1,index_2020_100,calendar_year,Japan,1110000000,化学工業（除．医薬品）,production,industry-iip-annual-20260914
2022,iip_production_1110000000,化学工業（除．医薬品）・生産,101.1,index_2020_100,calendar_year,Japan,1110000000,化学工業（除．医薬品）,production,industry-iip-annual-20260914
2023,iip_production_1110000000,化学工業（除．医薬品）・生産,94.6,index_2020_100,calendar_year,Japan,1110000000,化学工業（除．医薬品）,production,industry-iip-annual-20260914
2024,iip_production_1110000000,化学工業（除．医薬品）・生産,91.6,index_2020_100,calendar_year,Japan,1110000000,化学工業（除．医薬品）,production,industry-iip-annual-20260914
2025,iip_production_1110000000,化学工業（除．医薬品）・生産,90.4,index_2020_100,calendar_year,Japan,1110000000,化学工業（除．医薬品）,production,industry-iip-annual-20260914
2018,iip_production_1109100000,無機・有機化学工業・生産,114.8,index_2020_100,calendar_year,Japan,1109100000,無機・有機化学工業,production,industry-iip-annual-20260914
2019,iip_production_1109100000,無機・有機化学工業・生産,113.6,index_2020_100,calendar_year,Japan,1109100000,無機・有機化学工業,production,industry-iip-annual-20260914
2020,iip_production_1109100000,無機・有機化学工業・生産,100.0,index_2020_100,calendar_year,Japan,1109100000,無機・有機化学工業,production,industry-iip-annual-20260914
2021,iip_production_1109100000,無機・有機化学工業・生産,109.3,index_2020_100,calendar_year,Japan,1109100000,無機・有機化学工業,production,industry-iip-annual-20260914
2022,iip_production_1109100000,無機・有機化学工業・生産,100.5,index_2020_100,calendar_year,Japan,1109100000,無機・有機化学工業,production,industry-iip-annual-20260914
2023,iip_production_1109100000,無機・有機化学工業・生産,91.7,index_2020_100,calendar_year,Japan,1109100000,無機・有機化学工業,production,industry-iip-annual-20260914
2024,iip_production_1109100000,無機・有機化学工業・生産,86.8,index_2020_100,calendar_year,Japan,1109100000,無機・有機化学工業,production,industry-iip-annual-20260914
2025,iip_production_1109100000,無機・有機化学工業・生産,84.9,index_2020_100,calendar_year,Japan,1109100000,無機・有機化学工業,production,industry-iip-annual-20260914
2018,iip_production_1109101000,無機化学工業製品・生産,114.7,index_2020_100,calendar_year,Japan,1109101000,無機化学工業製品,production,industry-iip-annual-20260914
2019,iip_production_1109101000,無機化学工業製品・生産,112.2,index_2020_100,calendar_year,Japan,1109101000,無機化学工業製品,production,industry-iip-annual-20260914
2020,iip_production_1109101000,無機化学工業製品・生産,100.0,index_2020_100,calendar_year,Japan,1109101000,無機化学工業製品,production,industry-iip-annual-20260914
2021,iip_production_1109101000,無機化学工業製品・生産,109.6,index_2020_100,calendar_year,Japan,1109101000,無機化学工業製品,production,industry-iip-annual-20260914
2022,iip_production_1109101000,無機化学工業製品・生産,105.2,index_2020_100,calendar_year,Japan,1109101000,無機化学工業製品,production,industry-iip-annual-20260914
2023,iip_production_1109101000,無機化学工業製品・生産,100.6,index_2020_100,calendar_year,Japan,1109101000,無機化学工業製品,production,industry-iip-annual-20260914
2024,iip_production_1109101000,無機化学工業製品・生産,97.5,index_2020_100,calendar_year,Japan,1109101000,無機化学工業製品,production,industry-iip-annual-20260914
2025,iip_production_1109101000,無機化学工業製品・生産,94.4,index_2020_100,calendar_year,Japan,1109101000,無機化学工業製品,production,industry-iip-annual-20260914
2018,iip_production_1109102000,石油化学系基礎製品・生産,112.7,index_2020_100,calendar_year,Japan,1109102000,石油化学系基礎製品,production,industry-iip-annual-20260914
2019,iip_production_1109102000,石油化学系基礎製品・生産,113.2,index_2020_100,calendar_year,Japan,1109102000,石油化学系基礎製品,production,industry-iip-annual-20260914
2020,iip_production_1109102000,石油化学系基礎製品・生産,100.0,index_2020_100,calendar_year,Japan,1109102000,石油化学系基礎製品,production,industry-iip-annual-20260914
2021,iip_production_1109102000,石油化学系基礎製品・生産,104.0,index_2020_100,calendar_year,Japan,1109102000,石油化学系基礎製品,production,industry-iip-annual-20260914
2022,iip_production_1109102000,石油化学系基礎製品・生産,92.6,index_2020_100,calendar_year,Japan,1109102000,石油化学系基礎製品,production,industry-iip-annual-20260914
2023,iip_production_1109102000,石油化学系基礎製品・生産,88.4,index_2020_100,calendar_year,Japan,1109102000,石油化学系基礎製品,production,industry-iip-annual-20260914
2024,iip_production_1109102000,石油化学系基礎製品・生産,82.3,index_2020_100,calendar_year,Japan,1109102000,石油化学系基礎製品,production,industry-iip-annual-20260914
2025,iip_production_1109102000,石油化学系基礎製品・生産,81.6,index_2020_100,calendar_year,Japan,1109102000,石油化学系基礎製品,production,industry-iip-annual-20260914
2018,iip_production_1109103000,脂肪族系中間物・生産,109.2,index_2020_100,calendar_year,Japan,1109103000,脂肪族系中間物,production,industry-iip-annual-20260914
2019,iip_production_1109103000,脂肪族系中間物・生産,111.8,index_2020_100,calendar_year,Japan,1109103000,脂肪族系中間物,production,industry-iip-annual-20260914
2020,iip_production_1109103000,脂肪族系中間物・生産,100.0,index_2020_100,calendar_year,Japan,1109103000,脂肪族系中間物,production,industry-iip-annual-20260914
2021,iip_production_1109103000,脂肪族系中間物・生産,108.9,index_2020_100,calendar_year,Japan,1109103000,脂肪族系中間物,production,industry-iip-annual-20260914
2022,iip_production_1109103000,脂肪族系中間物・生産,97.2,index_2020_100,calendar_year,Japan,1109103000,脂肪族系中間物,production,industry-iip-annual-20260914
2023,iip_production_1109103000,脂肪族系中間物・生産,86.4,index_2020_100,calendar_year,Japan,1109103000,脂肪族系中間物,production,industry-iip-annual-20260914
2024,iip_production_1109103000,脂肪族系中間物・生産,81.7,index_2020_100,calendar_year,Japan,1109103000,脂肪族系中間物,production,industry-iip-annual-20260914
2025,iip_production_1109103000,脂肪族系中間物・生産,78.2,index_2020_100,calendar_year,Japan,1109103000,脂肪族系中間物,production,industry-iip-annual-20260914
2018,iip_production_1109104000,環式中間物・生産,118.5,index_2020_100,calendar_year,Japan,1109104000,環式中間物,production,industry-iip-annual-20260914
2019,iip_production_1109104000,環式中間物・生産,118.0,index_2020_100,calendar_year,Japan,1109104000,環式中間物,production,industry-iip-annual-20260914
2020,iip_production_1109104000,環式中間物・生産,100.0,index_2020_100,calendar_year,Japan,1109104000,環式中間物,production,industry-iip-annual-20260914
2021,iip_production_1109104000,環式中間物・生産,106.3,index_2020_100,calendar_year,Japan,1109104000,環式中間物,production,industry-iip-annual-20260914
2022,iip_production_1109104000,環式中間物・生産,96.9,index_2020_100,calendar_year,Japan,1109104000,環式中間物,production,industry-iip-annual-20260914
2023,iip_production_1109104000,環式中間物・生産,80.7,index_2020_100,calendar_year,Japan,1109104000,環式中間物,production,industry-iip-annual-20260914
2024,iip_production_1109104000,環式中間物・生産,71.2,index_2020_100,calendar_year,Japan,1109104000,環式中間物,production,industry-iip-annual-20260914
2025,iip_production_1109104000,環式中間物・生産,66.0,index_2020_100,calendar_year,Japan,1109104000,環式中間物,production,industry-iip-annual-20260914
2018,iip_production_1109105000,プラスチック・生産,113.1,index_2020_100,calendar_year,Japan,1109105000,プラスチック,production,industry-iip-annual-20260914
2019,iip_production_1109105000,プラスチック・生産,110.5,index_2020_100,calendar_year,Japan,1109105000,プラスチック,production,industry-iip-annual-20260914
2020,iip_production_1109105000,プラスチック・生産,100.0,index_2020_100,calendar_year,Japan,1109105000,プラスチック,production,industry-iip-annual-20260914
2021,iip_production_1109105000,プラスチック・生産,110.1,index_2020_100,calendar_year,Japan,1109105000,プラスチック,production,industry-iip-annual-20260914
2022,iip_production_1109105000,プラスチック・生産,101.2,index_2020_100,calendar_year,Japan,1109105000,プラスチック,production,industry-iip-annual-20260914
2023,iip_production_1109105000,プラスチック・生産,94.3,index_2020_100,calendar_year,Japan,1109105000,プラスチック,production,industry-iip-annual-20260914
2024,iip_production_1109105000,プラスチック・生産,88.9,index_2020_100,calendar_year,Japan,1109105000,プラスチック,production,industry-iip-annual-20260914
2025,iip_production_1109105000,プラスチック・生産,89.4,index_2020_100,calendar_year,Japan,1109105000,プラスチック,production,industry-iip-annual-20260914
2018,iip_production_1109106000,その他の有機化学工業製品・生産,127.6,index_2020_100,calendar_year,Japan,1109106000,その他の有機化学工業製品,production,industry-iip-annual-20260914
2019,iip_production_1109106000,その他の有機化学工業製品・生産,124.7,index_2020_100,calendar_year,Japan,1109106000,その他の有機化学工業製品,production,industry-iip-annual-20260914
2020,iip_production_1109106000,その他の有機化学工業製品・生産,100.0,index_2020_100,calendar_year,Japan,1109106000,その他の有機化学工業製品,production,industry-iip-annual-20260914
2021,iip_production_1109106000,その他の有機化学工業製品・生産,119.8,index_2020_100,calendar_year,Japan,1109106000,その他の有機化学工業製品,production,industry-iip-annual-20260914
2022,iip_production_1109106000,その他の有機化学工業製品・生産,112.0,index_2020_100,calendar_year,Japan,1109106000,その他の有機化学工業製品,production,industry-iip-annual-20260914
2023,iip_production_1109106000,その他の有機化学工業製品・生産,95.3,index_2020_100,calendar_year,Japan,1109106000,その他の有機化学工業製品,production,industry-iip-annual-20260914
2024,iip_production_1109106000,その他の有機化学工業製品・生産,96.8,index_2020_100,calendar_year,Japan,1109106000,その他の有機化学工業製品,production,industry-iip-annual-20260914
2025,iip_production_1109106000,その他の有機化学工業製品・生産,94.8,index_2020_100,calendar_year,Japan,1109106000,その他の有機化学工業製品,production,industry-iip-annual-20260914
2018,iip_production_1109200000,化学工業（除．無機・有機化学工業）・生産,109.9,index_2020_100,calendar_year,Japan,1109200000,化学工業（除．無機・有機化学工業）,production,industry-iip-annual-20260914
2019,iip_production_1109200000,化学工業（除．無機・有機化学工業）・生産,108.8,index_2020_100,calendar_year,Japan,1109200000,化学工業（除．無機・有機化学工業）,production,industry-iip-annual-20260914
2020,iip_production_1109200000,化学工業（除．無機・有機化学工業）・生産,100.0,index_2020_100,calendar_year,Japan,1109200000,化学工業（除．無機・有機化学工業）,production,industry-iip-annual-20260914
2021,iip_production_1109200000,化学工業（除．無機・有機化学工業）・生産,101.0,index_2020_100,calendar_year,Japan,1109200000,化学工業（除．無機・有機化学工業）,production,industry-iip-annual-20260914
2022,iip_production_1109200000,化学工業（除．無機・有機化学工業）・生産,106.0,index_2020_100,calendar_year,Japan,1109200000,化学工業（除．無機・有機化学工業）,production,industry-iip-annual-20260914
2023,iip_production_1109200000,化学工業（除．無機・有機化学工業）・生産,105.5,index_2020_100,calendar_year,Japan,1109200000,化学工業（除．無機・有機化学工業）,production,industry-iip-annual-20260914
2024,iip_production_1109200000,化学工業（除．無機・有機化学工業）・生産,107.8,index_2020_100,calendar_year,Japan,1109200000,化学工業（除．無機・有機化学工業）,production,industry-iip-annual-20260914
2025,iip_production_1109200000,化学工業（除．無機・有機化学工業）・生産,108.3,index_2020_100,calendar_year,Japan,1109200000,化学工業（除．無機・有機化学工業）,production,industry-iip-annual-20260914
2018,iip_production_1110300000,化学工業（除．無機・有機化学工業・医薬品）・生産,115.0,index_2020_100,calendar_year,Japan,1110300000,化学工業（除．無機・有機化学工業・医薬品）,production,industry-iip-annual-20260914
2019,iip_production_1110300000,化学工業（除．無機・有機化学工業・医薬品）・生産,113.6,index_2020_100,calendar_year,Japan,1110300000,化学工業（除．無機・有機化学工業・医薬品）,production,industry-iip-annual-20260914
2020,iip_production_1110300000,化学工業（除．無機・有機化学工業・医薬品）・生産,100.0,index_2020_100,calendar_year,Japan,1110300000,化学工業（除．無機・有機化学工業・医薬品）,production,industry-iip-annual-20260914
2021,iip_production_1110300000,化学工業（除．無機・有機化学工業・医薬品）・生産,100.5,index_2020_100,calendar_year,Japan,1110300000,化学工業（除．無機・有機化学工業・医薬品）,production,industry-iip-annual-20260914
2022,iip_production_1110300000,化学工業（除．無機・有機化学工業・医薬品）・生産,101.7,index_2020_100,calendar_year,Japan,1110300000,化学工業（除．無機・有機化学工業・医薬品）,production,industry-iip-annual-20260914
2023,iip_production_1110300000,化学工業（除．無機・有機化学工業・医薬品）・生産,97.6,index_2020_100,calendar_year,Japan,1110300000,化学工業（除．無機・有機化学工業・医薬品）,production,industry-iip-annual-20260914
2024,iip_production_1110300000,化学工業（除．無機・有機化学工業・医薬品）・生産,96.8,index_2020_100,calendar_year,Japan,1110300000,化学工業（除．無機・有機化学工業・医薬品）,production,industry-iip-annual-20260914
2025,iip_production_1110300000,化学工業（除．無機・有機化学工業・医薬品）・生産,96.4,index_2020_100,calendar_year,Japan,1110300000,化学工業（除．無機・有機化学工業・医薬品）,production,industry-iip-annual-20260914
2018,iip_production_1109201000,化学肥料・生産,104.3,index_2020_100,calendar_year,Japan,1109201000,化学肥料,production,industry-iip-annual-20260914
2019,iip_production_1109201000,化学肥料・生産,104.6,index_2020_100,calendar_year,Japan,1109201000,化学肥料,production,industry-iip-annual-20260914
2020,iip_production_1109201000,化学肥料・生産,100.0,index_2020_100,calendar_year,Japan,1109201000,化学肥料,production,industry-iip-annual-20260914
2021,iip_production_1109201000,化学肥料・生産,101.8,index_2020_100,calendar_year,Japan,1109201000,化学肥料,production,industry-iip-annual-20260914
2022,iip_production_1109201000,化学肥料・生産,99.0,index_2020_100,calendar_year,Japan,1109201000,化学肥料,production,industry-iip-annual-20260914
2023,iip_production_1109201000,化学肥料・生産,83.0,index_2020_100,calendar_year,Japan,1109201000,化学肥料,production,industry-iip-annual-20260914
2024,iip_production_1109201000,化学肥料・生産,80.7,index_2020_100,calendar_year,Japan,1109201000,化学肥料,production,industry-iip-annual-20260914
2025,iip_production_1109201000,化学肥料・生産,79.3,index_2020_100,calendar_year,Japan,1109201000,化学肥料,production,industry-iip-annual-20260914
2018,iip_production_1109202000,塗料・印刷インキ・生産,114.4,index_2020_100,calendar_year,Japan,1109202000,塗料・印刷インキ,production,industry-iip-annual-20260914
2019,iip_production_1109202000,塗料・印刷インキ・生産,113.0,index_2020_100,calendar_year,Japan,1109202000,塗料・印刷インキ,production,industry-iip-annual-20260914
2020,iip_production_1109202000,塗料・印刷インキ・生産,100.0,index_2020_100,calendar_year,Japan,1109202000,塗料・印刷インキ,production,industry-iip-annual-20260914
2021,iip_production_1109202000,塗料・印刷インキ・生産,101.6,index_2020_100,calendar_year,Japan,1109202000,塗料・印刷インキ,production,industry-iip-annual-20260914
2022,iip_production_1109202000,塗料・印刷インキ・生産,99.5,index_2020_100,calendar_year,Japan,1109202000,塗料・印刷インキ,production,industry-iip-annual-20260914
2023,iip_production_1109202000,塗料・印刷インキ・生産,97.9,index_2020_100,calendar_year,Japan,1109202000,塗料・印刷インキ,production,industry-iip-annual-20260914
2024,iip_production_1109202000,塗料・印刷インキ・生産,95.4,index_2020_100,calendar_year,Japan,1109202000,塗料・印刷インキ,production,industry-iip-annual-20260914
2025,iip_production_1109202000,塗料・印刷インキ・生産,93.1,index_2020_100,calendar_year,Japan,1109202000,塗料・印刷インキ,production,industry-iip-annual-20260914
2018,iip_production_1109203000,洗剤・界面活性剤・生産,98.8,index_2020_100,calendar_year,Japan,1109203000,洗剤・界面活性剤,production,industry-iip-annual-20260914
2019,iip_production_1109203000,洗剤・界面活性剤・生産,100.1,index_2020_100,calendar_year,Japan,1109203000,洗剤・界面活性剤,production,industry-iip-annual-20260914
2020,iip_production_1109203000,洗剤・界面活性剤・生産,100.0,index_2020_100,calendar_year,Japan,1109203000,洗剤・界面活性剤,production,industry-iip-annual-20260914
2021,iip_production_1109203000,洗剤・界面活性剤・生産,102.3,index_2020_100,calendar_year,Japan,1109203000,洗剤・界面活性剤,production,industry-iip-annual-20260914
2022,iip_production_1109203000,洗剤・界面活性剤・生産,103.8,index_2020_100,calendar_year,Japan,1109203000,洗剤・界面活性剤,production,industry-iip-annual-20260914
2023,iip_production_1109203000,洗剤・界面活性剤・生産,98.5,index_2020_100,calendar_year,Japan,1109203000,洗剤・界面活性剤,production,industry-iip-annual-20260914
2024,iip_production_1109203000,洗剤・界面活性剤・生産,97.2,index_2020_100,calendar_year,Japan,1109203000,洗剤・界面活性剤,production,industry-iip-annual-20260914
2025,iip_production_1109203000,洗剤・界面活性剤・生産,98.3,index_2020_100,calendar_year,Japan,1109203000,洗剤・界面活性剤,production,industry-iip-annual-20260914
2018,iip_production_1109204000,化粧品・生産,125.5,index_2020_100,calendar_year,Japan,1109204000,化粧品,production,industry-iip-annual-20260914
2019,iip_production_1109204000,化粧品・生産,122.3,index_2020_100,calendar_year,Japan,1109204000,化粧品,production,industry-iip-annual-20260914
2020,iip_production_1109204000,化粧品・生産,100.0,index_2020_100,calendar_year,Japan,1109204000,化粧品,production,industry-iip-annual-20260914
2021,iip_production_1109204000,化粧品・生産,99.2,index_2020_100,calendar_year,Japan,1109204000,化粧品,production,industry-iip-annual-20260914
2022,iip_production_1109204000,化粧品・生産,101.0,index_2020_100,calendar_year,Japan,1109204000,化粧品,production,industry-iip-annual-20260914
2023,iip_production_1109204000,化粧品・生産,97.6,index_2020_100,calendar_year,Japan,1109204000,化粧品,production,industry-iip-annual-20260914
2024,iip_production_1109204000,化粧品・生産,97.5,index_2020_100,calendar_year,Japan,1109204000,化粧品,production,industry-iip-annual-20260914
2025,iip_production_1109204000,化粧品・生産,96.7,index_2020_100,calendar_year,Japan,1109204000,化粧品,production,industry-iip-annual-20260914
2018,iip_production_1111000000,石油・石炭製品工業・生産,118.5,index_2020_100,calendar_year,Japan,1111000000,石油・石炭製品工業,production,industry-iip-annual-20260914
2019,iip_production_1111000000,石油・石炭製品工業・生産,117.8,index_2020_100,calendar_year,Japan,1111000000,石油・石炭製品工業,production,industry-iip-annual-20260914
2020,iip_production_1111000000,石油・石炭製品工業・生産,100.0,index_2020_100,calendar_year,Japan,1111000000,石油・石炭製品工業,production,industry-iip-annual-20260914
2021,iip_production_1111000000,石油・石炭製品工業・生産,100.3,index_2020_100,calendar_year,Japan,1111000000,石油・石炭製品工業,production,industry-iip-annual-20260914
2022,iip_production_1111000000,石油・石炭製品工業・生産,106.6,index_2020_100,calendar_year,Japan,1111000000,石油・石炭製品工業,production,industry-iip-annual-20260914
2023,iip_production_1111000000,石油・石炭製品工業・生産,102.1,index_2020_100,calendar_year,Japan,1111000000,石油・石炭製品工業,production,industry-iip-annual-20260914
2024,iip_production_1111000000,石油・石炭製品工業・生産,95.9,index_2020_100,calendar_year,Japan,1111000000,石油・石炭製品工業,production,industry-iip-annual-20260914
2025,iip_production_1111000000,石油・石炭製品工業・生産,94.7,index_2020_100,calendar_year,Japan,1111000000,石油・石炭製品工業,production,industry-iip-annual-20260914
2018,iip_production_1111001000,石油製品・生産,119.1,index_2020_100,calendar_year,Japan,1111001000,石油製品,production,industry-iip-annual-20260914
2019,iip_production_1111001000,石油製品・生産,118.3,index_2020_100,calendar_year,Japan,1111001000,石油製品,production,industry-iip-annual-20260914
2020,iip_production_1111001000,石油製品・生産,100.0,index_2020_100,calendar_year,Japan,1111001000,石油製品,production,industry-iip-annual-20260914
2021,iip_production_1111001000,石油製品・生産,100.2,index_2020_100,calendar_year,Japan,1111001000,石油製品,production,industry-iip-annual-20260914
2022,iip_production_1111001000,石油製品・生産,107.2,index_2020_100,calendar_year,Japan,1111001000,石油製品,production,industry-iip-annual-20260914
2023,iip_production_1111001000,石油製品・生産,102.7,index_2020_100,calendar_year,Japan,1111001000,石油製品,production,industry-iip-annual-20260914
2024,iip_production_1111001000,石油製品・生産,96.4,index_2020_100,calendar_year,Japan,1111001000,石油製品,production,industry-iip-annual-20260914
2025,iip_production_1111001000,石油製品・生産,95.5,index_2020_100,calendar_year,Japan,1111001000,石油製品,production,industry-iip-annual-20260914
2018,iip_production_1111002000,石炭製品・生産,109.4,index_2020_100,calendar_year,Japan,1111002000,石炭製品,production,industry-iip-annual-20260914
2019,iip_production_1111002000,石炭製品・生産,109.7,index_2020_100,calendar_year,Japan,1111002000,石炭製品,production,industry-iip-annual-20260914
2020,iip_production_1111002000,石炭製品・生産,100.0,index_2020_100,calendar_year,Japan,1111002000,石炭製品,production,industry-iip-annual-20260914
2021,iip_production_1111002000,石炭製品・生産,102.3,index_2020_100,calendar_year,Japan,1111002000,石炭製品,production,industry-iip-annual-20260914
2022,iip_production_1111002000,石炭製品・生産,97.7,index_2020_100,calendar_year,Japan,1111002000,石炭製品,production,industry-iip-annual-20260914
2023,iip_production_1111002000,石炭製品・生産,93.2,index_2020_100,calendar_year,Japan,1111002000,石炭製品,production,industry-iip-annual-20260914
2024,iip_production_1111002000,石炭製品・生産,87.2,index_2020_100,calendar_year,Japan,1111002000,石炭製品,production,industry-iip-annual-20260914
2025,iip_production_1111002000,石炭製品・生産,82.6,index_2020_100,calendar_year,Japan,1111002000,石炭製品,production,industry-iip-annual-20260914
2018,iip_production_1112000000,プラスチック製品工業・生産,108.6,index_2020_100,calendar_year,Japan,1112000000,プラスチック製品工業,production,industry-iip-annual-20260914
2019,iip_production_1112000000,プラスチック製品工業・生産,107.0,index_2020_100,calendar_year,Japan,1112000000,プラスチック製品工業,production,industry-iip-annual-20260914
2020,iip_production_1112000000,プラスチック製品工業・生産,100.0,index_2020_100,calendar_year,Japan,1112000000,プラスチック製品工業,production,industry-iip-annual-20260914
2021,iip_production_1112000000,プラスチック製品工業・生産,102.9,index_2020_100,calendar_year,Japan,1112000000,プラスチック製品工業,production,industry-iip-annual-20260914
2022,iip_production_1112000000,プラスチック製品工業・生産,100.8,index_2020_100,calendar_year,Japan,1112000000,プラスチック製品工業,production,industry-iip-annual-20260914
2023,iip_production_1112000000,プラスチック製品工業・生産,98.8,index_2020_100,calendar_year,Japan,1112000000,プラスチック製品工業,production,industry-iip-annual-20260914
2024,iip_production_1112000000,プラスチック製品工業・生産,97.9,index_2020_100,calendar_year,Japan,1112000000,プラスチック製品工業,production,industry-iip-annual-20260914
2025,iip_production_1112000000,プラスチック製品工業・生産,98.0,index_2020_100,calendar_year,Japan,1112000000,プラスチック製品工業,production,industry-iip-annual-20260914
2018,iip_production_1112001000,プラスチック製管・フィルム・シート・建材類・生産,108.1,index_2020_100,calendar_year,Japan,1112001000,プラスチック製管・フィルム・シート・建材類,production,industry-iip-annual-20260914
2019,iip_production_1112001000,プラスチック製管・フィルム・シート・建材類・生産,105.2,index_2020_100,calendar_year,Japan,1112001000,プラスチック製管・フィルム・シート・建材類,production,industry-iip-annual-20260914
2020,iip_production_1112001000,プラスチック製管・フィルム・シート・建材類・生産,100.0,index_2020_100,calendar_year,Japan,1112001000,プラスチック製管・フィルム・シート・建材類,production,industry-iip-annual-20260914
2021,iip_production_1112001000,プラスチック製管・フィルム・シート・建材類・生産,103.1,index_2020_100,calendar_year,Japan,1112001000,プラスチック製管・フィルム・シート・建材類,production,industry-iip-annual-20260914
2022,iip_production_1112001000,プラスチック製管・フィルム・シート・建材類・生産,99.8,index_2020_100,calendar_year,Japan,1112001000,プラスチック製管・フィルム・シート・建材類,production,industry-iip-annual-20260914
2023,iip_production_1112001000,プラスチック製管・フィルム・シート・建材類・生産,91.6,index_2020_100,calendar_year,Japan,1112001000,プラスチック製管・フィルム・シート・建材類,production,industry-iip-annual-20260914
2024,iip_production_1112001000,プラスチック製管・フィルム・シート・建材類・生産,92.5,index_2020_100,calendar_year,Japan,1112001000,プラスチック製管・フィルム・シート・建材類,production,industry-iip-annual-20260914
2025,iip_production_1112001000,プラスチック製管・フィルム・シート・建材類・生産,93.0,index_2020_100,calendar_year,Japan,1112001000,プラスチック製管・フィルム・シート・建材類,production,industry-iip-annual-20260914
2018,iip_production_1112002000,工業用プラスチック製品・生産,109.6,index_2020_100,calendar_year,Japan,1112002000,工業用プラスチック製品,production,industry-iip-annual-20260914
2019,iip_production_1112002000,工業用プラスチック製品・生産,111.3,index_2020_100,calendar_year,Japan,1112002000,工業用プラスチック製品,production,industry-iip-annual-20260914
2020,iip_production_1112002000,工業用プラスチック製品・生産,100.0,index_2020_100,calendar_year,Japan,1112002000,工業用プラスチック製品,production,industry-iip-annual-20260914
2021,iip_production_1112002000,工業用プラスチック製品・生産,102.0,index_2020_100,calendar_year,Japan,1112002000,工業用プラスチック製品,production,industry-iip-annual-20260914
2022,iip_production_1112002000,工業用プラスチック製品・生産,100.1,index_2020_100,calendar_year,Japan,1112002000,工業用プラスチック製品,production,industry-iip-annual-20260914
2023,iip_production_1112002000,工業用プラスチック製品・生産,108.2,index_2020_100,calendar_year,Japan,1112002000,工業用プラスチック製品,production,industry-iip-annual-20260914
2024,iip_production_1112002000,工業用プラスチック製品・生産,102.3,index_2020_100,calendar_year,Japan,1112002000,工業用プラスチック製品,production,industry-iip-annual-20260914
2025,iip_production_1112002000,工業用プラスチック製品・生産,101.7,index_2020_100,calendar_year,Japan,1112002000,工業用プラスチック製品,production,industry-iip-annual-20260914
2018,iip_production_1112003000,発泡プラスチック製品・生産,107.6,index_2020_100,calendar_year,Japan,1112003000,発泡プラスチック製品,production,industry-iip-annual-20260914
2019,iip_production_1112003000,発泡プラスチック製品・生産,104.2,index_2020_100,calendar_year,Japan,1112003000,発泡プラスチック製品,production,industry-iip-annual-20260914
2020,iip_production_1112003000,発泡プラスチック製品・生産,100.0,index_2020_100,calendar_year,Japan,1112003000,発泡プラスチック製品,production,industry-iip-annual-20260914
2021,iip_production_1112003000,発泡プラスチック製品・生産,100.6,index_2020_100,calendar_year,Japan,1112003000,発泡プラスチック製品,production,industry-iip-annual-20260914
2022,iip_production_1112003000,発泡プラスチック製品・生産,98.5,index_2020_100,calendar_year,Japan,1112003000,発泡プラスチック製品,production,industry-iip-annual-20260914
2023,iip_production_1112003000,発泡プラスチック製品・生産,94.6,index_2020_100,calendar_year,Japan,1112003000,発泡プラスチック製品,production,industry-iip-annual-20260914
2024,iip_production_1112003000,発泡プラスチック製品・生産,94.0,index_2020_100,calendar_year,Japan,1112003000,発泡プラスチック製品,production,industry-iip-annual-20260914
2025,iip_production_1112003000,発泡プラスチック製品・生産,91.4,index_2020_100,calendar_year,Japan,1112003000,発泡プラスチック製品,production,industry-iip-annual-20260914
2018,iip_production_1112004000,プラスチック製日用雑貨・容器類・生産,108.3,index_2020_100,calendar_year,Japan,1112004000,プラスチック製日用雑貨・容器類,production,industry-iip-annual-20260914
2019,iip_production_1112004000,プラスチック製日用雑貨・容器類・生産,104.9,index_2020_100,calendar_year,Japan,1112004000,プラスチック製日用雑貨・容器類,production,industry-iip-annual-20260914
2020,iip_production_1112004000,プラスチック製日用雑貨・容器類・生産,100.0,index_2020_100,calendar_year,Japan,1112004000,プラスチック製日用雑貨・容器類,production,industry-iip-annual-20260914
2021,iip_production_1112004000,プラスチック製日用雑貨・容器類・生産,104.5,index_2020_100,calendar_year,Japan,1112004000,プラスチック製日用雑貨・容器類,production,industry-iip-annual-20260914
2022,iip_production_1112004000,プラスチック製日用雑貨・容器類・生産,105.9,index_2020_100,calendar_year,Japan,1112004000,プラスチック製日用雑貨・容器類,production,industry-iip-annual-20260914
2023,iip_production_1112004000,プラスチック製日用雑貨・容器類・生産,102.8,index_2020_100,calendar_year,Japan,1112004000,プラスチック製日用雑貨・容器類,production,industry-iip-annual-20260914
2024,iip_production_1112004000,プラスチック製日用雑貨・容器類・生産,106.1,index_2020_100,calendar_year,Japan,1112004000,プラスチック製日用雑貨・容器類,production,industry-iip-annual-20260914
2025,iip_production_1112004000,プラスチック製日用雑貨・容器類・生産,107.2,index_2020_100,calendar_year,Japan,1112004000,プラスチック製日用雑貨・容器類,production,industry-iip-annual-20260914
2018,iip_production_1113000000,パルプ・紙・紙加工品工業・生産,112.4,index_2020_100,calendar_year,Japan,1113000000,パルプ・紙・紙加工品工業,production,industry-iip-annual-20260914
2019,iip_production_1113000000,パルプ・紙・紙加工品工業・生産,110.0,index_2020_100,calendar_year,Japan,1113000000,パルプ・紙・紙加工品工業,production,industry-iip-annual-20260914
2020,iip_production_1113000000,パルプ・紙・紙加工品工業・生産,100.0,index_2020_100,calendar_year,Japan,1113000000,パルプ・紙・紙加工品工業,production,industry-iip-annual-20260914
2021,iip_production_1113000000,パルプ・紙・紙加工品工業・生産,103.0,index_2020_100,calendar_year,Japan,1113000000,パルプ・紙・紙加工品工業,production,industry-iip-annual-20260914
2022,iip_production_1113000000,パルプ・紙・紙加工品工業・生産,101.9,index_2020_100,calendar_year,Japan,1113000000,パルプ・紙・紙加工品工業,production,industry-iip-annual-20260914
2023,iip_production_1113000000,パルプ・紙・紙加工品工業・生産,96.2,index_2020_100,calendar_year,Japan,1113000000,パルプ・紙・紙加工品工業,production,industry-iip-annual-20260914
2024,iip_production_1113000000,パルプ・紙・紙加工品工業・生産,94.7,index_2020_100,calendar_year,Japan,1113000000,パルプ・紙・紙加工品工業,production,industry-iip-annual-20260914
2025,iip_production_1113000000,パルプ・紙・紙加工品工業・生産,92.5,index_2020_100,calendar_year,Japan,1113000000,パルプ・紙・紙加工品工業,production,industry-iip-annual-20260914
2018,iip_production_1113001000,パルプ・生産,122.3,index_2020_100,calendar_year,Japan,1113001000,パルプ,production,industry-iip-annual-20260914
2019,iip_production_1113001000,パルプ・生産,118.7,index_2020_100,calendar_year,Japan,1113001000,パルプ,production,industry-iip-annual-20260914
2020,iip_production_1113001000,パルプ・生産,100.0,index_2020_100,calendar_year,Japan,1113001000,パルプ,production,industry-iip-annual-20260914
2021,iip_production_1113001000,パルプ・生産,107.9,index_2020_100,calendar_year,Japan,1113001000,パルプ,production,industry-iip-annual-20260914
2022,iip_production_1113001000,パルプ・生産,107.1,index_2020_100,calendar_year,Japan,1113001000,パルプ,production,industry-iip-annual-20260914
2023,iip_production_1113001000,パルプ・生産,100.9,index_2020_100,calendar_year,Japan,1113001000,パルプ,production,industry-iip-annual-20260914
2024,iip_production_1113001000,パルプ・生産,101.2,index_2020_100,calendar_year,Japan,1113001000,パルプ,production,industry-iip-annual-20260914
2025,iip_production_1113001000,パルプ・生産,96.2,index_2020_100,calendar_year,Japan,1113001000,パルプ,production,industry-iip-annual-20260914
2018,iip_production_1113002000,紙・生産,122.4,index_2020_100,calendar_year,Japan,1113002000,紙,production,industry-iip-annual-20260914
2019,iip_production_1113002000,紙・生産,118.4,index_2020_100,calendar_year,Japan,1113002000,紙,production,industry-iip-annual-20260914
2020,iip_production_1113002000,紙・生産,100.0,index_2020_100,calendar_year,Japan,1113002000,紙,production,industry-iip-annual-20260914
2021,iip_production_1113002000,紙・生産,102.6,index_2020_100,calendar_year,Japan,1113002000,紙,production,industry-iip-annual-20260914
2022,iip_production_1113002000,紙・生産,99.5,index_2020_100,calendar_year,Japan,1113002000,紙,production,industry-iip-annual-20260914
2023,iip_production_1113002000,紙・生産,93.0,index_2020_100,calendar_year,Japan,1113002000,紙,production,industry-iip-annual-20260914
2024,iip_production_1113002000,紙・生産,89.7,index_2020_100,calendar_year,Japan,1113002000,紙,production,industry-iip-annual-20260914
2025,iip_production_1113002000,紙・生産,86.1,index_2020_100,calendar_year,Japan,1113002000,紙,production,industry-iip-annual-20260914
2018,iip_production_1113003000,板紙・生産,103.9,index_2020_100,calendar_year,Japan,1113003000,板紙,production,industry-iip-annual-20260914
2019,iip_production_1113003000,板紙・生産,102.7,index_2020_100,calendar_year,Japan,1113003000,板紙,production,industry-iip-annual-20260914
2020,iip_production_1113003000,板紙・生産,100.0,index_2020_100,calendar_year,Japan,1113003000,板紙,production,industry-iip-annual-20260914
2021,iip_production_1113003000,板紙・生産,105.3,index_2020_100,calendar_year,Japan,1113003000,板紙,production,industry-iip-annual-20260914
2022,iip_production_1113003000,板紙・生産,106.8,index_2020_100,calendar_year,Japan,1113003000,板紙,production,industry-iip-annual-20260914
2023,iip_production_1113003000,板紙・生産,100.0,index_2020_100,calendar_year,Japan,1113003000,板紙,production,industry-iip-annual-20260914
2024,iip_production_1113003000,板紙・生産,99.6,index_2020_100,calendar_year,Japan,1113003000,板紙,production,industry-iip-annual-20260914
2025,iip_production_1113003000,板紙・生産,98.5,index_2020_100,calendar_year,Japan,1113003000,板紙,production,industry-iip-annual-20260914
2018,iip_production_1113004000,紙加工品・生産,104.9,index_2020_100,calendar_year,Japan,1113004000,紙加工品,production,industry-iip-annual-20260914
2019,iip_production_1113004000,紙加工品・生産,103.7,index_2020_100,calendar_year,Japan,1113004000,紙加工品,production,industry-iip-annual-20260914
2020,iip_production_1113004000,紙加工品・生産,100.0,index_2020_100,calendar_year,Japan,1113004000,紙加工品,production,industry-iip-annual-20260914
2021,iip_production_1113004000,紙加工品・生産,100.2,index_2020_100,calendar_year,Japan,1113004000,紙加工品,production,industry-iip-annual-20260914
2022,iip_production_1113004000,紙加工品・生産,99.4,index_2020_100,calendar_year,Japan,1113004000,紙加工品,production,industry-iip-annual-20260914
2023,iip_production_1113004000,紙加工品・生産,95.2,index_2020_100,calendar_year,Japan,1113004000,紙加工品,production,industry-iip-annual-20260914
2024,iip_production_1113004000,紙加工品・生産,94.1,index_2020_100,calendar_year,Japan,1113004000,紙加工品,production,industry-iip-annual-20260914
2025,iip_production_1113004000,紙加工品・生産,93.4,index_2020_100,calendar_year,Japan,1113004000,紙加工品,production,industry-iip-annual-20260914
2018,iip_production_1114000000,食料品・たばこ工業・生産,102.6,index_2020_100,calendar_year,Japan,1114000000,食料品・たばこ工業,production,industry-iip-annual-20260914
2019,iip_production_1114000000,食料品・たばこ工業・生産,103.2,index_2020_100,calendar_year,Japan,1114000000,食料品・たばこ工業,production,industry-iip-annual-20260914
2020,iip_production_1114000000,食料品・たばこ工業・生産,100.0,index_2020_100,calendar_year,Japan,1114000000,食料品・たばこ工業,production,industry-iip-annual-20260914
2021,iip_production_1114000000,食料品・たばこ工業・生産,99.4,index_2020_100,calendar_year,Japan,1114000000,食料品・たばこ工業,production,industry-iip-annual-20260914
2022,iip_production_1114000000,食料品・たばこ工業・生産,98.7,index_2020_100,calendar_year,Japan,1114000000,食料品・たばこ工業,production,industry-iip-annual-20260914
2023,iip_production_1114000000,食料品・たばこ工業・生産,98.3,index_2020_100,calendar_year,Japan,1114000000,食料品・たばこ工業,production,industry-iip-annual-20260914
2024,iip_production_1114000000,食料品・たばこ工業・生産,98.1,index_2020_100,calendar_year,Japan,1114000000,食料品・たばこ工業,production,industry-iip-annual-20260914
2025,iip_production_1114000000,食料品・たばこ工業・生産,97.1,index_2020_100,calendar_year,Japan,1114000000,食料品・たばこ工業,production,industry-iip-annual-20260914
2018,iip_production_1114001000,肉加工品・生産,98.9,index_2020_100,calendar_year,Japan,1114001000,肉加工品,production,industry-iip-annual-20260914
2019,iip_production_1114001000,肉加工品・生産,99.6,index_2020_100,calendar_year,Japan,1114001000,肉加工品,production,industry-iip-annual-20260914
2020,iip_production_1114001000,肉加工品・生産,100.0,index_2020_100,calendar_year,Japan,1114001000,肉加工品,production,industry-iip-annual-20260914
2021,iip_production_1114001000,肉加工品・生産,100.0,index_2020_100,calendar_year,Japan,1114001000,肉加工品,production,industry-iip-annual-20260914
2022,iip_production_1114001000,肉加工品・生産,99.5,index_2020_100,calendar_year,Japan,1114001000,肉加工品,production,industry-iip-annual-20260914
2023,iip_production_1114001000,肉加工品・生産,98.6,index_2020_100,calendar_year,Japan,1114001000,肉加工品,production,industry-iip-annual-20260914
2024,iip_production_1114001000,肉加工品・生産,97.6,index_2020_100,calendar_year,Japan,1114001000,肉加工品,production,industry-iip-annual-20260914
2025,iip_production_1114001000,肉加工品・生産,96.3,index_2020_100,calendar_year,Japan,1114001000,肉加工品,production,industry-iip-annual-20260914
2018,iip_production_1114002000,乳製品・生産,99.6,index_2020_100,calendar_year,Japan,1114002000,乳製品,production,industry-iip-annual-20260914
2019,iip_production_1114002000,乳製品・生産,98.9,index_2020_100,calendar_year,Japan,1114002000,乳製品,production,industry-iip-annual-20260914
2020,iip_production_1114002000,乳製品・生産,100.0,index_2020_100,calendar_year,Japan,1114002000,乳製品,production,industry-iip-annual-20260914
2021,iip_production_1114002000,乳製品・生産,99.7,index_2020_100,calendar_year,Japan,1114002000,乳製品,production,industry-iip-annual-20260914
2022,iip_production_1114002000,乳製品・生産,98.6,index_2020_100,calendar_year,Japan,1114002000,乳製品,production,industry-iip-annual-20260914
2023,iip_production_1114002000,乳製品・生産,97.0,index_2020_100,calendar_year,Japan,1114002000,乳製品,production,industry-iip-annual-20260914
2024,iip_production_1114002000,乳製品・生産,96.4,index_2020_100,calendar_year,Japan,1114002000,乳製品,production,industry-iip-annual-20260914
2025,iip_production_1114002000,乳製品・生産,94.7,index_2020_100,calendar_year,Japan,1114002000,乳製品,production,industry-iip-annual-20260914
2018,iip_production_1114003000,水産・野菜食料品・生産,100.0,index_2020_100,calendar_year,Japan,1114003000,水産・野菜食料品,production,industry-iip-annual-20260914
2019,iip_production_1114003000,水産・野菜食料品・生産,101.3,index_2020_100,calendar_year,Japan,1114003000,水産・野菜食料品,production,industry-iip-annual-20260914
2020,iip_production_1114003000,水産・野菜食料品・生産,100.0,index_2020_100,calendar_year,Japan,1114003000,水産・野菜食料品,production,industry-iip-annual-20260914
2021,iip_production_1114003000,水産・野菜食料品・生産,105.3,index_2020_100,calendar_year,Japan,1114003000,水産・野菜食料品,production,industry-iip-annual-20260914
2022,iip_production_1114003000,水産・野菜食料品・生産,111.5,index_2020_100,calendar_year,Japan,1114003000,水産・野菜食料品,production,industry-iip-annual-20260914
2023,iip_production_1114003000,水産・野菜食料品・生産,107.8,index_2020_100,calendar_year,Japan,1114003000,水産・野菜食料品,production,industry-iip-annual-20260914
2024,iip_production_1114003000,水産・野菜食料品・生産,100.5,index_2020_100,calendar_year,Japan,1114003000,水産・野菜食料品,production,industry-iip-annual-20260914
2025,iip_production_1114003000,水産・野菜食料品・生産,93.8,index_2020_100,calendar_year,Japan,1114003000,水産・野菜食料品,production,industry-iip-annual-20260914
2018,iip_production_1114004000,食用油脂・生産,103.9,index_2020_100,calendar_year,Japan,1114004000,食用油脂,production,industry-iip-annual-20260914
2019,iip_production_1114004000,食用油脂・生産,104.9,index_2020_100,calendar_year,Japan,1114004000,食用油脂,production,industry-iip-annual-20260914
2020,iip_production_1114004000,食用油脂・生産,100.0,index_2020_100,calendar_year,Japan,1114004000,食用油脂,production,industry-iip-annual-20260914
2021,iip_production_1114004000,食用油脂・生産,100.3,index_2020_100,calendar_year,Japan,1114004000,食用油脂,production,industry-iip-annual-20260914
2022,iip_production_1114004000,食用油脂・生産,97.0,index_2020_100,calendar_year,Japan,1114004000,食用油脂,production,industry-iip-annual-20260914
2023,iip_production_1114004000,食用油脂・生産,93.3,index_2020_100,calendar_year,Japan,1114004000,食用油脂,production,industry-iip-annual-20260914
2024,iip_production_1114004000,食用油脂・生産,95.2,index_2020_100,calendar_year,Japan,1114004000,食用油脂,production,industry-iip-annual-20260914
2025,iip_production_1114004000,食用油脂・生産,95.6,index_2020_100,calendar_year,Japan,1114004000,食用油脂,production,industry-iip-annual-20260914
2018,iip_production_1114005000,調味料・生産,103.6,index_2020_100,calendar_year,Japan,1114005000,調味料,production,industry-iip-annual-20260914
2019,iip_production_1114005000,調味料・生産,103.2,index_2020_100,calendar_year,Japan,1114005000,調味料,production,industry-iip-annual-20260914
2020,iip_production_1114005000,調味料・生産,100.0,index_2020_100,calendar_year,Japan,1114005000,調味料,production,industry-iip-annual-20260914
2021,iip_production_1114005000,調味料・生産,99.6,index_2020_100,calendar_year,Japan,1114005000,調味料,production,industry-iip-annual-20260914
2022,iip_production_1114005000,調味料・生産,98.8,index_2020_100,calendar_year,Japan,1114005000,調味料,production,industry-iip-annual-20260914
2023,iip_production_1114005000,調味料・生産,97.9,index_2020_100,calendar_year,Japan,1114005000,調味料,production,industry-iip-annual-20260914
2024,iip_production_1114005000,調味料・生産,98.3,index_2020_100,calendar_year,Japan,1114005000,調味料,production,industry-iip-annual-20260914
2025,iip_production_1114005000,調味料・生産,98.6,index_2020_100,calendar_year,Japan,1114005000,調味料,production,industry-iip-annual-20260914
2018,iip_production_1114006000,糖類・生産,109.5,index_2020_100,calendar_year,Japan,1114006000,糖類,production,industry-iip-annual-20260914
2019,iip_production_1114006000,糖類・生産,107.6,index_2020_100,calendar_year,Japan,1114006000,糖類,production,industry-iip-annual-20260914
2020,iip_production_1114006000,糖類・生産,100.0,index_2020_100,calendar_year,Japan,1114006000,糖類,production,industry-iip-annual-20260914
2021,iip_production_1114006000,糖類・生産,99.7,index_2020_100,calendar_year,Japan,1114006000,糖類,production,industry-iip-annual-20260914
2022,iip_production_1114006000,糖類・生産,101.4,index_2020_100,calendar_year,Japan,1114006000,糖類,production,industry-iip-annual-20260914
2023,iip_production_1114006000,糖類・生産,101.0,index_2020_100,calendar_year,Japan,1114006000,糖類,production,industry-iip-annual-20260914
2024,iip_production_1114006000,糖類・生産,101.7,index_2020_100,calendar_year,Japan,1114006000,糖類,production,industry-iip-annual-20260914
2025,iip_production_1114006000,糖類・生産,100.9,index_2020_100,calendar_year,Japan,1114006000,糖類,production,industry-iip-annual-20260914
2018,iip_production_1114007000,製粉・調整粉・生産,103.2,index_2020_100,calendar_year,Japan,1114007000,製粉・調整粉,production,industry-iip-annual-20260914
2019,iip_production_1114007000,製粉・調整粉・生産,102.2,index_2020_100,calendar_year,Japan,1114007000,製粉・調整粉,production,industry-iip-annual-20260914
2020,iip_production_1114007000,製粉・調整粉・生産,100.0,index_2020_100,calendar_year,Japan,1114007000,製粉・調整粉,production,industry-iip-annual-20260914
2021,iip_production_1114007000,製粉・調整粉・生産,98.8,index_2020_100,calendar_year,Japan,1114007000,製粉・調整粉,production,industry-iip-annual-20260914
2022,iip_production_1114007000,製粉・調整粉・生産,97.8,index_2020_100,calendar_year,Japan,1114007000,製粉・調整粉,production,industry-iip-annual-20260914
2023,iip_production_1114007000,製粉・調整粉・生産,97.1,index_2020_100,calendar_year,Japan,1114007000,製粉・調整粉,production,industry-iip-annual-20260914
2024,iip_production_1114007000,製粉・調整粉・生産,98.8,index_2020_100,calendar_year,Japan,1114007000,製粉・調整粉,production,industry-iip-annual-20260914
2025,iip_production_1114007000,製粉・調整粉・生産,99.2,index_2020_100,calendar_year,Japan,1114007000,製粉・調整粉,production,industry-iip-annual-20260914
2018,iip_production_1114008000,パン・菓子・生産,99.5,index_2020_100,calendar_year,Japan,1114008000,パン・菓子,production,industry-iip-annual-20260914
2019,iip_production_1114008000,パン・菓子・生産,99.5,index_2020_100,calendar_year,Japan,1114008000,パン・菓子,production,industry-iip-annual-20260914
2020,iip_production_1114008000,パン・菓子・生産,100.0,index_2020_100,calendar_year,Japan,1114008000,パン・菓子,production,industry-iip-annual-20260914
2021,iip_production_1114008000,パン・菓子・生産,99.4,index_2020_100,calendar_year,Japan,1114008000,パン・菓子,production,industry-iip-annual-20260914
2022,iip_production_1114008000,パン・菓子・生産,96.2,index_2020_100,calendar_year,Japan,1114008000,パン・菓子,production,industry-iip-annual-20260914
2023,iip_production_1114008000,パン・菓子・生産,94.9,index_2020_100,calendar_year,Japan,1114008000,パン・菓子,production,industry-iip-annual-20260914
2024,iip_production_1114008000,パン・菓子・生産,95.3,index_2020_100,calendar_year,Japan,1114008000,パン・菓子,production,industry-iip-annual-20260914
2025,iip_production_1114008000,パン・菓子・生産,95.8,index_2020_100,calendar_year,Japan,1114008000,パン・菓子,production,industry-iip-annual-20260914
2018,iip_production_1114009000,麺類・生産,98.5,index_2020_100,calendar_year,Japan,1114009000,麺類,production,industry-iip-annual-20260914
2019,iip_production_1114009000,麺類・生産,98.4,index_2020_100,calendar_year,Japan,1114009000,麺類,production,industry-iip-annual-20260914
2020,iip_production_1114009000,麺類・生産,100.0,index_2020_100,calendar_year,Japan,1114009000,麺類,production,industry-iip-annual-20260914
2021,iip_production_1114009000,麺類・生産,99.3,index_2020_100,calendar_year,Japan,1114009000,麺類,production,industry-iip-annual-20260914
2022,iip_production_1114009000,麺類・生産,98.0,index_2020_100,calendar_year,Japan,1114009000,麺類,production,industry-iip-annual-20260914
2023,iip_production_1114009000,麺類・生産,97.0,index_2020_100,calendar_year,Japan,1114009000,麺類,production,industry-iip-annual-20260914
2024,iip_production_1114009000,麺類・生産,96.3,index_2020_100,calendar_year,Japan,1114009000,麺類,production,industry-iip-annual-20260914
2025,iip_production_1114009000,麺類・生産,98.3,index_2020_100,calendar_year,Japan,1114009000,麺類,production,industry-iip-annual-20260914
2018,iip_production_1114010000,清涼飲料・生産,106.2,index_2020_100,calendar_year,Japan,1114010000,清涼飲料,production,industry-iip-annual-20260914
2019,iip_production_1114010000,清涼飲料・生産,106.0,index_2020_100,calendar_year,Japan,1114010000,清涼飲料,production,industry-iip-annual-20260914
2020,iip_production_1114010000,清涼飲料・生産,100.0,index_2020_100,calendar_year,Japan,1114010000,清涼飲料,production,industry-iip-annual-20260914
2021,iip_production_1114010000,清涼飲料・生産,99.1,index_2020_100,calendar_year,Japan,1114010000,清涼飲料,production,industry-iip-annual-20260914
2022,iip_production_1114010000,清涼飲料・生産,98.5,index_2020_100,calendar_year,Japan,1114010000,清涼飲料,production,industry-iip-annual-20260914
2023,iip_production_1114010000,清涼飲料・生産,95.8,index_2020_100,calendar_year,Japan,1114010000,清涼飲料,production,industry-iip-annual-20260914
2024,iip_production_1114010000,清涼飲料・生産,97.1,index_2020_100,calendar_year,Japan,1114010000,清涼飲料,production,industry-iip-annual-20260914
2025,iip_production_1114010000,清涼飲料・生産,96.0,index_2020_100,calendar_year,Japan,1114010000,清涼飲料,production,industry-iip-annual-20260914
2018,iip_production_1114011000,酒類・生産,100.9,index_2020_100,calendar_year,Japan,1114011000,酒類,production,industry-iip-annual-20260914
2019,iip_production_1114011000,酒類・生産,104.4,index_2020_100,calendar_year,Japan,1114011000,酒類,production,industry-iip-annual-20260914
2020,iip_production_1114011000,酒類・生産,100.0,index_2020_100,calendar_year,Japan,1114011000,酒類,production,industry-iip-annual-20260914
2021,iip_production_1114011000,酒類・生産,98.2,index_2020_100,calendar_year,Japan,1114011000,酒類,production,industry-iip-annual-20260914
2022,iip_production_1114011000,酒類・生産,98.8,index_2020_100,calendar_year,Japan,1114011000,酒類,production,industry-iip-annual-20260914
2023,iip_production_1114011000,酒類・生産,99.6,index_2020_100,calendar_year,Japan,1114011000,酒類,production,industry-iip-annual-20260914
2024,iip_production_1114011000,酒類・生産,101.7,index_2020_100,calendar_year,Japan,1114011000,酒類,production,industry-iip-annual-20260914
2025,iip_production_1114011000,酒類・生産,101.2,index_2020_100,calendar_year,Japan,1114011000,酒類,production,industry-iip-annual-20260914
2018,iip_production_1115000000,その他工業・生産,117.4,index_2020_100,calendar_year,Japan,1115000000,その他工業,production,industry-iip-annual-20260914
2019,iip_production_1115000000,その他工業・生産,115.2,index_2020_100,calendar_year,Japan,1115000000,その他工業,production,industry-iip-annual-20260914
2020,iip_production_1115000000,その他工業・生産,100.0,index_2020_100,calendar_year,Japan,1115000000,その他工業,production,industry-iip-annual-20260914
2021,iip_production_1115000000,その他工業・生産,105.5,index_2020_100,calendar_year,Japan,1115000000,その他工業,production,industry-iip-annual-20260914
2022,iip_production_1115000000,その他工業・生産,104.5,index_2020_100,calendar_year,Japan,1115000000,その他工業,production,industry-iip-annual-20260914
2023,iip_production_1115000000,その他工業・生産,100.3,index_2020_100,calendar_year,Japan,1115000000,その他工業,production,industry-iip-annual-20260914
2024,iip_production_1115000000,その他工業・生産,95.2,index_2020_100,calendar_year,Japan,1115000000,その他工業,production,industry-iip-annual-20260914
2025,iip_production_1115000000,その他工業・生産,94.2,index_2020_100,calendar_year,Japan,1115000000,その他工業,production,industry-iip-annual-20260914
2018,iip_production_1115100000,繊維工業・生産,119.6,index_2020_100,calendar_year,Japan,1115100000,繊維工業,production,industry-iip-annual-20260914
2019,iip_production_1115100000,繊維工業・生産,115.4,index_2020_100,calendar_year,Japan,1115100000,繊維工業,production,industry-iip-annual-20260914
2020,iip_production_1115100000,繊維工業・生産,100.0,index_2020_100,calendar_year,Japan,1115100000,繊維工業,production,industry-iip-annual-20260914
2021,iip_production_1115100000,繊維工業・生産,100.6,index_2020_100,calendar_year,Japan,1115100000,繊維工業,production,industry-iip-annual-20260914
2022,iip_production_1115100000,繊維工業・生産,100.9,index_2020_100,calendar_year,Japan,1115100000,繊維工業,production,industry-iip-annual-20260914
2023,iip_production_1115100000,繊維工業・生産,96.6,index_2020_100,calendar_year,Japan,1115100000,繊維工業,production,industry-iip-annual-20260914
2024,iip_production_1115100000,繊維工業・生産,92.5,index_2020_100,calendar_year,Japan,1115100000,繊維工業,production,industry-iip-annual-20260914
2025,iip_production_1115100000,繊維工業・生産,89.2,index_2020_100,calendar_year,Japan,1115100000,繊維工業,production,industry-iip-annual-20260914
2018,iip_production_1115101000,繊維・生産,122.3,index_2020_100,calendar_year,Japan,1115101000,繊維,production,industry-iip-annual-20260914
2019,iip_production_1115101000,繊維・生産,115.6,index_2020_100,calendar_year,Japan,1115101000,繊維,production,industry-iip-annual-20260914
2020,iip_production_1115101000,繊維・生産,100.0,index_2020_100,calendar_year,Japan,1115101000,繊維,production,industry-iip-annual-20260914
2021,iip_production_1115101000,繊維・生産,106.6,index_2020_100,calendar_year,Japan,1115101000,繊維,production,industry-iip-annual-20260914
2022,iip_production_1115101000,繊維・生産,107.3,index_2020_100,calendar_year,Japan,1115101000,繊維,production,industry-iip-annual-20260914
2023,iip_production_1115101000,繊維・生産,97.6,index_2020_100,calendar_year,Japan,1115101000,繊維,production,industry-iip-annual-20260914
2024,iip_production_1115101000,繊維・生産,91.0,index_2020_100,calendar_year,Japan,1115101000,繊維,production,industry-iip-annual-20260914
2025,iip_production_1115101000,繊維・生産,86.3,index_2020_100,calendar_year,Japan,1115101000,繊維,production,industry-iip-annual-20260914
2018,iip_production_1115102000,織物・生産,122.0,index_2020_100,calendar_year,Japan,1115102000,織物,production,industry-iip-annual-20260914
2019,iip_production_1115102000,織物・生産,125.4,index_2020_100,calendar_year,Japan,1115102000,織物,production,industry-iip-annual-20260914
2020,iip_production_1115102000,織物・生産,100.0,index_2020_100,calendar_year,Japan,1115102000,織物,production,industry-iip-annual-20260914
2021,iip_production_1115102000,織物・生産,102.9,index_2020_100,calendar_year,Japan,1115102000,織物,production,industry-iip-annual-20260914
2022,iip_production_1115102000,織物・生産,107.8,index_2020_100,calendar_year,Japan,1115102000,織物,production,industry-iip-annual-20260914
2023,iip_production_1115102000,織物・生産,109.4,index_2020_100,calendar_year,Japan,1115102000,織物,production,industry-iip-annual-20260914
2024,iip_production_1115102000,織物・生産,108.0,index_2020_100,calendar_year,Japan,1115102000,織物,production,industry-iip-annual-20260914
2025,iip_production_1115102000,織物・生産,109.8,index_2020_100,calendar_year,Japan,1115102000,織物,production,industry-iip-annual-20260914
2018,iip_production_1115103000,染色整理・生産,121.1,index_2020_100,calendar_year,Japan,1115103000,染色整理,production,industry-iip-annual-20260914
2019,iip_production_1115103000,染色整理・生産,117.9,index_2020_100,calendar_year,Japan,1115103000,染色整理,production,industry-iip-annual-20260914
2020,iip_production_1115103000,染色整理・生産,100.0,index_2020_100,calendar_year,Japan,1115103000,染色整理,production,industry-iip-annual-20260914
2021,iip_production_1115103000,染色整理・生産,102.9,index_2020_100,calendar_year,Japan,1115103000,染色整理,production,industry-iip-annual-20260914
2022,iip_production_1115103000,染色整理・生産,102.2,index_2020_100,calendar_year,Japan,1115103000,染色整理,production,industry-iip-annual-20260914
2023,iip_production_1115103000,染色整理・生産,101.9,index_2020_100,calendar_year,Japan,1115103000,染色整理,production,industry-iip-annual-20260914
2024,iip_production_1115103000,染色整理・生産,96.0,index_2020_100,calendar_year,Japan,1115103000,染色整理,production,industry-iip-annual-20260914
2025,iip_production_1115103000,染色整理・生産,93.4,index_2020_100,calendar_year,Japan,1115103000,染色整理,production,industry-iip-annual-20260914
2018,iip_production_1115104000,繊維製品・粗製品・生産,113.9,index_2020_100,calendar_year,Japan,1115104000,繊維製品・粗製品,production,industry-iip-annual-20260914
2019,iip_production_1115104000,繊維製品・粗製品・生産,107.5,index_2020_100,calendar_year,Japan,1115104000,繊維製品・粗製品,production,industry-iip-annual-20260914
2020,iip_production_1115104000,繊維製品・粗製品・生産,100.0,index_2020_100,calendar_year,Japan,1115104000,繊維製品・粗製品,production,industry-iip-annual-20260914
2021,iip_production_1115104000,繊維製品・粗製品・生産,90.8,index_2020_100,calendar_year,Japan,1115104000,繊維製品・粗製品,production,industry-iip-annual-20260914
2022,iip_production_1115104000,繊維製品・粗製品・生産,87.8,index_2020_100,calendar_year,Japan,1115104000,繊維製品・粗製品,production,industry-iip-annual-20260914
2023,iip_production_1115104000,繊維製品・粗製品・生産,84.1,index_2020_100,calendar_year,Japan,1115104000,繊維製品・粗製品,production,industry-iip-annual-20260914
2024,iip_production_1115104000,繊維製品・粗製品・生産,82.3,index_2020_100,calendar_year,Japan,1115104000,繊維製品・粗製品,production,industry-iip-annual-20260914
2025,iip_production_1115104000,繊維製品・粗製品・生産,77.0,index_2020_100,calendar_year,Japan,1115104000,繊維製品・粗製品,production,industry-iip-annual-20260914
2018,iip_production_1115200000,木材・木製品工業・生産,111.7,index_2020_100,calendar_year,Japan,1115200000,木材・木製品工業,production,industry-iip-annual-20260914
2019,iip_production_1115200000,木材・木製品工業・生産,112.6,index_2020_100,calendar_year,Japan,1115200000,木材・木製品工業,production,industry-iip-annual-20260914
2020,iip_production_1115200000,木材・木製品工業・生産,100.0,index_2020_100,calendar_year,Japan,1115200000,木材・木製品工業,production,industry-iip-annual-20260914
2021,iip_production_1115200000,木材・木製品工業・生産,108.4,index_2020_100,calendar_year,Japan,1115200000,木材・木製品工業,production,industry-iip-annual-20260914
2022,iip_production_1115200000,木材・木製品工業・生産,104.9,index_2020_100,calendar_year,Japan,1115200000,木材・木製品工業,production,industry-iip-annual-20260914
2023,iip_production_1115200000,木材・木製品工業・生産,95.8,index_2020_100,calendar_year,Japan,1115200000,木材・木製品工業,production,industry-iip-annual-20260914
2024,iip_production_1115200000,木材・木製品工業・生産,89.3,index_2020_100,calendar_year,Japan,1115200000,木材・木製品工業,production,industry-iip-annual-20260914
2025,iip_production_1115200000,木材・木製品工業・生産,91.7,index_2020_100,calendar_year,Japan,1115200000,木材・木製品工業,production,industry-iip-annual-20260914
2018,iip_production_1115201000,木材・木製品・生産,111.7,index_2020_100,calendar_year,Japan,1115201000,木材・木製品,production,industry-iip-annual-20260914
2019,iip_production_1115201000,木材・木製品・生産,112.6,index_2020_100,calendar_year,Japan,1115201000,木材・木製品,production,industry-iip-annual-20260914
2020,iip_production_1115201000,木材・木製品・生産,100.0,index_2020_100,calendar_year,Japan,1115201000,木材・木製品,production,industry-iip-annual-20260914
2021,iip_production_1115201000,木材・木製品・生産,108.4,index_2020_100,calendar_year,Japan,1115201000,木材・木製品,production,industry-iip-annual-20260914
2022,iip_production_1115201000,木材・木製品・生産,104.9,index_2020_100,calendar_year,Japan,1115201000,木材・木製品,production,industry-iip-annual-20260914
2023,iip_production_1115201000,木材・木製品・生産,95.8,index_2020_100,calendar_year,Japan,1115201000,木材・木製品,production,industry-iip-annual-20260914
2024,iip_production_1115201000,木材・木製品・生産,89.3,index_2020_100,calendar_year,Japan,1115201000,木材・木製品,production,industry-iip-annual-20260914
2025,iip_production_1115201000,木材・木製品・生産,91.7,index_2020_100,calendar_year,Japan,1115201000,木材・木製品,production,industry-iip-annual-20260914
2018,iip_production_1115300000,家具工業・生産,108.8,index_2020_100,calendar_year,Japan,1115300000,家具工業,production,industry-iip-annual-20260914
2019,iip_production_1115300000,家具工業・生産,109.6,index_2020_100,calendar_year,Japan,1115300000,家具工業,production,industry-iip-annual-20260914
2020,iip_production_1115300000,家具工業・生産,100.0,index_2020_100,calendar_year,Japan,1115300000,家具工業,production,industry-iip-annual-20260914
2021,iip_production_1115300000,家具工業・生産,102.5,index_2020_100,calendar_year,Japan,1115300000,家具工業,production,industry-iip-annual-20260914
2022,iip_production_1115300000,家具工業・生産,101.1,index_2020_100,calendar_year,Japan,1115300000,家具工業,production,industry-iip-annual-20260914
2023,iip_production_1115300000,家具工業・生産,97.2,index_2020_100,calendar_year,Japan,1115300000,家具工業,production,industry-iip-annual-20260914
2024,iip_production_1115300000,家具工業・生産,97.4,index_2020_100,calendar_year,Japan,1115300000,家具工業,production,industry-iip-annual-20260914
2025,iip_production_1115300000,家具工業・生産,96.5,index_2020_100,calendar_year,Japan,1115300000,家具工業,production,industry-iip-annual-20260914
2018,iip_production_1115301000,家具・生産,108.8,index_2020_100,calendar_year,Japan,1115301000,家具,production,industry-iip-annual-20260914
2019,iip_production_1115301000,家具・生産,109.6,index_2020_100,calendar_year,Japan,1115301000,家具,production,industry-iip-annual-20260914
2020,iip_production_1115301000,家具・生産,100.0,index_2020_100,calendar_year,Japan,1115301000,家具,production,industry-iip-annual-20260914
2021,iip_production_1115301000,家具・生産,102.5,index_2020_100,calendar_year,Japan,1115301000,家具,production,industry-iip-annual-20260914
2022,iip_production_1115301000,家具・生産,101.1,index_2020_100,calendar_year,Japan,1115301000,家具,production,industry-iip-annual-20260914
2023,iip_production_1115301000,家具・生産,97.2,index_2020_100,calendar_year,Japan,1115301000,家具,production,industry-iip-annual-20260914
2024,iip_production_1115301000,家具・生産,97.4,index_2020_100,calendar_year,Japan,1115301000,家具,production,industry-iip-annual-20260914
2025,iip_production_1115301000,家具・生産,96.5,index_2020_100,calendar_year,Japan,1115301000,家具,production,industry-iip-annual-20260914
2018,iip_production_1115400000,印刷業・生産,114.4,index_2020_100,calendar_year,Japan,1115400000,印刷業,production,industry-iip-annual-20260914
2019,iip_production_1115400000,印刷業・生産,111.0,index_2020_100,calendar_year,Japan,1115400000,印刷業,production,industry-iip-annual-20260914
2020,iip_production_1115400000,印刷業・生産,100.0,index_2020_100,calendar_year,Japan,1115400000,印刷業,production,industry-iip-annual-20260914
2021,iip_production_1115400000,印刷業・生産,99.9,index_2020_100,calendar_year,Japan,1115400000,印刷業,production,industry-iip-annual-20260914
2022,iip_production_1115400000,印刷業・生産,97.8,index_2020_100,calendar_year,Japan,1115400000,印刷業,production,industry-iip-annual-20260914
2023,iip_production_1115400000,印刷業・生産,93.0,index_2020_100,calendar_year,Japan,1115400000,印刷業,production,industry-iip-annual-20260914
2024,iip_production_1115400000,印刷業・生産,88.5,index_2020_100,calendar_year,Japan,1115400000,印刷業,production,industry-iip-annual-20260914
2025,iip_production_1115400000,印刷業・生産,85.7,index_2020_100,calendar_year,Japan,1115400000,印刷業,production,industry-iip-annual-20260914
2018,iip_production_1115401000,印刷・生産,114.4,index_2020_100,calendar_year,Japan,1115401000,印刷,production,industry-iip-annual-20260914
2019,iip_production_1115401000,印刷・生産,111.0,index_2020_100,calendar_year,Japan,1115401000,印刷,production,industry-iip-annual-20260914
2020,iip_production_1115401000,印刷・生産,100.0,index_2020_100,calendar_year,Japan,1115401000,印刷,production,industry-iip-annual-20260914
2021,iip_production_1115401000,印刷・生産,99.9,index_2020_100,calendar_year,Japan,1115401000,印刷,production,industry-iip-annual-20260914
2022,iip_production_1115401000,印刷・生産,97.8,index_2020_100,calendar_year,Japan,1115401000,印刷,production,industry-iip-annual-20260914
2023,iip_production_1115401000,印刷・生産,93.0,index_2020_100,calendar_year,Japan,1115401000,印刷,production,industry-iip-annual-20260914
2024,iip_production_1115401000,印刷・生産,88.5,index_2020_100,calendar_year,Japan,1115401000,印刷,production,industry-iip-annual-20260914
2025,iip_production_1115401000,印刷・生産,85.7,index_2020_100,calendar_year,Japan,1115401000,印刷,production,industry-iip-annual-20260914
2018,iip_production_1115500000,ゴム製品工業・生産,122.3,index_2020_100,calendar_year,Japan,1115500000,ゴム製品工業,production,industry-iip-annual-20260914
2019,iip_production_1115500000,ゴム製品工業・生産,120.9,index_2020_100,calendar_year,Japan,1115500000,ゴム製品工業,production,industry-iip-annual-20260914
2020,iip_production_1115500000,ゴム製品工業・生産,100.0,index_2020_100,calendar_year,Japan,1115500000,ゴム製品工業,production,industry-iip-annual-20260914
2021,iip_production_1115500000,ゴム製品工業・生産,113.0,index_2020_100,calendar_year,Japan,1115500000,ゴム製品工業,production,industry-iip-annual-20260914
2022,iip_production_1115500000,ゴム製品工業・生産,111.2,index_2020_100,calendar_year,Japan,1115500000,ゴム製品工業,production,industry-iip-annual-20260914
2023,iip_production_1115500000,ゴム製品工業・生産,109.9,index_2020_100,calendar_year,Japan,1115500000,ゴム製品工業,production,industry-iip-annual-20260914
2024,iip_production_1115500000,ゴム製品工業・生産,102.7,index_2020_100,calendar_year,Japan,1115500000,ゴム製品工業,production,industry-iip-annual-20260914
2025,iip_production_1115500000,ゴム製品工業・生産,104.2,index_2020_100,calendar_year,Japan,1115500000,ゴム製品工業,production,industry-iip-annual-20260914
2018,iip_production_1115501000,ゴム製品・生産,122.3,index_2020_100,calendar_year,Japan,1115501000,ゴム製品,production,industry-iip-annual-20260914
2019,iip_production_1115501000,ゴム製品・生産,120.9,index_2020_100,calendar_year,Japan,1115501000,ゴム製品,production,industry-iip-annual-20260914
2020,iip_production_1115501000,ゴム製品・生産,100.0,index_2020_100,calendar_year,Japan,1115501000,ゴム製品,production,industry-iip-annual-20260914
2021,iip_production_1115501000,ゴム製品・生産,113.0,index_2020_100,calendar_year,Japan,1115501000,ゴム製品,production,industry-iip-annual-20260914
2022,iip_production_1115501000,ゴム製品・生産,111.2,index_2020_100,calendar_year,Japan,1115501000,ゴム製品,production,industry-iip-annual-20260914
2023,iip_production_1115501000,ゴム製品・生産,109.9,index_2020_100,calendar_year,Japan,1115501000,ゴム製品,production,industry-iip-annual-20260914
2024,iip_production_1115501000,ゴム製品・生産,102.7,index_2020_100,calendar_year,Japan,1115501000,ゴム製品,production,industry-iip-annual-20260914
2025,iip_production_1115501000,ゴム製品・生産,104.2,index_2020_100,calendar_year,Japan,1115501000,ゴム製品,production,industry-iip-annual-20260914
2018,iip_production_1115600000,その他製品工業・生産,126.1,index_2020_100,calendar_year,Japan,1115600000,その他製品工業,production,industry-iip-annual-20260914
2019,iip_production_1115600000,その他製品工業・生産,122.3,index_2020_100,calendar_year,Japan,1115600000,その他製品工業,production,industry-iip-annual-20260914
2020,iip_production_1115600000,その他製品工業・生産,100.0,index_2020_100,calendar_year,Japan,1115600000,その他製品工業,production,industry-iip-annual-20260914
2021,iip_production_1115600000,その他製品工業・生産,114.2,index_2020_100,calendar_year,Japan,1115600000,その他製品工業,production,industry-iip-annual-20260914
2022,iip_production_1115600000,その他製品工業・生産,118.6,index_2020_100,calendar_year,Japan,1115600000,その他製品工業,production,industry-iip-annual-20260914
2023,iip_production_1115600000,その他製品工業・生産,117.2,index_2020_100,calendar_year,Japan,1115600000,その他製品工業,production,industry-iip-annual-20260914
2024,iip_production_1115600000,その他製品工業・生産,109.3,index_2020_100,calendar_year,Japan,1115600000,その他製品工業,production,industry-iip-annual-20260914
2025,iip_production_1115600000,その他製品工業・生産,108.3,index_2020_100,calendar_year,Japan,1115600000,その他製品工業,production,industry-iip-annual-20260914
2018,iip_production_1115601000,時計・生産,183.3,index_2020_100,calendar_year,Japan,1115601000,時計,production,industry-iip-annual-20260914
2019,iip_production_1115601000,時計・生産,154.7,index_2020_100,calendar_year,Japan,1115601000,時計,production,industry-iip-annual-20260914
2020,iip_production_1115601000,時計・生産,100.0,index_2020_100,calendar_year,Japan,1115601000,時計,production,industry-iip-annual-20260914
2021,iip_production_1115601000,時計・生産,109.1,index_2020_100,calendar_year,Japan,1115601000,時計,production,industry-iip-annual-20260914
2022,iip_production_1115601000,時計・生産,132.5,index_2020_100,calendar_year,Japan,1115601000,時計,production,industry-iip-annual-20260914
2023,iip_production_1115601000,時計・生産,126.5,index_2020_100,calendar_year,Japan,1115601000,時計,production,industry-iip-annual-20260914
2024,iip_production_1115601000,時計・生産,93.1,index_2020_100,calendar_year,Japan,1115601000,時計,production,industry-iip-annual-20260914
2025,iip_production_1115601000,時計・生産,104.7,index_2020_100,calendar_year,Japan,1115601000,時計,production,industry-iip-annual-20260914
2018,iip_production_1115602000,楽器・生産,123.7,index_2020_100,calendar_year,Japan,1115602000,楽器,production,industry-iip-annual-20260914
2019,iip_production_1115602000,楽器・生産,127.2,index_2020_100,calendar_year,Japan,1115602000,楽器,production,industry-iip-annual-20260914
2020,iip_production_1115602000,楽器・生産,100.0,index_2020_100,calendar_year,Japan,1115602000,楽器,production,industry-iip-annual-20260914
2021,iip_production_1115602000,楽器・生産,113.9,index_2020_100,calendar_year,Japan,1115602000,楽器,production,industry-iip-annual-20260914
2022,iip_production_1115602000,楽器・生産,114.7,index_2020_100,calendar_year,Japan,1115602000,楽器,production,industry-iip-annual-20260914
2023,iip_production_1115602000,楽器・生産,118.1,index_2020_100,calendar_year,Japan,1115602000,楽器,production,industry-iip-annual-20260914
2024,iip_production_1115602000,楽器・生産,103.2,index_2020_100,calendar_year,Japan,1115602000,楽器,production,industry-iip-annual-20260914
2025,iip_production_1115602000,楽器・生産,92.4,index_2020_100,calendar_year,Japan,1115602000,楽器,production,industry-iip-annual-20260914
2018,iip_production_1115603000,玩具・生産,96.8,index_2020_100,calendar_year,Japan,1115603000,玩具,production,industry-iip-annual-20260914
2019,iip_production_1115603000,玩具・生産,101.5,index_2020_100,calendar_year,Japan,1115603000,玩具,production,industry-iip-annual-20260914
2020,iip_production_1115603000,玩具・生産,100.0,index_2020_100,calendar_year,Japan,1115603000,玩具,production,industry-iip-annual-20260914
2021,iip_production_1115603000,玩具・生産,114.9,index_2020_100,calendar_year,Japan,1115603000,玩具,production,industry-iip-annual-20260914
2022,iip_production_1115603000,玩具・生産,113.5,index_2020_100,calendar_year,Japan,1115603000,玩具,production,industry-iip-annual-20260914
2023,iip_production_1115603000,玩具・生産,117.5,index_2020_100,calendar_year,Japan,1115603000,玩具,production,industry-iip-annual-20260914
2024,iip_production_1115603000,玩具・生産,117.3,index_2020_100,calendar_year,Japan,1115603000,玩具,production,industry-iip-annual-20260914
2025,iip_production_1115603000,玩具・生産,121.8,index_2020_100,calendar_year,Japan,1115603000,玩具,production,industry-iip-annual-20260914
2018,iip_production_1115604000,文具・生産,125.2,index_2020_100,calendar_year,Japan,1115604000,文具,production,industry-iip-annual-20260914
2019,iip_production_1115604000,文具・生産,123.4,index_2020_100,calendar_year,Japan,1115604000,文具,production,industry-iip-annual-20260914
2020,iip_production_1115604000,文具・生産,100.0,index_2020_100,calendar_year,Japan,1115604000,文具,production,industry-iip-annual-20260914
2021,iip_production_1115604000,文具・生産,119.5,index_2020_100,calendar_year,Japan,1115604000,文具,production,industry-iip-annual-20260914
2022,iip_production_1115604000,文具・生産,121.9,index_2020_100,calendar_year,Japan,1115604000,文具,production,industry-iip-annual-20260914
2023,iip_production_1115604000,文具・生産,116.0,index_2020_100,calendar_year,Japan,1115604000,文具,production,industry-iip-annual-20260914
2024,iip_production_1115604000,文具・生産,114.6,index_2020_100,calendar_year,Japan,1115604000,文具,production,industry-iip-annual-20260914
2025,iip_production_1115604000,文具・生産,107.7,index_2020_100,calendar_year,Japan,1115604000,文具,production,industry-iip-annual-20260914
2018,iip_production_1115605000,皮革製品・生産,140.4,index_2020_100,calendar_year,Japan,1115605000,皮革製品,production,industry-iip-annual-20260914
2019,iip_production_1115605000,皮革製品・生産,127.8,index_2020_100,calendar_year,Japan,1115605000,皮革製品,production,industry-iip-annual-20260914
2020,iip_production_1115605000,皮革製品・生産,100.0,index_2020_100,calendar_year,Japan,1115605000,皮革製品,production,industry-iip-annual-20260914
2021,iip_production_1115605000,皮革製品・生産,90.0,index_2020_100,calendar_year,Japan,1115605000,皮革製品,production,industry-iip-annual-20260914
2022,iip_production_1115605000,皮革製品・生産,94.8,index_2020_100,calendar_year,Japan,1115605000,皮革製品,production,industry-iip-annual-20260914
2023,iip_production_1115605000,皮革製品・生産,94.7,index_2020_100,calendar_year,Japan,1115605000,皮革製品,production,industry-iip-annual-20260914
2024,iip_production_1115605000,皮革製品・生産,88.6,index_2020_100,calendar_year,Japan,1115605000,皮革製品,production,industry-iip-annual-20260914
2025,iip_production_1115605000,皮革製品・生産,84.9,index_2020_100,calendar_year,Japan,1115605000,皮革製品,production,industry-iip-annual-20260914
2018,iip_production_1200000000,鉱業・生産,111.8,index_2020_100,calendar_year,Japan,1200000000,鉱業,production,industry-iip-annual-20260914
2019,iip_production_1200000000,鉱業・生産,106.0,index_2020_100,calendar_year,Japan,1200000000,鉱業,production,industry-iip-annual-20260914
2020,iip_production_1200000000,鉱業・生産,100.0,index_2020_100,calendar_year,Japan,1200000000,鉱業,production,industry-iip-annual-20260914
2021,iip_production_1200000000,鉱業・生産,99.1,index_2020_100,calendar_year,Japan,1200000000,鉱業,production,industry-iip-annual-20260914
2022,iip_production_1200000000,鉱業・生産,94.9,index_2020_100,calendar_year,Japan,1200000000,鉱業,production,industry-iip-annual-20260914
2023,iip_production_1200000000,鉱業・生産,88.6,index_2020_100,calendar_year,Japan,1200000000,鉱業,production,industry-iip-annual-20260914
2024,iip_production_1200000000,鉱業・生産,84.9,index_2020_100,calendar_year,Japan,1200000000,鉱業,production,industry-iip-annual-20260914
2025,iip_production_1200000000,鉱業・生産,81.1,index_2020_100,calendar_year,Japan,1200000000,鉱業,production,industry-iip-annual-20260914
2018,iip_production_4010000000,産業総合（鉱工業、電力・ガス・熱供給・水道事業）・生産,114.1,index_2020_100,calendar_year,Japan,4010000000,産業総合（鉱工業、電力・ガス・熱供給・水道事業）,production,industry-iip-annual-20260914
2019,iip_production_4010000000,産業総合（鉱工業、電力・ガス・熱供給・水道事業）・生産,111.1,index_2020_100,calendar_year,Japan,4010000000,産業総合（鉱工業、電力・ガス・熱供給・水道事業）,production,industry-iip-annual-20260914
2020,iip_production_4010000000,産業総合（鉱工業、電力・ガス・熱供給・水道事業）・生産,100.0,index_2020_100,calendar_year,Japan,4010000000,産業総合（鉱工業、電力・ガス・熱供給・水道事業）,production,industry-iip-annual-20260914
2021,iip_production_4010000000,産業総合（鉱工業、電力・ガス・熱供給・水道事業）・生産,105.2,index_2020_100,calendar_year,Japan,4010000000,産業総合（鉱工業、電力・ガス・熱供給・水道事業）,production,industry-iip-annual-20260914
2022,iip_production_4010000000,産業総合（鉱工業、電力・ガス・熱供給・水道事業）・生産,105.2,index_2020_100,calendar_year,Japan,4010000000,産業総合（鉱工業、電力・ガス・熱供給・水道事業）,production,industry-iip-annual-20260914
2023,iip_production_4010000000,産業総合（鉱工業、電力・ガス・熱供給・水道事業）・生産,103.7,index_2020_100,calendar_year,Japan,4010000000,産業総合（鉱工業、電力・ガス・熱供給・水道事業）,production,industry-iip-annual-20260914
2024,iip_production_4010000000,産業総合（鉱工業、電力・ガス・熱供給・水道事業）・生産,101.1,index_2020_100,calendar_year,Japan,4010000000,産業総合（鉱工業、電力・ガス・熱供給・水道事業）,production,industry-iip-annual-20260914
2025,iip_production_4010000000,産業総合（鉱工業、電力・ガス・熱供給・水道事業）・生産,100.9,index_2020_100,calendar_year,Japan,4010000000,産業総合（鉱工業、電力・ガス・熱供給・水道事業）,production,industry-iip-annual-20260914
2018,iip_production_4010000001,産業総合（鉱工業、電力・ガス・熱供給）・生産,114.1,index_2020_100,calendar_year,Japan,4010000001,産業総合（鉱工業、電力・ガス・熱供給）,production,industry-iip-annual-20260914
2019,iip_production_4010000001,産業総合（鉱工業、電力・ガス・熱供給）・生産,111.1,index_2020_100,calendar_year,Japan,4010000001,産業総合（鉱工業、電力・ガス・熱供給）,production,industry-iip-annual-20260914
2020,iip_production_4010000001,産業総合（鉱工業、電力・ガス・熱供給）・生産,100.0,index_2020_100,calendar_year,Japan,4010000001,産業総合（鉱工業、電力・ガス・熱供給）,production,industry-iip-annual-20260914
2021,iip_production_4010000001,産業総合（鉱工業、電力・ガス・熱供給）・生産,105.2,index_2020_100,calendar_year,Japan,4010000001,産業総合（鉱工業、電力・ガス・熱供給）,production,industry-iip-annual-20260914
2022,iip_production_4010000001,産業総合（鉱工業、電力・ガス・熱供給）・生産,105.2,index_2020_100,calendar_year,Japan,4010000001,産業総合（鉱工業、電力・ガス・熱供給）,production,industry-iip-annual-20260914
2023,iip_production_4010000001,産業総合（鉱工業、電力・ガス・熱供給）・生産,103.7,index_2020_100,calendar_year,Japan,4010000001,産業総合（鉱工業、電力・ガス・熱供給）,production,industry-iip-annual-20260914
2024,iip_production_4010000001,産業総合（鉱工業、電力・ガス・熱供給）・生産,101.2,index_2020_100,calendar_year,Japan,4010000001,産業総合（鉱工業、電力・ガス・熱供給）,production,industry-iip-annual-20260914
2025,iip_production_4010000001,産業総合（鉱工業、電力・ガス・熱供給）・生産,100.9,index_2020_100,calendar_year,Japan,4010000001,産業総合（鉱工業、電力・ガス・熱供給）,production,industry-iip-annual-20260914
2018,iip_production_4010000100,電力・ガス・熱供給・水道事業・生産,104.7,index_2020_100,calendar_year,Japan,4010000100,電力・ガス・熱供給・水道事業,production,industry-iip-annual-20260914
2019,iip_production_4010000100,電力・ガス・熱供給・水道事業・生産,102.6,index_2020_100,calendar_year,Japan,4010000100,電力・ガス・熱供給・水道事業,production,industry-iip-annual-20260914
2020,iip_production_4010000100,電力・ガス・熱供給・水道事業・生産,100.0,index_2020_100,calendar_year,Japan,4010000100,電力・ガス・熱供給・水道事業,production,industry-iip-annual-20260914
2021,iip_production_4010000100,電力・ガス・熱供給・水道事業・生産,101.7,index_2020_100,calendar_year,Japan,4010000100,電力・ガス・熱供給・水道事業,production,industry-iip-annual-20260914
2022,iip_production_4010000100,電力・ガス・熱供給・水道事業・生産,103.4,index_2020_100,calendar_year,Japan,4010000100,電力・ガス・熱供給・水道事業,production,industry-iip-annual-20260914
2023,iip_production_4010000100,電力・ガス・熱供給・水道事業・生産,99.8,index_2020_100,calendar_year,Japan,4010000100,電力・ガス・熱供給・水道事業,production,industry-iip-annual-20260914
2024,iip_production_4010000100,電力・ガス・熱供給・水道事業・生産,100.5,index_2020_100,calendar_year,Japan,4010000100,電力・ガス・熱供給・水道事業,production,industry-iip-annual-20260914
2025,iip_production_4010000100,電力・ガス・熱供給・水道事業・生産,101.0,index_2020_100,calendar_year,Japan,4010000100,電力・ガス・熱供給・水道事業,production,industry-iip-annual-20260914
2018,iip_production_4010000110,電力・ガス・熱供給・生産,104.9,index_2020_100,calendar_year,Japan,4010000110,電力・ガス・熱供給,production,industry-iip-annual-20260914
2019,iip_production_4010000110,電力・ガス・熱供給・生産,102.8,index_2020_100,calendar_year,Japan,4010000110,電力・ガス・熱供給,production,industry-iip-annual-20260914
2020,iip_production_4010000110,電力・ガス・熱供給・生産,100.0,index_2020_100,calendar_year,Japan,4010000110,電力・ガス・熱供給,production,industry-iip-annual-20260914
2021,iip_production_4010000110,電力・ガス・熱供給・生産,101.8,index_2020_100,calendar_year,Japan,4010000110,電力・ガス・熱供給,production,industry-iip-annual-20260914
2022,iip_production_4010000110,電力・ガス・熱供給・生産,103.7,index_2020_100,calendar_year,Japan,4010000110,電力・ガス・熱供給,production,industry-iip-annual-20260914
2023,iip_production_4010000110,電力・ガス・熱供給・生産,99.8,index_2020_100,calendar_year,Japan,4010000110,電力・ガス・熱供給,production,industry-iip-annual-20260914
2024,iip_production_4010000110,電力・ガス・熱供給・生産,100.6,index_2020_100,calendar_year,Japan,4010000110,電力・ガス・熱供給,production,industry-iip-annual-20260914
2025,iip_production_4010000110,電力・ガス・熱供給・生産,101.0,index_2020_100,calendar_year,Japan,4010000110,電力・ガス・熱供給,production,industry-iip-annual-20260914
2018,iip_production_4080000100,機械工業・生産,118.3,index_2020_100,calendar_year,Japan,4080000100,機械工業,production,industry-iip-annual-20260914
2019,iip_production_4080000100,機械工業・生産,113.6,index_2020_100,calendar_year,Japan,4080000100,機械工業,production,industry-iip-annual-20260914
2020,iip_production_4080000100,機械工業・生産,100.0,index_2020_100,calendar_year,Japan,4080000100,機械工業,production,industry-iip-annual-20260914
2021,iip_production_4080000100,機械工業・生産,107.5,index_2020_100,calendar_year,Japan,4080000100,機械工業,production,industry-iip-annual-20260914
2022,iip_production_4080000100,機械工業・生産,109.0,index_2020_100,calendar_year,Japan,4080000100,機械工業,production,industry-iip-annual-20260914
2023,iip_production_4080000100,機械工業・生産,109.8,index_2020_100,calendar_year,Japan,4080000100,機械工業,production,industry-iip-annual-20260914
2024,iip_production_4080000100,機械工業・生産,106.1,index_2020_100,calendar_year,Japan,4080000100,機械工業,production,industry-iip-annual-20260914
2025,iip_production_4080000100,機械工業・生産,107.0,index_2020_100,calendar_year,Japan,4080000100,機械工業,production,industry-iip-annual-20260914
2018,iip_production_4080000200,非機械工業・生産,111.8,index_2020_100,calendar_year,Japan,4080000200,非機械工業,production,industry-iip-annual-20260914
2019,iip_production_4080000200,非機械工業・生産,110.0,index_2020_100,calendar_year,Japan,4080000200,非機械工業,production,industry-iip-annual-20260914
2020,iip_production_4080000200,非機械工業・生産,100.0,index_2020_100,calendar_year,Japan,4080000200,非機械工業,production,industry-iip-annual-20260914
2021,iip_production_4080000200,非機械工業・生産,103.8,index_2020_100,calendar_year,Japan,4080000200,非機械工業,production,industry-iip-annual-20260914
2022,iip_production_4080000200,非機械工業・生産,102.3,index_2020_100,calendar_year,Japan,4080000200,非機械工業,production,industry-iip-annual-20260914
2023,iip_production_4080000200,非機械工業・生産,99.3,index_2020_100,calendar_year,Japan,4080000200,非機械工業,production,industry-iip-annual-20260914
2024,iip_production_4080000200,非機械工業・生産,97.4,index_2020_100,calendar_year,Japan,4080000200,非機械工業,production,industry-iip-annual-20260914
2025,iip_production_4080000200,非機械工業・生産,96.1,index_2020_100,calendar_year,Japan,4080000200,非機械工業,production,industry-iip-annual-20260914
2018,iip_production_4110000000,<旧分類>はん用・生産用・業務用機械工業・生産,122.4,index_2020_100,calendar_year,Japan,4110000000,<旧分類>はん用・生産用・業務用機械工業,production,industry-iip-annual-20260914
2019,iip_production_4110000000,<旧分類>はん用・生産用・業務用機械工業・生産,113.0,index_2020_100,calendar_year,Japan,4110000000,<旧分類>はん用・生産用・業務用機械工業,production,industry-iip-annual-20260914
2020,iip_production_4110000000,<旧分類>はん用・生産用・業務用機械工業・生産,100.0,index_2020_100,calendar_year,Japan,4110000000,<旧分類>はん用・生産用・業務用機械工業,production,industry-iip-annual-20260914
2021,iip_production_4110000000,<旧分類>はん用・生産用・業務用機械工業・生産,116.6,index_2020_100,calendar_year,Japan,4110000000,<旧分類>はん用・生産用・業務用機械工業,production,industry-iip-annual-20260914
2022,iip_production_4110000000,<旧分類>はん用・生産用・業務用機械工業・生産,124.9,index_2020_100,calendar_year,Japan,4110000000,<旧分類>はん用・生産用・業務用機械工業,production,industry-iip-annual-20260914
2023,iip_production_4110000000,<旧分類>はん用・生産用・業務用機械工業・生産,116.3,index_2020_100,calendar_year,Japan,4110000000,<旧分類>はん用・生産用・業務用機械工業,production,industry-iip-annual-20260914
2024,iip_production_4110000000,<旧分類>はん用・生産用・業務用機械工業・生産,111.5,index_2020_100,calendar_year,Japan,4110000000,<旧分類>はん用・生産用・業務用機械工業,production,industry-iip-annual-20260914
2025,iip_production_4110000000,<旧分類>はん用・生産用・業務用機械工業・生産,111.6,index_2020_100,calendar_year,Japan,4110000000,<旧分類>はん用・生産用・業務用機械工業,production,industry-iip-annual-20260914
2018,iip_production_4100000100,<旧特掲>普通鋼鋼材・生産,125.3,index_2020_100,calendar_year,Japan,4100000100,<旧特掲>普通鋼鋼材,production,industry-iip-annual-20260914
2019,iip_production_4100000100,<旧特掲>普通鋼鋼材・生産,118.6,index_2020_100,calendar_year,Japan,4100000100,<旧特掲>普通鋼鋼材,production,industry-iip-annual-20260914
2020,iip_production_4100000100,<旧特掲>普通鋼鋼材・生産,100.0,index_2020_100,calendar_year,Japan,4100000100,<旧特掲>普通鋼鋼材,production,industry-iip-annual-20260914
2021,iip_production_4100000100,<旧特掲>普通鋼鋼材・生産,113.6,index_2020_100,calendar_year,Japan,4100000100,<旧特掲>普通鋼鋼材,production,industry-iip-annual-20260914
2022,iip_production_4100000100,<旧特掲>普通鋼鋼材・生産,103.9,index_2020_100,calendar_year,Japan,4100000100,<旧特掲>普通鋼鋼材,production,industry-iip-annual-20260914
2023,iip_production_4100000100,<旧特掲>普通鋼鋼材・生産,102.4,index_2020_100,calendar_year,Japan,4100000100,<旧特掲>普通鋼鋼材,production,industry-iip-annual-20260914
2024,iip_production_4100000100,<旧特掲>普通鋼鋼材・生産,98.8,index_2020_100,calendar_year,Japan,4100000100,<旧特掲>普通鋼鋼材,production,industry-iip-annual-20260914
2025,iip_production_4100000100,<旧特掲>普通鋼鋼材・生産,96.2,index_2020_100,calendar_year,Japan,4100000100,<旧特掲>普通鋼鋼材,production,industry-iip-annual-20260914
2018,iip_production_4100000200,<旧特掲>特殊鋼鋼材・生産,139.0,index_2020_100,calendar_year,Japan,4100000200,<旧特掲>特殊鋼鋼材,production,industry-iip-annual-20260914
2019,iip_production_4100000200,<旧特掲>特殊鋼鋼材・生産,129.8,index_2020_100,calendar_year,Japan,4100000200,<旧特掲>特殊鋼鋼材,production,industry-iip-annual-20260914
2020,iip_production_4100000200,<旧特掲>特殊鋼鋼材・生産,100.0,index_2020_100,calendar_year,Japan,4100000200,<旧特掲>特殊鋼鋼材,production,industry-iip-annual-20260914
2021,iip_production_4100000200,<旧特掲>特殊鋼鋼材・生産,123.5,index_2020_100,calendar_year,Japan,4100000200,<旧特掲>特殊鋼鋼材,production,industry-iip-annual-20260914
2022,iip_production_4100000200,<旧特掲>特殊鋼鋼材・生産,113.4,index_2020_100,calendar_year,Japan,4100000200,<旧特掲>特殊鋼鋼材,production,industry-iip-annual-20260914
2023,iip_production_4100000200,<旧特掲>特殊鋼鋼材・生産,107.0,index_2020_100,calendar_year,Japan,4100000200,<旧特掲>特殊鋼鋼材,production,industry-iip-annual-20260914
2024,iip_production_4100000200,<旧特掲>特殊鋼鋼材・生産,103.9,index_2020_100,calendar_year,Japan,4100000200,<旧特掲>特殊鋼鋼材,production,industry-iip-annual-20260914
2025,iip_production_4100000200,<旧特掲>特殊鋼鋼材・生産,102.9,index_2020_100,calendar_year,Japan,4100000200,<旧特掲>特殊鋼鋼材,production,industry-iip-annual-20260914
2018,iip_production_4100000300,<旧特掲>乗用車・トラック・生産,122.6,index_2020_100,calendar_year,Japan,4100000300,<旧特掲>乗用車・トラック,production,industry-iip-annual-20260914
2019,iip_production_4100000300,<旧特掲>乗用車・トラック・生産,122.3,index_2020_100,calendar_year,Japan,4100000300,<旧特掲>乗用車・トラック,production,industry-iip-annual-20260914
2020,iip_production_4100000300,<旧特掲>乗用車・トラック・生産,100.0,index_2020_100,calendar_year,Japan,4100000300,<旧特掲>乗用車・トラック,production,industry-iip-annual-20260914
2021,iip_production_4100000300,<旧特掲>乗用車・トラック・生産,100.2,index_2020_100,calendar_year,Japan,4100000300,<旧特掲>乗用車・トラック,production,industry-iip-annual-20260914
2022,iip_production_4100000300,<旧特掲>乗用車・トラック・生産,99.0,index_2020_100,calendar_year,Japan,4100000300,<旧特掲>乗用車・トラック,production,industry-iip-annual-20260914
2023,iip_production_4100000300,<旧特掲>乗用車・トラック・生産,114.5,index_2020_100,calendar_year,Japan,4100000300,<旧特掲>乗用車・トラック,production,industry-iip-annual-20260914
2024,iip_production_4100000300,<旧特掲>乗用車・トラック・生産,105.9,index_2020_100,calendar_year,Japan,4100000300,<旧特掲>乗用車・トラック,production,industry-iip-annual-20260914
2025,iip_production_4100000300,<旧特掲>乗用車・トラック・生産,107.4,index_2020_100,calendar_year,Japan,4100000300,<旧特掲>乗用車・トラック,production,industry-iip-annual-20260914
2018,iip_production_4100000400,<旧特掲>石油化学製品・生産,113.9,index_2020_100,calendar_year,Japan,4100000400,<旧特掲>石油化学製品,production,industry-iip-annual-20260914
2019,iip_production_4100000400,<旧特掲>石油化学製品・生産,114.7,index_2020_100,calendar_year,Japan,4100000400,<旧特掲>石油化学製品,production,industry-iip-annual-20260914
2020,iip_production_4100000400,<旧特掲>石油化学製品・生産,100.0,index_2020_100,calendar_year,Japan,4100000400,<旧特掲>石油化学製品,production,industry-iip-annual-20260914
2021,iip_production_4100000400,<旧特掲>石油化学製品・生産,108.9,index_2020_100,calendar_year,Japan,4100000400,<旧特掲>石油化学製品,production,industry-iip-annual-20260914
2022,iip_production_4100000400,<旧特掲>石油化学製品・生産,97.7,index_2020_100,calendar_year,Japan,4100000400,<旧特掲>石油化学製品,production,industry-iip-annual-20260914
2023,iip_production_4100000400,<旧特掲>石油化学製品・生産,87.8,index_2020_100,calendar_year,Japan,4100000400,<旧特掲>石油化学製品,production,industry-iip-annual-20260914
2024,iip_production_4100000400,<旧特掲>石油化学製品・生産,82.2,index_2020_100,calendar_year,Japan,4100000400,<旧特掲>石油化学製品,production,industry-iip-annual-20260914
2025,iip_production_4100000400,<旧特掲>石油化学製品・生産,81.1,index_2020_100,calendar_year,Japan,4100000400,<旧特掲>石油化学製品,production,industry-iip-annual-20260914
2018,iip_shipments_1000000000,鉱工業・出荷,114.9,index_2020_100,calendar_year,Japan,1000000000,鉱工業,shipments,industry-iip-annual-20260914
2019,iip_shipments_1000000000,鉱工業・出荷,112.0,index_2020_100,calendar_year,Japan,1000000000,鉱工業,shipments,industry-iip-annual-20260914
2020,iip_shipments_1000000000,鉱工業・出荷,100.0,index_2020_100,calendar_year,Japan,1000000000,鉱工業,shipments,industry-iip-annual-20260914
2021,iip_shipments_1000000000,鉱工業・出荷,104.4,index_2020_100,calendar_year,Japan,1000000000,鉱工業,shipments,industry-iip-annual-20260914
2022,iip_shipments_1000000000,鉱工業・出荷,103.9,index_2020_100,calendar_year,Japan,1000000000,鉱工業,shipments,industry-iip-annual-20260914
2023,iip_shipments_1000000000,鉱工業・出荷,103.2,index_2020_100,calendar_year,Japan,1000000000,鉱工業,shipments,industry-iip-annual-20260914
2024,iip_shipments_1000000000,鉱工業・出荷,99.9,index_2020_100,calendar_year,Japan,1000000000,鉱工業,shipments,industry-iip-annual-20260914
2025,iip_shipments_1000000000,鉱工業・出荷,99.5,index_2020_100,calendar_year,Japan,1000000000,鉱工業,shipments,industry-iip-annual-20260914
2018,iip_shipments_1100000000,製造工業・出荷,114.9,index_2020_100,calendar_year,Japan,1100000000,製造工業,shipments,industry-iip-annual-20260914
2019,iip_shipments_1100000000,製造工業・出荷,112.0,index_2020_100,calendar_year,Japan,1100000000,製造工業,shipments,industry-iip-annual-20260914
2020,iip_shipments_1100000000,製造工業・出荷,100.0,index_2020_100,calendar_year,Japan,1100000000,製造工業,shipments,industry-iip-annual-20260914
2021,iip_shipments_1100000000,製造工業・出荷,104.4,index_2020_100,calendar_year,Japan,1100000000,製造工業,shipments,industry-iip-annual-20260914
2022,iip_shipments_1100000000,製造工業・出荷,103.9,index_2020_100,calendar_year,Japan,1100000000,製造工業,shipments,industry-iip-annual-20260914
2023,iip_shipments_1100000000,製造工業・出荷,103.3,index_2020_100,calendar_year,Japan,1100000000,製造工業,shipments,industry-iip-annual-20260914
2024,iip_shipments_1100000000,製造工業・出荷,99.9,index_2020_100,calendar_year,Japan,1100000000,製造工業,shipments,industry-iip-annual-20260914
2025,iip_shipments_1100000000,製造工業・出荷,99.5,index_2020_100,calendar_year,Japan,1100000000,製造工業,shipments,industry-iip-annual-20260914
2018,iip_shipments_1101000000,鉄鋼・非鉄金属工業・出荷,122.2,index_2020_100,calendar_year,Japan,1101000000,鉄鋼・非鉄金属工業,shipments,industry-iip-annual-20260914
2019,iip_shipments_1101000000,鉄鋼・非鉄金属工業・出荷,115.3,index_2020_100,calendar_year,Japan,1101000000,鉄鋼・非鉄金属工業,shipments,industry-iip-annual-20260914
2020,iip_shipments_1101000000,鉄鋼・非鉄金属工業・出荷,100.0,index_2020_100,calendar_year,Japan,1101000000,鉄鋼・非鉄金属工業,shipments,industry-iip-annual-20260914
2021,iip_shipments_1101000000,鉄鋼・非鉄金属工業・出荷,110.8,index_2020_100,calendar_year,Japan,1101000000,鉄鋼・非鉄金属工業,shipments,industry-iip-annual-20260914
2022,iip_shipments_1101000000,鉄鋼・非鉄金属工業・出荷,106.6,index_2020_100,calendar_year,Japan,1101000000,鉄鋼・非鉄金属工業,shipments,industry-iip-annual-20260914
2023,iip_shipments_1101000000,鉄鋼・非鉄金属工業・出荷,103.3,index_2020_100,calendar_year,Japan,1101000000,鉄鋼・非鉄金属工業,shipments,industry-iip-annual-20260914
2024,iip_shipments_1101000000,鉄鋼・非鉄金属工業・出荷,99.5,index_2020_100,calendar_year,Japan,1101000000,鉄鋼・非鉄金属工業,shipments,industry-iip-annual-20260914
2025,iip_shipments_1101000000,鉄鋼・非鉄金属工業・出荷,96.4,index_2020_100,calendar_year,Japan,1101000000,鉄鋼・非鉄金属工業,shipments,industry-iip-annual-20260914
2018,iip_shipments_1101100000,鉄鋼業・出荷,127.8,index_2020_100,calendar_year,Japan,1101100000,鉄鋼業,shipments,industry-iip-annual-20260914
2019,iip_shipments_1101100000,鉄鋼業・出荷,120.1,index_2020_100,calendar_year,Japan,1101100000,鉄鋼業,shipments,industry-iip-annual-20260914
2020,iip_shipments_1101100000,鉄鋼業・出荷,100.0,index_2020_100,calendar_year,Japan,1101100000,鉄鋼業,shipments,industry-iip-annual-20260914
2021,iip_shipments_1101100000,鉄鋼業・出荷,114.5,index_2020_100,calendar_year,Japan,1101100000,鉄鋼業,shipments,industry-iip-annual-20260914
2022,iip_shipments_1101100000,鉄鋼業・出荷,107.7,index_2020_100,calendar_year,Japan,1101100000,鉄鋼業,shipments,industry-iip-annual-20260914
2023,iip_shipments_1101100000,鉄鋼業・出荷,104.2,index_2020_100,calendar_year,Japan,1101100000,鉄鋼業,shipments,industry-iip-annual-20260914
2024,iip_shipments_1101100000,鉄鋼業・出荷,98.9,index_2020_100,calendar_year,Japan,1101100000,鉄鋼業,shipments,industry-iip-annual-20260914
2025,iip_shipments_1101100000,鉄鋼業・出荷,95.9,index_2020_100,calendar_year,Japan,1101100000,鉄鋼業,shipments,industry-iip-annual-20260914
2018,iip_shipments_1101101000,鉄鋼粗製品・出荷,118.8,index_2020_100,calendar_year,Japan,1101101000,鉄鋼粗製品,shipments,industry-iip-annual-20260914
2019,iip_shipments_1101101000,鉄鋼粗製品・出荷,107.8,index_2020_100,calendar_year,Japan,1101101000,鉄鋼粗製品,shipments,industry-iip-annual-20260914
2020,iip_shipments_1101101000,鉄鋼粗製品・出荷,100.0,index_2020_100,calendar_year,Japan,1101101000,鉄鋼粗製品,shipments,industry-iip-annual-20260914
2021,iip_shipments_1101101000,鉄鋼粗製品・出荷,99.4,index_2020_100,calendar_year,Japan,1101101000,鉄鋼粗製品,shipments,industry-iip-annual-20260914
2022,iip_shipments_1101101000,鉄鋼粗製品・出荷,85.8,index_2020_100,calendar_year,Japan,1101101000,鉄鋼粗製品,shipments,industry-iip-annual-20260914
2023,iip_shipments_1101101000,鉄鋼粗製品・出荷,84.3,index_2020_100,calendar_year,Japan,1101101000,鉄鋼粗製品,shipments,industry-iip-annual-20260914
2024,iip_shipments_1101101000,鉄鋼粗製品・出荷,80.4,index_2020_100,calendar_year,Japan,1101101000,鉄鋼粗製品,shipments,industry-iip-annual-20260914
2025,iip_shipments_1101101000,鉄鋼粗製品・出荷,74.5,index_2020_100,calendar_year,Japan,1101101000,鉄鋼粗製品,shipments,industry-iip-annual-20260914
2018,iip_shipments_1101102000,熱間圧延鋼材・出荷,125.9,index_2020_100,calendar_year,Japan,1101102000,熱間圧延鋼材,shipments,industry-iip-annual-20260914
2019,iip_shipments_1101102000,熱間圧延鋼材・出荷,119.3,index_2020_100,calendar_year,Japan,1101102000,熱間圧延鋼材,shipments,industry-iip-annual-20260914
2020,iip_shipments_1101102000,熱間圧延鋼材・出荷,100.0,index_2020_100,calendar_year,Japan,1101102000,熱間圧延鋼材,shipments,industry-iip-annual-20260914
2021,iip_shipments_1101102000,熱間圧延鋼材・出荷,115.2,index_2020_100,calendar_year,Japan,1101102000,熱間圧延鋼材,shipments,industry-iip-annual-20260914
2022,iip_shipments_1101102000,熱間圧延鋼材・出荷,109.7,index_2020_100,calendar_year,Japan,1101102000,熱間圧延鋼材,shipments,industry-iip-annual-20260914
2023,iip_shipments_1101102000,熱間圧延鋼材・出荷,105.4,index_2020_100,calendar_year,Japan,1101102000,熱間圧延鋼材,shipments,industry-iip-annual-20260914
2024,iip_shipments_1101102000,熱間圧延鋼材・出荷,100.2,index_2020_100,calendar_year,Japan,1101102000,熱間圧延鋼材,shipments,industry-iip-annual-20260914
2025,iip_shipments_1101102000,熱間圧延鋼材・出荷,96.1,index_2020_100,calendar_year,Japan,1101102000,熱間圧延鋼材,shipments,industry-iip-annual-20260914
2018,iip_shipments_1101103000,冷間仕上鋼材・出荷,131.0,index_2020_100,calendar_year,Japan,1101103000,冷間仕上鋼材,shipments,industry-iip-annual-20260914
2019,iip_shipments_1101103000,冷間仕上鋼材・出荷,122.9,index_2020_100,calendar_year,Japan,1101103000,冷間仕上鋼材,shipments,industry-iip-annual-20260914
2020,iip_shipments_1101103000,冷間仕上鋼材・出荷,100.0,index_2020_100,calendar_year,Japan,1101103000,冷間仕上鋼材,shipments,industry-iip-annual-20260914
2021,iip_shipments_1101103000,冷間仕上鋼材・出荷,121.6,index_2020_100,calendar_year,Japan,1101103000,冷間仕上鋼材,shipments,industry-iip-annual-20260914
2022,iip_shipments_1101103000,冷間仕上鋼材・出荷,110.2,index_2020_100,calendar_year,Japan,1101103000,冷間仕上鋼材,shipments,industry-iip-annual-20260914
2023,iip_shipments_1101103000,冷間仕上鋼材・出荷,104.4,index_2020_100,calendar_year,Japan,1101103000,冷間仕上鋼材,shipments,industry-iip-annual-20260914
2024,iip_shipments_1101103000,冷間仕上鋼材・出荷,100.0,index_2020_100,calendar_year,Japan,1101103000,冷間仕上鋼材,shipments,industry-iip-annual-20260914
2025,iip_shipments_1101103000,冷間仕上鋼材・出荷,99.0,index_2020_100,calendar_year,Japan,1101103000,冷間仕上鋼材,shipments,industry-iip-annual-20260914
2018,iip_shipments_1101104000,鋼管・出荷,133.8,index_2020_100,calendar_year,Japan,1101104000,鋼管,shipments,industry-iip-annual-20260914
2019,iip_shipments_1101104000,鋼管・出荷,125.3,index_2020_100,calendar_year,Japan,1101104000,鋼管,shipments,industry-iip-annual-20260914
2020,iip_shipments_1101104000,鋼管・出荷,100.0,index_2020_100,calendar_year,Japan,1101104000,鋼管,shipments,industry-iip-annual-20260914
2021,iip_shipments_1101104000,鋼管・出荷,96.3,index_2020_100,calendar_year,Japan,1101104000,鋼管,shipments,industry-iip-annual-20260914
2022,iip_shipments_1101104000,鋼管・出荷,98.6,index_2020_100,calendar_year,Japan,1101104000,鋼管,shipments,industry-iip-annual-20260914
2023,iip_shipments_1101104000,鋼管・出荷,95.2,index_2020_100,calendar_year,Japan,1101104000,鋼管,shipments,industry-iip-annual-20260914
2024,iip_shipments_1101104000,鋼管・出荷,89.6,index_2020_100,calendar_year,Japan,1101104000,鋼管,shipments,industry-iip-annual-20260914
2025,iip_shipments_1101104000,鋼管・出荷,85.8,index_2020_100,calendar_year,Japan,1101104000,鋼管,shipments,industry-iip-annual-20260914
2018,iip_shipments_1101105000,めっき鋼材・出荷,130.9,index_2020_100,calendar_year,Japan,1101105000,めっき鋼材,shipments,industry-iip-annual-20260914
2019,iip_shipments_1101105000,めっき鋼材・出荷,123.0,index_2020_100,calendar_year,Japan,1101105000,めっき鋼材,shipments,industry-iip-annual-20260914
2020,iip_shipments_1101105000,めっき鋼材・出荷,100.0,index_2020_100,calendar_year,Japan,1101105000,めっき鋼材,shipments,industry-iip-annual-20260914
2021,iip_shipments_1101105000,めっき鋼材・出荷,116.6,index_2020_100,calendar_year,Japan,1101105000,めっき鋼材,shipments,industry-iip-annual-20260914
2022,iip_shipments_1101105000,めっき鋼材・出荷,102.3,index_2020_100,calendar_year,Japan,1101105000,めっき鋼材,shipments,industry-iip-annual-20260914
2023,iip_shipments_1101105000,めっき鋼材・出荷,104.2,index_2020_100,calendar_year,Japan,1101105000,めっき鋼材,shipments,industry-iip-annual-20260914
2024,iip_shipments_1101105000,めっき鋼材・出荷,99.0,index_2020_100,calendar_year,Japan,1101105000,めっき鋼材,shipments,industry-iip-annual-20260914
2025,iip_shipments_1101105000,めっき鋼材・出荷,96.3,index_2020_100,calendar_year,Japan,1101105000,めっき鋼材,shipments,industry-iip-annual-20260914
2018,iip_shipments_1101106000,鋳鍛造品・出荷,129.1,index_2020_100,calendar_year,Japan,1101106000,鋳鍛造品,shipments,industry-iip-annual-20260914
2019,iip_shipments_1101106000,鋳鍛造品・出荷,119.4,index_2020_100,calendar_year,Japan,1101106000,鋳鍛造品,shipments,industry-iip-annual-20260914
2020,iip_shipments_1101106000,鋳鍛造品・出荷,100.0,index_2020_100,calendar_year,Japan,1101106000,鋳鍛造品,shipments,industry-iip-annual-20260914
2021,iip_shipments_1101106000,鋳鍛造品・出荷,119.2,index_2020_100,calendar_year,Japan,1101106000,鋳鍛造品,shipments,industry-iip-annual-20260914
2022,iip_shipments_1101106000,鋳鍛造品・出荷,117.3,index_2020_100,calendar_year,Japan,1101106000,鋳鍛造品,shipments,industry-iip-annual-20260914
2023,iip_shipments_1101106000,鋳鍛造品・出荷,115.8,index_2020_100,calendar_year,Japan,1101106000,鋳鍛造品,shipments,industry-iip-annual-20260914
2024,iip_shipments_1101106000,鋳鍛造品・出荷,107.0,index_2020_100,calendar_year,Japan,1101106000,鋳鍛造品,shipments,industry-iip-annual-20260914
2025,iip_shipments_1101106000,鋳鍛造品・出荷,108.4,index_2020_100,calendar_year,Japan,1101106000,鋳鍛造品,shipments,industry-iip-annual-20260914
2018,iip_shipments_1101200000,非鉄金属工業・出荷,113.8,index_2020_100,calendar_year,Japan,1101200000,非鉄金属工業,shipments,industry-iip-annual-20260914
2019,iip_shipments_1101200000,非鉄金属工業・出荷,108.1,index_2020_100,calendar_year,Japan,1101200000,非鉄金属工業,shipments,industry-iip-annual-20260914
2020,iip_shipments_1101200000,非鉄金属工業・出荷,100.0,index_2020_100,calendar_year,Japan,1101200000,非鉄金属工業,shipments,industry-iip-annual-20260914
2021,iip_shipments_1101200000,非鉄金属工業・出荷,105.2,index_2020_100,calendar_year,Japan,1101200000,非鉄金属工業,shipments,industry-iip-annual-20260914
2022,iip_shipments_1101200000,非鉄金属工業・出荷,104.8,index_2020_100,calendar_year,Japan,1101200000,非鉄金属工業,shipments,industry-iip-annual-20260914
2023,iip_shipments_1101200000,非鉄金属工業・出荷,101.9,index_2020_100,calendar_year,Japan,1101200000,非鉄金属工業,shipments,industry-iip-annual-20260914
2024,iip_shipments_1101200000,非鉄金属工業・出荷,100.4,index_2020_100,calendar_year,Japan,1101200000,非鉄金属工業,shipments,industry-iip-annual-20260914
2025,iip_shipments_1101200000,非鉄金属工業・出荷,97.1,index_2020_100,calendar_year,Japan,1101200000,非鉄金属工業,shipments,industry-iip-annual-20260914
2018,iip_shipments_1101201000,非鉄金属精錬・精製品・出荷,105.7,index_2020_100,calendar_year,Japan,1101201000,非鉄金属精錬・精製品,shipments,industry-iip-annual-20260914
2019,iip_shipments_1101201000,非鉄金属精錬・精製品・出荷,99.0,index_2020_100,calendar_year,Japan,1101201000,非鉄金属精錬・精製品,shipments,industry-iip-annual-20260914
2020,iip_shipments_1101201000,非鉄金属精錬・精製品・出荷,100.0,index_2020_100,calendar_year,Japan,1101201000,非鉄金属精錬・精製品,shipments,industry-iip-annual-20260914
2021,iip_shipments_1101201000,非鉄金属精錬・精製品・出荷,96.8,index_2020_100,calendar_year,Japan,1101201000,非鉄金属精錬・精製品,shipments,industry-iip-annual-20260914
2022,iip_shipments_1101201000,非鉄金属精錬・精製品・出荷,100.8,index_2020_100,calendar_year,Japan,1101201000,非鉄金属精錬・精製品,shipments,industry-iip-annual-20260914
2023,iip_shipments_1101201000,非鉄金属精錬・精製品・出荷,96.7,index_2020_100,calendar_year,Japan,1101201000,非鉄金属精錬・精製品,shipments,industry-iip-annual-20260914
2024,iip_shipments_1101201000,非鉄金属精錬・精製品・出荷,96.3,index_2020_100,calendar_year,Japan,1101201000,非鉄金属精錬・精製品,shipments,industry-iip-annual-20260914
2025,iip_shipments_1101201000,非鉄金属精錬・精製品・出荷,86.0,index_2020_100,calendar_year,Japan,1101201000,非鉄金属精錬・精製品,shipments,industry-iip-annual-20260914
2018,iip_shipments_1101202000,非鉄金属圧延製品・出荷,120.3,index_2020_100,calendar_year,Japan,1101202000,非鉄金属圧延製品,shipments,industry-iip-annual-20260914
2019,iip_shipments_1101202000,非鉄金属圧延製品・出荷,112.4,index_2020_100,calendar_year,Japan,1101202000,非鉄金属圧延製品,shipments,industry-iip-annual-20260914
2020,iip_shipments_1101202000,非鉄金属圧延製品・出荷,100.0,index_2020_100,calendar_year,Japan,1101202000,非鉄金属圧延製品,shipments,industry-iip-annual-20260914
2021,iip_shipments_1101202000,非鉄金属圧延製品・出荷,115.2,index_2020_100,calendar_year,Japan,1101202000,非鉄金属圧延製品,shipments,industry-iip-annual-20260914
2022,iip_shipments_1101202000,非鉄金属圧延製品・出荷,110.1,index_2020_100,calendar_year,Japan,1101202000,非鉄金属圧延製品,shipments,industry-iip-annual-20260914
2023,iip_shipments_1101202000,非鉄金属圧延製品・出荷,98.8,index_2020_100,calendar_year,Japan,1101202000,非鉄金属圧延製品,shipments,industry-iip-annual-20260914
2024,iip_shipments_1101202000,非鉄金属圧延製品・出荷,97.3,index_2020_100,calendar_year,Japan,1101202000,非鉄金属圧延製品,shipments,industry-iip-annual-20260914
2025,iip_shipments_1101202000,非鉄金属圧延製品・出荷,98.2,index_2020_100,calendar_year,Japan,1101202000,非鉄金属圧延製品,shipments,industry-iip-annual-20260914
2018,iip_shipments_1101203000,電線・ケーブル・出荷,109.7,index_2020_100,calendar_year,Japan,1101203000,電線・ケーブル,shipments,industry-iip-annual-20260914
2019,iip_shipments_1101203000,電線・ケーブル・出荷,109.8,index_2020_100,calendar_year,Japan,1101203000,電線・ケーブル,shipments,industry-iip-annual-20260914
2020,iip_shipments_1101203000,電線・ケーブル・出荷,100.0,index_2020_100,calendar_year,Japan,1101203000,電線・ケーブル,shipments,industry-iip-annual-20260914
2021,iip_shipments_1101203000,電線・ケーブル・出荷,107.7,index_2020_100,calendar_year,Japan,1101203000,電線・ケーブル,shipments,industry-iip-annual-20260914
2022,iip_shipments_1101203000,電線・ケーブル・出荷,106.3,index_2020_100,calendar_year,Japan,1101203000,電線・ケーブル,shipments,industry-iip-annual-20260914
2023,iip_shipments_1101203000,電線・ケーブル・出荷,108.3,index_2020_100,calendar_year,Japan,1101203000,電線・ケーブル,shipments,industry-iip-annual-20260914
2024,iip_shipments_1101203000,電線・ケーブル・出荷,109.0,index_2020_100,calendar_year,Japan,1101203000,電線・ケーブル,shipments,industry-iip-annual-20260914
2025,iip_shipments_1101203000,電線・ケーブル・出荷,114.1,index_2020_100,calendar_year,Japan,1101203000,電線・ケーブル,shipments,industry-iip-annual-20260914
2018,iip_shipments_1101204000,非鉄金属鋳物・出荷,129.2,index_2020_100,calendar_year,Japan,1101204000,非鉄金属鋳物,shipments,industry-iip-annual-20260914
2019,iip_shipments_1101204000,非鉄金属鋳物・出荷,123.3,index_2020_100,calendar_year,Japan,1101204000,非鉄金属鋳物,shipments,industry-iip-annual-20260914
2020,iip_shipments_1101204000,非鉄金属鋳物・出荷,100.0,index_2020_100,calendar_year,Japan,1101204000,非鉄金属鋳物,shipments,industry-iip-annual-20260914
2021,iip_shipments_1101204000,非鉄金属鋳物・出荷,109.4,index_2020_100,calendar_year,Japan,1101204000,非鉄金属鋳物,shipments,industry-iip-annual-20260914
2022,iip_shipments_1101204000,非鉄金属鋳物・出荷,106.2,index_2020_100,calendar_year,Japan,1101204000,非鉄金属鋳物,shipments,industry-iip-annual-20260914
2023,iip_shipments_1101204000,非鉄金属鋳物・出荷,113.3,index_2020_100,calendar_year,Japan,1101204000,非鉄金属鋳物,shipments,industry-iip-annual-20260914
2024,iip_shipments_1101204000,非鉄金属鋳物・出荷,106.9,index_2020_100,calendar_year,Japan,1101204000,非鉄金属鋳物,shipments,industry-iip-annual-20260914
2025,iip_shipments_1101204000,非鉄金属鋳物・出荷,106.8,index_2020_100,calendar_year,Japan,1101204000,非鉄金属鋳物,shipments,industry-iip-annual-20260914
2018,iip_shipments_1102000000,金属製品工業・出荷,113.7,index_2020_100,calendar_year,Japan,1102000000,金属製品工業,shipments,industry-iip-annual-20260914
2019,iip_shipments_1102000000,金属製品工業・出荷,111.9,index_2020_100,calendar_year,Japan,1102000000,金属製品工業,shipments,industry-iip-annual-20260914
2020,iip_shipments_1102000000,金属製品工業・出荷,100.0,index_2020_100,calendar_year,Japan,1102000000,金属製品工業,shipments,industry-iip-annual-20260914
2021,iip_shipments_1102000000,金属製品工業・出荷,102.2,index_2020_100,calendar_year,Japan,1102000000,金属製品工業,shipments,industry-iip-annual-20260914
2022,iip_shipments_1102000000,金属製品工業・出荷,100.7,index_2020_100,calendar_year,Japan,1102000000,金属製品工業,shipments,industry-iip-annual-20260914
2023,iip_shipments_1102000000,金属製品工業・出荷,97.0,index_2020_100,calendar_year,Japan,1102000000,金属製品工業,shipments,industry-iip-annual-20260914
2024,iip_shipments_1102000000,金属製品工業・出荷,93.4,index_2020_100,calendar_year,Japan,1102000000,金属製品工業,shipments,industry-iip-annual-20260914
2025,iip_shipments_1102000000,金属製品工業・出荷,90.4,index_2020_100,calendar_year,Japan,1102000000,金属製品工業,shipments,industry-iip-annual-20260914
2018,iip_shipments_1102001000,建設用金属製品・出荷,108.1,index_2020_100,calendar_year,Japan,1102001000,建設用金属製品,shipments,industry-iip-annual-20260914
2019,iip_shipments_1102001000,建設用金属製品・出荷,110.3,index_2020_100,calendar_year,Japan,1102001000,建設用金属製品,shipments,industry-iip-annual-20260914
2020,iip_shipments_1102001000,建設用金属製品・出荷,100.0,index_2020_100,calendar_year,Japan,1102001000,建設用金属製品,shipments,industry-iip-annual-20260914
2021,iip_shipments_1102001000,建設用金属製品・出荷,94.7,index_2020_100,calendar_year,Japan,1102001000,建設用金属製品,shipments,industry-iip-annual-20260914
2022,iip_shipments_1102001000,建設用金属製品・出荷,92.8,index_2020_100,calendar_year,Japan,1102001000,建設用金属製品,shipments,industry-iip-annual-20260914
2023,iip_shipments_1102001000,建設用金属製品・出荷,97.4,index_2020_100,calendar_year,Japan,1102001000,建設用金属製品,shipments,industry-iip-annual-20260914
2024,iip_shipments_1102001000,建設用金属製品・出荷,93.7,index_2020_100,calendar_year,Japan,1102001000,建設用金属製品,shipments,industry-iip-annual-20260914
2025,iip_shipments_1102001000,建設用金属製品・出荷,79.9,index_2020_100,calendar_year,Japan,1102001000,建設用金属製品,shipments,industry-iip-annual-20260914
2018,iip_shipments_1102002000,建築用金属製品・出荷,113.5,index_2020_100,calendar_year,Japan,1102002000,建築用金属製品,shipments,industry-iip-annual-20260914
2019,iip_shipments_1102002000,建築用金属製品・出荷,113.2,index_2020_100,calendar_year,Japan,1102002000,建築用金属製品,shipments,industry-iip-annual-20260914
2020,iip_shipments_1102002000,建築用金属製品・出荷,100.0,index_2020_100,calendar_year,Japan,1102002000,建築用金属製品,shipments,industry-iip-annual-20260914
2021,iip_shipments_1102002000,建築用金属製品・出荷,99.9,index_2020_100,calendar_year,Japan,1102002000,建築用金属製品,shipments,industry-iip-annual-20260914
2022,iip_shipments_1102002000,建築用金属製品・出荷,98.1,index_2020_100,calendar_year,Japan,1102002000,建築用金属製品,shipments,industry-iip-annual-20260914
2023,iip_shipments_1102002000,建築用金属製品・出荷,92.9,index_2020_100,calendar_year,Japan,1102002000,建築用金属製品,shipments,industry-iip-annual-20260914
2024,iip_shipments_1102002000,建築用金属製品・出荷,86.8,index_2020_100,calendar_year,Japan,1102002000,建築用金属製品,shipments,industry-iip-annual-20260914
2025,iip_shipments_1102002000,建築用金属製品・出荷,83.5,index_2020_100,calendar_year,Japan,1102002000,建築用金属製品,shipments,industry-iip-annual-20260914
2018,iip_shipments_1102003000,暖房・調理等装置・出荷,108.5,index_2020_100,calendar_year,Japan,1102003000,暖房・調理等装置,shipments,industry-iip-annual-20260914
2019,iip_shipments_1102003000,暖房・調理等装置・出荷,102.1,index_2020_100,calendar_year,Japan,1102003000,暖房・調理等装置,shipments,industry-iip-annual-20260914
2020,iip_shipments_1102003000,暖房・調理等装置・出荷,100.0,index_2020_100,calendar_year,Japan,1102003000,暖房・調理等装置,shipments,industry-iip-annual-20260914
2021,iip_shipments_1102003000,暖房・調理等装置・出荷,96.1,index_2020_100,calendar_year,Japan,1102003000,暖房・調理等装置,shipments,industry-iip-annual-20260914
2022,iip_shipments_1102003000,暖房・調理等装置・出荷,107.2,index_2020_100,calendar_year,Japan,1102003000,暖房・調理等装置,shipments,industry-iip-annual-20260914
2023,iip_shipments_1102003000,暖房・調理等装置・出荷,87.5,index_2020_100,calendar_year,Japan,1102003000,暖房・調理等装置,shipments,industry-iip-annual-20260914
2024,iip_shipments_1102003000,暖房・調理等装置・出荷,85.5,index_2020_100,calendar_year,Japan,1102003000,暖房・調理等装置,shipments,industry-iip-annual-20260914
2025,iip_shipments_1102003000,暖房・調理等装置・出荷,85.6,index_2020_100,calendar_year,Japan,1102003000,暖房・調理等装置,shipments,industry-iip-annual-20260914
2018,iip_shipments_1102004000,粉末冶金製品・出荷,126.9,index_2020_100,calendar_year,Japan,1102004000,粉末冶金製品,shipments,industry-iip-annual-20260914
2019,iip_shipments_1102004000,粉末冶金製品・出荷,120.6,index_2020_100,calendar_year,Japan,1102004000,粉末冶金製品,shipments,industry-iip-annual-20260914
2020,iip_shipments_1102004000,粉末冶金製品・出荷,100.0,index_2020_100,calendar_year,Japan,1102004000,粉末冶金製品,shipments,industry-iip-annual-20260914
2021,iip_shipments_1102004000,粉末冶金製品・出荷,116.7,index_2020_100,calendar_year,Japan,1102004000,粉末冶金製品,shipments,industry-iip-annual-20260914
2022,iip_shipments_1102004000,粉末冶金製品・出荷,108.5,index_2020_100,calendar_year,Japan,1102004000,粉末冶金製品,shipments,industry-iip-annual-20260914
2023,iip_shipments_1102004000,粉末冶金製品・出荷,97.8,index_2020_100,calendar_year,Japan,1102004000,粉末冶金製品,shipments,industry-iip-annual-20260914
2024,iip_shipments_1102004000,粉末冶金製品・出荷,96.5,index_2020_100,calendar_year,Japan,1102004000,粉末冶金製品,shipments,industry-iip-annual-20260914
2025,iip_shipments_1102004000,粉末冶金製品・出荷,96.5,index_2020_100,calendar_year,Japan,1102004000,粉末冶金製品,shipments,industry-iip-annual-20260914
2018,iip_shipments_1102005000,金属線製品・出荷,120.2,index_2020_100,calendar_year,Japan,1102005000,金属線製品,shipments,industry-iip-annual-20260914
2019,iip_shipments_1102005000,金属線製品・出荷,120.5,index_2020_100,calendar_year,Japan,1102005000,金属線製品,shipments,industry-iip-annual-20260914
2020,iip_shipments_1102005000,金属線製品・出荷,100.0,index_2020_100,calendar_year,Japan,1102005000,金属線製品,shipments,industry-iip-annual-20260914
2021,iip_shipments_1102005000,金属線製品・出荷,109.8,index_2020_100,calendar_year,Japan,1102005000,金属線製品,shipments,industry-iip-annual-20260914
2022,iip_shipments_1102005000,金属線製品・出荷,103.1,index_2020_100,calendar_year,Japan,1102005000,金属線製品,shipments,industry-iip-annual-20260914
2023,iip_shipments_1102005000,金属線製品・出荷,96.8,index_2020_100,calendar_year,Japan,1102005000,金属線製品,shipments,industry-iip-annual-20260914
2024,iip_shipments_1102005000,金属線製品・出荷,88.9,index_2020_100,calendar_year,Japan,1102005000,金属線製品,shipments,industry-iip-annual-20260914
2025,iip_shipments_1102005000,金属線製品・出荷,86.4,index_2020_100,calendar_year,Japan,1102005000,金属線製品,shipments,industry-iip-annual-20260914
2018,iip_shipments_1102006000,缶類・出荷,108.9,index_2020_100,calendar_year,Japan,1102006000,缶類,shipments,industry-iip-annual-20260914
2019,iip_shipments_1102006000,缶類・出荷,107.8,index_2020_100,calendar_year,Japan,1102006000,缶類,shipments,industry-iip-annual-20260914
2020,iip_shipments_1102006000,缶類・出荷,100.0,index_2020_100,calendar_year,Japan,1102006000,缶類,shipments,industry-iip-annual-20260914
2021,iip_shipments_1102006000,缶類・出荷,101.9,index_2020_100,calendar_year,Japan,1102006000,缶類,shipments,industry-iip-annual-20260914
2022,iip_shipments_1102006000,缶類・出荷,98.4,index_2020_100,calendar_year,Japan,1102006000,缶類,shipments,industry-iip-annual-20260914
2023,iip_shipments_1102006000,缶類・出荷,93.7,index_2020_100,calendar_year,Japan,1102006000,缶類,shipments,industry-iip-annual-20260914
2024,iip_shipments_1102006000,缶類・出荷,91.8,index_2020_100,calendar_year,Japan,1102006000,缶類,shipments,industry-iip-annual-20260914
2025,iip_shipments_1102006000,缶類・出荷,89.4,index_2020_100,calendar_year,Japan,1102006000,缶類,shipments,industry-iip-annual-20260914
2018,iip_shipments_1102007000,その他の金属製品・出荷,119.5,index_2020_100,calendar_year,Japan,1102007000,その他の金属製品,shipments,industry-iip-annual-20260914
2019,iip_shipments_1102007000,その他の金属製品・出荷,117.4,index_2020_100,calendar_year,Japan,1102007000,その他の金属製品,shipments,industry-iip-annual-20260914
2020,iip_shipments_1102007000,その他の金属製品・出荷,100.0,index_2020_100,calendar_year,Japan,1102007000,その他の金属製品,shipments,industry-iip-annual-20260914
2021,iip_shipments_1102007000,その他の金属製品・出荷,105.2,index_2020_100,calendar_year,Japan,1102007000,その他の金属製品,shipments,industry-iip-annual-20260914
2022,iip_shipments_1102007000,その他の金属製品・出荷,103.5,index_2020_100,calendar_year,Japan,1102007000,その他の金属製品,shipments,industry-iip-annual-20260914
2023,iip_shipments_1102007000,その他の金属製品・出荷,112.2,index_2020_100,calendar_year,Japan,1102007000,その他の金属製品,shipments,industry-iip-annual-20260914
2024,iip_shipments_1102007000,その他の金属製品・出荷,107.9,index_2020_100,calendar_year,Japan,1102007000,その他の金属製品,shipments,industry-iip-annual-20260914
2025,iip_shipments_1102007000,その他の金属製品・出荷,108.6,index_2020_100,calendar_year,Japan,1102007000,その他の金属製品,shipments,industry-iip-annual-20260914
2018,iip_shipments_1103000000,生産用機械工業・出荷,122.5,index_2020_100,calendar_year,Japan,1103000000,生産用機械工業,shipments,industry-iip-annual-20260914
2019,iip_shipments_1103000000,生産用機械工業・出荷,111.7,index_2020_100,calendar_year,Japan,1103000000,生産用機械工業,shipments,industry-iip-annual-20260914
2020,iip_shipments_1103000000,生産用機械工業・出荷,100.0,index_2020_100,calendar_year,Japan,1103000000,生産用機械工業,shipments,industry-iip-annual-20260914
2021,iip_shipments_1103000000,生産用機械工業・出荷,120.9,index_2020_100,calendar_year,Japan,1103000000,生産用機械工業,shipments,industry-iip-annual-20260914
2022,iip_shipments_1103000000,生産用機械工業・出荷,133.4,index_2020_100,calendar_year,Japan,1103000000,生産用機械工業,shipments,industry-iip-annual-20260914
2023,iip_shipments_1103000000,生産用機械工業・出荷,120.9,index_2020_100,calendar_year,Japan,1103000000,生産用機械工業,shipments,industry-iip-annual-20260914
2024,iip_shipments_1103000000,生産用機械工業・出荷,118.7,index_2020_100,calendar_year,Japan,1103000000,生産用機械工業,shipments,industry-iip-annual-20260914
2025,iip_shipments_1103000000,生産用機械工業・出荷,117.7,index_2020_100,calendar_year,Japan,1103000000,生産用機械工業,shipments,industry-iip-annual-20260914
2018,iip_shipments_1103001000,農業用機械・出荷,114.7,index_2020_100,calendar_year,Japan,1103001000,農業用機械,shipments,industry-iip-annual-20260914
2019,iip_shipments_1103001000,農業用機械・出荷,114.7,index_2020_100,calendar_year,Japan,1103001000,農業用機械,shipments,industry-iip-annual-20260914
2020,iip_shipments_1103001000,農業用機械・出荷,100.0,index_2020_100,calendar_year,Japan,1103001000,農業用機械,shipments,industry-iip-annual-20260914
2021,iip_shipments_1103001000,農業用機械・出荷,117.1,index_2020_100,calendar_year,Japan,1103001000,農業用機械,shipments,industry-iip-annual-20260914
2022,iip_shipments_1103001000,農業用機械・出荷,114.9,index_2020_100,calendar_year,Japan,1103001000,農業用機械,shipments,industry-iip-annual-20260914
2023,iip_shipments_1103001000,農業用機械・出荷,90.5,index_2020_100,calendar_year,Japan,1103001000,農業用機械,shipments,industry-iip-annual-20260914
2024,iip_shipments_1103001000,農業用機械・出荷,75.1,index_2020_100,calendar_year,Japan,1103001000,農業用機械,shipments,industry-iip-annual-20260914
2025,iip_shipments_1103001000,農業用機械・出荷,73.9,index_2020_100,calendar_year,Japan,1103001000,農業用機械,shipments,industry-iip-annual-20260914
2018,iip_shipments_1103002000,建設・鉱山機械・出荷,107.9,index_2020_100,calendar_year,Japan,1103002000,建設・鉱山機械,shipments,industry-iip-annual-20260914
2019,iip_shipments_1103002000,建設・鉱山機械・出荷,110.2,index_2020_100,calendar_year,Japan,1103002000,建設・鉱山機械,shipments,industry-iip-annual-20260914
2020,iip_shipments_1103002000,建設・鉱山機械・出荷,100.0,index_2020_100,calendar_year,Japan,1103002000,建設・鉱山機械,shipments,industry-iip-annual-20260914
2021,iip_shipments_1103002000,建設・鉱山機械・出荷,119.1,index_2020_100,calendar_year,Japan,1103002000,建設・鉱山機械,shipments,industry-iip-annual-20260914
2022,iip_shipments_1103002000,建設・鉱山機械・出荷,127.2,index_2020_100,calendar_year,Japan,1103002000,建設・鉱山機械,shipments,industry-iip-annual-20260914
2023,iip_shipments_1103002000,建設・鉱山機械・出荷,131.3,index_2020_100,calendar_year,Japan,1103002000,建設・鉱山機械,shipments,industry-iip-annual-20260914
2024,iip_shipments_1103002000,建設・鉱山機械・出荷,111.2,index_2020_100,calendar_year,Japan,1103002000,建設・鉱山機械,shipments,industry-iip-annual-20260914
2025,iip_shipments_1103002000,建設・鉱山機械・出荷,103.4,index_2020_100,calendar_year,Japan,1103002000,建設・鉱山機械,shipments,industry-iip-annual-20260914
2018,iip_shipments_1103003000,生活関連産業用機械・出荷,132.9,index_2020_100,calendar_year,Japan,1103003000,生活関連産業用機械,shipments,industry-iip-annual-20260914
2019,iip_shipments_1103003000,生活関連産業用機械・出荷,120.0,index_2020_100,calendar_year,Japan,1103003000,生活関連産業用機械,shipments,industry-iip-annual-20260914
2020,iip_shipments_1103003000,生活関連産業用機械・出荷,100.0,index_2020_100,calendar_year,Japan,1103003000,生活関連産業用機械,shipments,industry-iip-annual-20260914
2021,iip_shipments_1103003000,生活関連産業用機械・出荷,98.6,index_2020_100,calendar_year,Japan,1103003000,生活関連産業用機械,shipments,industry-iip-annual-20260914
2022,iip_shipments_1103003000,生活関連産業用機械・出荷,94.8,index_2020_100,calendar_year,Japan,1103003000,生活関連産業用機械,shipments,industry-iip-annual-20260914
2023,iip_shipments_1103003000,生活関連産業用機械・出荷,100.2,index_2020_100,calendar_year,Japan,1103003000,生活関連産業用機械,shipments,industry-iip-annual-20260914
2024,iip_shipments_1103003000,生活関連産業用機械・出荷,96.6,index_2020_100,calendar_year,Japan,1103003000,生活関連産業用機械,shipments,industry-iip-annual-20260914
2025,iip_shipments_1103003000,生活関連産業用機械・出荷,95.1,index_2020_100,calendar_year,Japan,1103003000,生活関連産業用機械,shipments,industry-iip-annual-20260914
2018,iip_shipments_1103004000,基礎素材産業用機械・出荷,125.5,index_2020_100,calendar_year,Japan,1103004000,基礎素材産業用機械,shipments,industry-iip-annual-20260914
2019,iip_shipments_1103004000,基礎素材産業用機械・出荷,125.5,index_2020_100,calendar_year,Japan,1103004000,基礎素材産業用機械,shipments,industry-iip-annual-20260914
2020,iip_shipments_1103004000,基礎素材産業用機械・出荷,100.0,index_2020_100,calendar_year,Japan,1103004000,基礎素材産業用機械,shipments,industry-iip-annual-20260914
2021,iip_shipments_1103004000,基礎素材産業用機械・出荷,111.7,index_2020_100,calendar_year,Japan,1103004000,基礎素材産業用機械,shipments,industry-iip-annual-20260914
2022,iip_shipments_1103004000,基礎素材産業用機械・出荷,115.6,index_2020_100,calendar_year,Japan,1103004000,基礎素材産業用機械,shipments,industry-iip-annual-20260914
2023,iip_shipments_1103004000,基礎素材産業用機械・出荷,105.3,index_2020_100,calendar_year,Japan,1103004000,基礎素材産業用機械,shipments,industry-iip-annual-20260914
2024,iip_shipments_1103004000,基礎素材産業用機械・出荷,103.9,index_2020_100,calendar_year,Japan,1103004000,基礎素材産業用機械,shipments,industry-iip-annual-20260914
2025,iip_shipments_1103004000,基礎素材産業用機械・出荷,98.2,index_2020_100,calendar_year,Japan,1103004000,基礎素材産業用機械,shipments,industry-iip-annual-20260914
2018,iip_shipments_1103005000,金属加工機械・出荷,177.5,index_2020_100,calendar_year,Japan,1103005000,金属加工機械,shipments,industry-iip-annual-20260914
2019,iip_shipments_1103005000,金属加工機械・出荷,151.8,index_2020_100,calendar_year,Japan,1103005000,金属加工機械,shipments,industry-iip-annual-20260914
2020,iip_shipments_1103005000,金属加工機械・出荷,100.0,index_2020_100,calendar_year,Japan,1103005000,金属加工機械,shipments,industry-iip-annual-20260914
2021,iip_shipments_1103005000,金属加工機械・出荷,115.3,index_2020_100,calendar_year,Japan,1103005000,金属加工機械,shipments,industry-iip-annual-20260914
2022,iip_shipments_1103005000,金属加工機械・出荷,138.1,index_2020_100,calendar_year,Japan,1103005000,金属加工機械,shipments,industry-iip-annual-20260914
2023,iip_shipments_1103005000,金属加工機械・出荷,136.7,index_2020_100,calendar_year,Japan,1103005000,金属加工機械,shipments,industry-iip-annual-20260914
2024,iip_shipments_1103005000,金属加工機械・出荷,113.1,index_2020_100,calendar_year,Japan,1103005000,金属加工機械,shipments,industry-iip-annual-20260914
2025,iip_shipments_1103005000,金属加工機械・出荷,114.6,index_2020_100,calendar_year,Japan,1103005000,金属加工機械,shipments,industry-iip-annual-20260914
2018,iip_shipments_1103006000,半導体・フラットパネルディスプレイ製造装置・出荷,112.4,index_2020_100,calendar_year,Japan,1103006000,半導体・フラットパネルディスプレイ製造装置,shipments,industry-iip-annual-20260914
2019,iip_shipments_1103006000,半導体・フラットパネルディスプレイ製造装置・出荷,97.5,index_2020_100,calendar_year,Japan,1103006000,半導体・フラットパネルディスプレイ製造装置,shipments,industry-iip-annual-20260914
2020,iip_shipments_1103006000,半導体・フラットパネルディスプレイ製造装置・出荷,100.0,index_2020_100,calendar_year,Japan,1103006000,半導体・フラットパネルディスプレイ製造装置,shipments,industry-iip-annual-20260914
2021,iip_shipments_1103006000,半導体・フラットパネルディスプレイ製造装置・出荷,130.7,index_2020_100,calendar_year,Japan,1103006000,半導体・フラットパネルディスプレイ製造装置,shipments,industry-iip-annual-20260914
2022,iip_shipments_1103006000,半導体・フラットパネルディスプレイ製造装置・出荷,152.7,index_2020_100,calendar_year,Japan,1103006000,半導体・フラットパネルディスプレイ製造装置,shipments,industry-iip-annual-20260914
2023,iip_shipments_1103006000,半導体・フラットパネルディスプレイ製造装置・出荷,128.2,index_2020_100,calendar_year,Japan,1103006000,半導体・フラットパネルディスプレイ製造装置,shipments,industry-iip-annual-20260914
2024,iip_shipments_1103006000,半導体・フラットパネルディスプレイ製造装置・出荷,153.7,index_2020_100,calendar_year,Japan,1103006000,半導体・フラットパネルディスプレイ製造装置,shipments,industry-iip-annual-20260914
2025,iip_shipments_1103006000,半導体・フラットパネルディスプレイ製造装置・出荷,150.0,index_2020_100,calendar_year,Japan,1103006000,半導体・フラットパネルディスプレイ製造装置,shipments,industry-iip-annual-20260914
2018,iip_shipments_1103007000,機械工具・出荷,111.4,index_2020_100,calendar_year,Japan,1103007000,機械工具,shipments,industry-iip-annual-20260914
2019,iip_shipments_1103007000,機械工具・出荷,104.6,index_2020_100,calendar_year,Japan,1103007000,機械工具,shipments,industry-iip-annual-20260914
2020,iip_shipments_1103007000,機械工具・出荷,100.0,index_2020_100,calendar_year,Japan,1103007000,機械工具,shipments,industry-iip-annual-20260914
2021,iip_shipments_1103007000,機械工具・出荷,118.5,index_2020_100,calendar_year,Japan,1103007000,機械工具,shipments,industry-iip-annual-20260914
2022,iip_shipments_1103007000,機械工具・出荷,109.7,index_2020_100,calendar_year,Japan,1103007000,機械工具,shipments,industry-iip-annual-20260914
2023,iip_shipments_1103007000,機械工具・出荷,92.9,index_2020_100,calendar_year,Japan,1103007000,機械工具,shipments,industry-iip-annual-20260914
2024,iip_shipments_1103007000,機械工具・出荷,105.5,index_2020_100,calendar_year,Japan,1103007000,機械工具,shipments,industry-iip-annual-20260914
2025,iip_shipments_1103007000,機械工具・出荷,107.4,index_2020_100,calendar_year,Japan,1103007000,機械工具,shipments,industry-iip-annual-20260914
2018,iip_shipments_1103008000,その他の生産用機械・出荷,123.3,index_2020_100,calendar_year,Japan,1103008000,その他の生産用機械,shipments,industry-iip-annual-20260914
2019,iip_shipments_1103008000,その他の生産用機械・出荷,106.3,index_2020_100,calendar_year,Japan,1103008000,その他の生産用機械,shipments,industry-iip-annual-20260914
2020,iip_shipments_1103008000,その他の生産用機械・出荷,100.0,index_2020_100,calendar_year,Japan,1103008000,その他の生産用機械,shipments,industry-iip-annual-20260914
2021,iip_shipments_1103008000,その他の生産用機械・出荷,121.8,index_2020_100,calendar_year,Japan,1103008000,その他の生産用機械,shipments,industry-iip-annual-20260914
2022,iip_shipments_1103008000,その他の生産用機械・出荷,135.3,index_2020_100,calendar_year,Japan,1103008000,その他の生産用機械,shipments,industry-iip-annual-20260914
2023,iip_shipments_1103008000,その他の生産用機械・出荷,116.4,index_2020_100,calendar_year,Japan,1103008000,その他の生産用機械,shipments,industry-iip-annual-20260914
2024,iip_shipments_1103008000,その他の生産用機械・出荷,96.7,index_2020_100,calendar_year,Japan,1103008000,その他の生産用機械,shipments,industry-iip-annual-20260914
2025,iip_shipments_1103008000,その他の生産用機械・出荷,108.4,index_2020_100,calendar_year,Japan,1103008000,その他の生産用機械,shipments,industry-iip-annual-20260914
2018,iip_shipments_1104000000,汎用・業務用機械工業・出荷,123.3,index_2020_100,calendar_year,Japan,1104000000,汎用・業務用機械工業,shipments,industry-iip-annual-20260914
2019,iip_shipments_1104000000,汎用・業務用機械工業・出荷,114.8,index_2020_100,calendar_year,Japan,1104000000,汎用・業務用機械工業,shipments,industry-iip-annual-20260914
2020,iip_shipments_1104000000,汎用・業務用機械工業・出荷,100.0,index_2020_100,calendar_year,Japan,1104000000,汎用・業務用機械工業,shipments,industry-iip-annual-20260914
2021,iip_shipments_1104000000,汎用・業務用機械工業・出荷,110.5,index_2020_100,calendar_year,Japan,1104000000,汎用・業務用機械工業,shipments,industry-iip-annual-20260914
2022,iip_shipments_1104000000,汎用・業務用機械工業・出荷,114.2,index_2020_100,calendar_year,Japan,1104000000,汎用・業務用機械工業,shipments,industry-iip-annual-20260914
2023,iip_shipments_1104000000,汎用・業務用機械工業・出荷,110.4,index_2020_100,calendar_year,Japan,1104000000,汎用・業務用機械工業,shipments,industry-iip-annual-20260914
2024,iip_shipments_1104000000,汎用・業務用機械工業・出荷,104.5,index_2020_100,calendar_year,Japan,1104000000,汎用・業務用機械工業,shipments,industry-iip-annual-20260914
2025,iip_shipments_1104000000,汎用・業務用機械工業・出荷,105.2,index_2020_100,calendar_year,Japan,1104000000,汎用・業務用機械工業,shipments,industry-iip-annual-20260914
2018,iip_shipments_1104100000,汎用機械工業・出荷,122.7,index_2020_100,calendar_year,Japan,1104100000,汎用機械工業,shipments,industry-iip-annual-20260914
2019,iip_shipments_1104100000,汎用機械工業・出荷,113.7,index_2020_100,calendar_year,Japan,1104100000,汎用機械工業,shipments,industry-iip-annual-20260914
2020,iip_shipments_1104100000,汎用機械工業・出荷,100.0,index_2020_100,calendar_year,Japan,1104100000,汎用機械工業,shipments,industry-iip-annual-20260914
2021,iip_shipments_1104100000,汎用機械工業・出荷,112.5,index_2020_100,calendar_year,Japan,1104100000,汎用機械工業,shipments,industry-iip-annual-20260914
2022,iip_shipments_1104100000,汎用機械工業・出荷,115.9,index_2020_100,calendar_year,Japan,1104100000,汎用機械工業,shipments,industry-iip-annual-20260914
2023,iip_shipments_1104100000,汎用機械工業・出荷,110.9,index_2020_100,calendar_year,Japan,1104100000,汎用機械工業,shipments,industry-iip-annual-20260914
2024,iip_shipments_1104100000,汎用機械工業・出荷,102.6,index_2020_100,calendar_year,Japan,1104100000,汎用機械工業,shipments,industry-iip-annual-20260914
2025,iip_shipments_1104100000,汎用機械工業・出荷,102.8,index_2020_100,calendar_year,Japan,1104100000,汎用機械工業,shipments,industry-iip-annual-20260914
2018,iip_shipments_1104101000,ボイラ・原動機・出荷,147.2,index_2020_100,calendar_year,Japan,1104101000,ボイラ・原動機,shipments,industry-iip-annual-20260914
2019,iip_shipments_1104101000,ボイラ・原動機・出荷,120.3,index_2020_100,calendar_year,Japan,1104101000,ボイラ・原動機,shipments,industry-iip-annual-20260914
2020,iip_shipments_1104101000,ボイラ・原動機・出荷,100.0,index_2020_100,calendar_year,Japan,1104101000,ボイラ・原動機,shipments,industry-iip-annual-20260914
2021,iip_shipments_1104101000,ボイラ・原動機・出荷,106.8,index_2020_100,calendar_year,Japan,1104101000,ボイラ・原動機,shipments,industry-iip-annual-20260914
2022,iip_shipments_1104101000,ボイラ・原動機・出荷,113.7,index_2020_100,calendar_year,Japan,1104101000,ボイラ・原動機,shipments,industry-iip-annual-20260914
2023,iip_shipments_1104101000,ボイラ・原動機・出荷,112.0,index_2020_100,calendar_year,Japan,1104101000,ボイラ・原動機,shipments,industry-iip-annual-20260914
2024,iip_shipments_1104101000,ボイラ・原動機・出荷,96.2,index_2020_100,calendar_year,Japan,1104101000,ボイラ・原動機,shipments,industry-iip-annual-20260914
2025,iip_shipments_1104101000,ボイラ・原動機・出荷,94.4,index_2020_100,calendar_year,Japan,1104101000,ボイラ・原動機,shipments,industry-iip-annual-20260914
2018,iip_shipments_1104102000,ポンプ・圧縮機器・出荷,115.3,index_2020_100,calendar_year,Japan,1104102000,ポンプ・圧縮機器,shipments,industry-iip-annual-20260914
2019,iip_shipments_1104102000,ポンプ・圧縮機器・出荷,107.2,index_2020_100,calendar_year,Japan,1104102000,ポンプ・圧縮機器,shipments,industry-iip-annual-20260914
2020,iip_shipments_1104102000,ポンプ・圧縮機器・出荷,100.0,index_2020_100,calendar_year,Japan,1104102000,ポンプ・圧縮機器,shipments,industry-iip-annual-20260914
2021,iip_shipments_1104102000,ポンプ・圧縮機器・出荷,118.4,index_2020_100,calendar_year,Japan,1104102000,ポンプ・圧縮機器,shipments,industry-iip-annual-20260914
2022,iip_shipments_1104102000,ポンプ・圧縮機器・出荷,122.6,index_2020_100,calendar_year,Japan,1104102000,ポンプ・圧縮機器,shipments,industry-iip-annual-20260914
2023,iip_shipments_1104102000,ポンプ・圧縮機器・出荷,115.5,index_2020_100,calendar_year,Japan,1104102000,ポンプ・圧縮機器,shipments,industry-iip-annual-20260914
2024,iip_shipments_1104102000,ポンプ・圧縮機器・出荷,106.8,index_2020_100,calendar_year,Japan,1104102000,ポンプ・圧縮機器,shipments,industry-iip-annual-20260914
2025,iip_shipments_1104102000,ポンプ・圧縮機器・出荷,109.8,index_2020_100,calendar_year,Japan,1104102000,ポンプ・圧縮機器,shipments,industry-iip-annual-20260914
2018,iip_shipments_1104103000,運搬装置・出荷,111.1,index_2020_100,calendar_year,Japan,1104103000,運搬装置,shipments,industry-iip-annual-20260914
2019,iip_shipments_1104103000,運搬装置・出荷,113.8,index_2020_100,calendar_year,Japan,1104103000,運搬装置,shipments,industry-iip-annual-20260914
2020,iip_shipments_1104103000,運搬装置・出荷,100.0,index_2020_100,calendar_year,Japan,1104103000,運搬装置,shipments,industry-iip-annual-20260914
2021,iip_shipments_1104103000,運搬装置・出荷,98.1,index_2020_100,calendar_year,Japan,1104103000,運搬装置,shipments,industry-iip-annual-20260914
2022,iip_shipments_1104103000,運搬装置・出荷,107.3,index_2020_100,calendar_year,Japan,1104103000,運搬装置,shipments,industry-iip-annual-20260914
2023,iip_shipments_1104103000,運搬装置・出荷,105.0,index_2020_100,calendar_year,Japan,1104103000,運搬装置,shipments,industry-iip-annual-20260914
2024,iip_shipments_1104103000,運搬装置・出荷,96.4,index_2020_100,calendar_year,Japan,1104103000,運搬装置,shipments,industry-iip-annual-20260914
2025,iip_shipments_1104103000,運搬装置・出荷,95.0,index_2020_100,calendar_year,Japan,1104103000,運搬装置,shipments,industry-iip-annual-20260914
2018,iip_shipments_1104104000,冷凍機・温湿調整装置・出荷,115.7,index_2020_100,calendar_year,Japan,1104104000,冷凍機・温湿調整装置,shipments,industry-iip-annual-20260914
2019,iip_shipments_1104104000,冷凍機・温湿調整装置・出荷,115.3,index_2020_100,calendar_year,Japan,1104104000,冷凍機・温湿調整装置,shipments,industry-iip-annual-20260914
2020,iip_shipments_1104104000,冷凍機・温湿調整装置・出荷,100.0,index_2020_100,calendar_year,Japan,1104104000,冷凍機・温湿調整装置,shipments,industry-iip-annual-20260914
2021,iip_shipments_1104104000,冷凍機・温湿調整装置・出荷,112.4,index_2020_100,calendar_year,Japan,1104104000,冷凍機・温湿調整装置,shipments,industry-iip-annual-20260914
2022,iip_shipments_1104104000,冷凍機・温湿調整装置・出荷,114.0,index_2020_100,calendar_year,Japan,1104104000,冷凍機・温湿調整装置,shipments,industry-iip-annual-20260914
2023,iip_shipments_1104104000,冷凍機・温湿調整装置・出荷,111.7,index_2020_100,calendar_year,Japan,1104104000,冷凍機・温湿調整装置,shipments,industry-iip-annual-20260914
2024,iip_shipments_1104104000,冷凍機・温湿調整装置・出荷,114.1,index_2020_100,calendar_year,Japan,1104104000,冷凍機・温湿調整装置,shipments,industry-iip-annual-20260914
2025,iip_shipments_1104104000,冷凍機・温湿調整装置・出荷,108.6,index_2020_100,calendar_year,Japan,1104104000,冷凍機・温湿調整装置,shipments,industry-iip-annual-20260914
2018,iip_shipments_1104105000,汎用機械器具部品・出荷,122.5,index_2020_100,calendar_year,Japan,1104105000,汎用機械器具部品,shipments,industry-iip-annual-20260914
2019,iip_shipments_1104105000,汎用機械器具部品・出荷,115.5,index_2020_100,calendar_year,Japan,1104105000,汎用機械器具部品,shipments,industry-iip-annual-20260914
2020,iip_shipments_1104105000,汎用機械器具部品・出荷,100.0,index_2020_100,calendar_year,Japan,1104105000,汎用機械器具部品,shipments,industry-iip-annual-20260914
2021,iip_shipments_1104105000,汎用機械器具部品・出荷,117.1,index_2020_100,calendar_year,Japan,1104105000,汎用機械器具部品,shipments,industry-iip-annual-20260914
2022,iip_shipments_1104105000,汎用機械器具部品・出荷,115.5,index_2020_100,calendar_year,Japan,1104105000,汎用機械器具部品,shipments,industry-iip-annual-20260914
2023,iip_shipments_1104105000,汎用機械器具部品・出荷,108.7,index_2020_100,calendar_year,Japan,1104105000,汎用機械器具部品,shipments,industry-iip-annual-20260914
2024,iip_shipments_1104105000,汎用機械器具部品・出荷,102.1,index_2020_100,calendar_year,Japan,1104105000,汎用機械器具部品,shipments,industry-iip-annual-20260914
2025,iip_shipments_1104105000,汎用機械器具部品・出荷,103.4,index_2020_100,calendar_year,Japan,1104105000,汎用機械器具部品,shipments,industry-iip-annual-20260914
2018,iip_shipments_1104200000,業務用機械工業・出荷,125.7,index_2020_100,calendar_year,Japan,1104200000,業務用機械工業,shipments,industry-iip-annual-20260914
2019,iip_shipments_1104200000,業務用機械工業・出荷,118.5,index_2020_100,calendar_year,Japan,1104200000,業務用機械工業,shipments,industry-iip-annual-20260914
2020,iip_shipments_1104200000,業務用機械工業・出荷,100.0,index_2020_100,calendar_year,Japan,1104200000,業務用機械工業,shipments,industry-iip-annual-20260914
2021,iip_shipments_1104200000,業務用機械工業・出荷,103.4,index_2020_100,calendar_year,Japan,1104200000,業務用機械工業,shipments,industry-iip-annual-20260914
2022,iip_shipments_1104200000,業務用機械工業・出荷,108.2,index_2020_100,calendar_year,Japan,1104200000,業務用機械工業,shipments,industry-iip-annual-20260914
2023,iip_shipments_1104200000,業務用機械工業・出荷,108.4,index_2020_100,calendar_year,Japan,1104200000,業務用機械工業,shipments,industry-iip-annual-20260914
2024,iip_shipments_1104200000,業務用機械工業・出荷,111.3,index_2020_100,calendar_year,Japan,1104200000,業務用機械工業,shipments,industry-iip-annual-20260914
2025,iip_shipments_1104200000,業務用機械工業・出荷,113.5,index_2020_100,calendar_year,Japan,1104200000,業務用機械工業,shipments,industry-iip-annual-20260914
2018,iip_shipments_1104201000,事務用機器・出荷,96.9,index_2020_100,calendar_year,Japan,1104201000,事務用機器,shipments,industry-iip-annual-20260914
2019,iip_shipments_1104201000,事務用機器・出荷,103.2,index_2020_100,calendar_year,Japan,1104201000,事務用機器,shipments,industry-iip-annual-20260914
2020,iip_shipments_1104201000,事務用機器・出荷,100.0,index_2020_100,calendar_year,Japan,1104201000,事務用機器,shipments,industry-iip-annual-20260914
2021,iip_shipments_1104201000,事務用機器・出荷,96.5,index_2020_100,calendar_year,Japan,1104201000,事務用機器,shipments,industry-iip-annual-20260914
2022,iip_shipments_1104201000,事務用機器・出荷,111.9,index_2020_100,calendar_year,Japan,1104201000,事務用機器,shipments,industry-iip-annual-20260914
2023,iip_shipments_1104201000,事務用機器・出荷,103.2,index_2020_100,calendar_year,Japan,1104201000,事務用機器,shipments,industry-iip-annual-20260914
2024,iip_shipments_1104201000,事務用機器・出荷,111.4,index_2020_100,calendar_year,Japan,1104201000,事務用機器,shipments,industry-iip-annual-20260914
2025,iip_shipments_1104201000,事務用機器・出荷,122.4,index_2020_100,calendar_year,Japan,1104201000,事務用機器,shipments,industry-iip-annual-20260914
2018,iip_shipments_1104202000,サービス用機器・出荷,127.3,index_2020_100,calendar_year,Japan,1104202000,サービス用機器,shipments,industry-iip-annual-20260914
2019,iip_shipments_1104202000,サービス用機器・出荷,123.8,index_2020_100,calendar_year,Japan,1104202000,サービス用機器,shipments,industry-iip-annual-20260914
2020,iip_shipments_1104202000,サービス用機器・出荷,100.0,index_2020_100,calendar_year,Japan,1104202000,サービス用機器,shipments,industry-iip-annual-20260914
2021,iip_shipments_1104202000,サービス用機器・出荷,91.9,index_2020_100,calendar_year,Japan,1104202000,サービス用機器,shipments,industry-iip-annual-20260914
2022,iip_shipments_1104202000,サービス用機器・出荷,96.0,index_2020_100,calendar_year,Japan,1104202000,サービス用機器,shipments,industry-iip-annual-20260914
2023,iip_shipments_1104202000,サービス用機器・出荷,98.9,index_2020_100,calendar_year,Japan,1104202000,サービス用機器,shipments,industry-iip-annual-20260914
2024,iip_shipments_1104202000,サービス用機器・出荷,89.9,index_2020_100,calendar_year,Japan,1104202000,サービス用機器,shipments,industry-iip-annual-20260914
2025,iip_shipments_1104202000,サービス用機器・出荷,95.8,index_2020_100,calendar_year,Japan,1104202000,サービス用機器,shipments,industry-iip-annual-20260914
2018,iip_shipments_1104203000,計測機器・出荷,117.0,index_2020_100,calendar_year,Japan,1104203000,計測機器,shipments,industry-iip-annual-20260914
2019,iip_shipments_1104203000,計測機器・出荷,115.3,index_2020_100,calendar_year,Japan,1104203000,計測機器,shipments,industry-iip-annual-20260914
2020,iip_shipments_1104203000,計測機器・出荷,100.0,index_2020_100,calendar_year,Japan,1104203000,計測機器,shipments,industry-iip-annual-20260914
2021,iip_shipments_1104203000,計測機器・出荷,112.4,index_2020_100,calendar_year,Japan,1104203000,計測機器,shipments,industry-iip-annual-20260914
2022,iip_shipments_1104203000,計測機器・出荷,112.0,index_2020_100,calendar_year,Japan,1104203000,計測機器,shipments,industry-iip-annual-20260914
2023,iip_shipments_1104203000,計測機器・出荷,100.9,index_2020_100,calendar_year,Japan,1104203000,計測機器,shipments,industry-iip-annual-20260914
2024,iip_shipments_1104203000,計測機器・出荷,102.5,index_2020_100,calendar_year,Japan,1104203000,計測機器,shipments,industry-iip-annual-20260914
2025,iip_shipments_1104203000,計測機器・出荷,100.6,index_2020_100,calendar_year,Japan,1104203000,計測機器,shipments,industry-iip-annual-20260914
2018,iip_shipments_1104204000,分析機器・試験機・出荷,106.5,index_2020_100,calendar_year,Japan,1104204000,分析機器・試験機,shipments,industry-iip-annual-20260914
2019,iip_shipments_1104204000,分析機器・試験機・出荷,112.4,index_2020_100,calendar_year,Japan,1104204000,分析機器・試験機,shipments,industry-iip-annual-20260914
2020,iip_shipments_1104204000,分析機器・試験機・出荷,100.0,index_2020_100,calendar_year,Japan,1104204000,分析機器・試験機,shipments,industry-iip-annual-20260914
2021,iip_shipments_1104204000,分析機器・試験機・出荷,102.4,index_2020_100,calendar_year,Japan,1104204000,分析機器・試験機,shipments,industry-iip-annual-20260914
2022,iip_shipments_1104204000,分析機器・試験機・出荷,114.5,index_2020_100,calendar_year,Japan,1104204000,分析機器・試験機,shipments,industry-iip-annual-20260914
2023,iip_shipments_1104204000,分析機器・試験機・出荷,128.2,index_2020_100,calendar_year,Japan,1104204000,分析機器・試験機,shipments,industry-iip-annual-20260914
2024,iip_shipments_1104204000,分析機器・試験機・出荷,129.1,index_2020_100,calendar_year,Japan,1104204000,分析機器・試験機,shipments,industry-iip-annual-20260914
2025,iip_shipments_1104204000,分析機器・試験機・出荷,129.3,index_2020_100,calendar_year,Japan,1104204000,分析機器・試験機,shipments,industry-iip-annual-20260914
2018,iip_shipments_1104205000,光学機器・レンズ・出荷,166.8,index_2020_100,calendar_year,Japan,1104205000,光学機器・レンズ,shipments,industry-iip-annual-20260914
2019,iip_shipments_1104205000,光学機器・レンズ・出荷,134.0,index_2020_100,calendar_year,Japan,1104205000,光学機器・レンズ,shipments,industry-iip-annual-20260914
2020,iip_shipments_1104205000,光学機器・レンズ・出荷,100.0,index_2020_100,calendar_year,Japan,1104205000,光学機器・レンズ,shipments,industry-iip-annual-20260914
2021,iip_shipments_1104205000,光学機器・レンズ・出荷,105.4,index_2020_100,calendar_year,Japan,1104205000,光学機器・レンズ,shipments,industry-iip-annual-20260914
2022,iip_shipments_1104205000,光学機器・レンズ・出荷,100.0,index_2020_100,calendar_year,Japan,1104205000,光学機器・レンズ,shipments,industry-iip-annual-20260914
2023,iip_shipments_1104205000,光学機器・レンズ・出荷,97.5,index_2020_100,calendar_year,Japan,1104205000,光学機器・レンズ,shipments,industry-iip-annual-20260914
2024,iip_shipments_1104205000,光学機器・レンズ・出荷,103.3,index_2020_100,calendar_year,Japan,1104205000,光学機器・レンズ,shipments,industry-iip-annual-20260914
2025,iip_shipments_1104205000,光学機器・レンズ・出荷,104.8,index_2020_100,calendar_year,Japan,1104205000,光学機器・レンズ,shipments,industry-iip-annual-20260914
2018,iip_shipments_1105000000,電子部品・デバイス工業・出荷,102.9,index_2020_100,calendar_year,Japan,1105000000,電子部品・デバイス工業,shipments,industry-iip-annual-20260914
2019,iip_shipments_1105000000,電子部品・デバイス工業・出荷,100.5,index_2020_100,calendar_year,Japan,1105000000,電子部品・デバイス工業,shipments,industry-iip-annual-20260914
2020,iip_shipments_1105000000,電子部品・デバイス工業・出荷,100.0,index_2020_100,calendar_year,Japan,1105000000,電子部品・デバイス工業,shipments,industry-iip-annual-20260914
2021,iip_shipments_1105000000,電子部品・デバイス工業・出荷,109.7,index_2020_100,calendar_year,Japan,1105000000,電子部品・デバイス工業,shipments,industry-iip-annual-20260914
2022,iip_shipments_1105000000,電子部品・デバイス工業・出荷,108.6,index_2020_100,calendar_year,Japan,1105000000,電子部品・デバイス工業,shipments,industry-iip-annual-20260914
2023,iip_shipments_1105000000,電子部品・デバイス工業・出荷,99.0,index_2020_100,calendar_year,Japan,1105000000,電子部品・デバイス工業,shipments,industry-iip-annual-20260914
2024,iip_shipments_1105000000,電子部品・デバイス工業・出荷,100.2,index_2020_100,calendar_year,Japan,1105000000,電子部品・デバイス工業,shipments,industry-iip-annual-20260914
2025,iip_shipments_1105000000,電子部品・デバイス工業・出荷,104.1,index_2020_100,calendar_year,Japan,1105000000,電子部品・デバイス工業,shipments,industry-iip-annual-20260914
2018,iip_shipments_1105001000,集積回路（ＩＣ）・出荷,90.9,index_2020_100,calendar_year,Japan,1105001000,集積回路（ＩＣ）,shipments,industry-iip-annual-20260914
2019,iip_shipments_1105001000,集積回路（ＩＣ）・出荷,98.7,index_2020_100,calendar_year,Japan,1105001000,集積回路（ＩＣ）,shipments,industry-iip-annual-20260914
2020,iip_shipments_1105001000,集積回路（ＩＣ）・出荷,100.0,index_2020_100,calendar_year,Japan,1105001000,集積回路（ＩＣ）,shipments,industry-iip-annual-20260914
2021,iip_shipments_1105001000,集積回路（ＩＣ）・出荷,112.9,index_2020_100,calendar_year,Japan,1105001000,集積回路（ＩＣ）,shipments,industry-iip-annual-20260914
2022,iip_shipments_1105001000,集積回路（ＩＣ）・出荷,122.2,index_2020_100,calendar_year,Japan,1105001000,集積回路（ＩＣ）,shipments,industry-iip-annual-20260914
2023,iip_shipments_1105001000,集積回路（ＩＣ）・出荷,123.7,index_2020_100,calendar_year,Japan,1105001000,集積回路（ＩＣ）,shipments,industry-iip-annual-20260914
2024,iip_shipments_1105001000,集積回路（ＩＣ）・出荷,132.0,index_2020_100,calendar_year,Japan,1105001000,集積回路（ＩＣ）,shipments,industry-iip-annual-20260914
2025,iip_shipments_1105001000,集積回路（ＩＣ）・出荷,147.8,index_2020_100,calendar_year,Japan,1105001000,集積回路（ＩＣ）,shipments,industry-iip-annual-20260914
2018,iip_shipments_1105002000,電子デバイス・出荷,125.4,index_2020_100,calendar_year,Japan,1105002000,電子デバイス,shipments,industry-iip-annual-20260914
2019,iip_shipments_1105002000,電子デバイス・出荷,114.0,index_2020_100,calendar_year,Japan,1105002000,電子デバイス,shipments,industry-iip-annual-20260914
2020,iip_shipments_1105002000,電子デバイス・出荷,100.0,index_2020_100,calendar_year,Japan,1105002000,電子デバイス,shipments,industry-iip-annual-20260914
2021,iip_shipments_1105002000,電子デバイス・出荷,99.5,index_2020_100,calendar_year,Japan,1105002000,電子デバイス,shipments,industry-iip-annual-20260914
2022,iip_shipments_1105002000,電子デバイス・出荷,97.3,index_2020_100,calendar_year,Japan,1105002000,電子デバイス,shipments,industry-iip-annual-20260914
2023,iip_shipments_1105002000,電子デバイス・出荷,76.2,index_2020_100,calendar_year,Japan,1105002000,電子デバイス,shipments,industry-iip-annual-20260914
2024,iip_shipments_1105002000,電子デバイス・出荷,69.4,index_2020_100,calendar_year,Japan,1105002000,電子デバイス,shipments,industry-iip-annual-20260914
2025,iip_shipments_1105002000,電子デバイス・出荷,56.2,index_2020_100,calendar_year,Japan,1105002000,電子デバイス,shipments,industry-iip-annual-20260914
2018,iip_shipments_1105003000,電子部品・出荷,97.1,index_2020_100,calendar_year,Japan,1105003000,電子部品,shipments,industry-iip-annual-20260914
2019,iip_shipments_1105003000,電子部品・出荷,90.5,index_2020_100,calendar_year,Japan,1105003000,電子部品,shipments,industry-iip-annual-20260914
2020,iip_shipments_1105003000,電子部品・出荷,100.0,index_2020_100,calendar_year,Japan,1105003000,電子部品,shipments,industry-iip-annual-20260914
2021,iip_shipments_1105003000,電子部品・出荷,110.5,index_2020_100,calendar_year,Japan,1105003000,電子部品,shipments,industry-iip-annual-20260914
2022,iip_shipments_1105003000,電子部品・出荷,87.8,index_2020_100,calendar_year,Japan,1105003000,電子部品,shipments,industry-iip-annual-20260914
2023,iip_shipments_1105003000,電子部品・出荷,77.0,index_2020_100,calendar_year,Japan,1105003000,電子部品,shipments,industry-iip-annual-20260914
2024,iip_shipments_1105003000,電子部品・出荷,78.7,index_2020_100,calendar_year,Japan,1105003000,電子部品,shipments,industry-iip-annual-20260914
2025,iip_shipments_1105003000,電子部品・出荷,80.0,index_2020_100,calendar_year,Japan,1105003000,電子部品,shipments,industry-iip-annual-20260914
2018,iip_shipments_1105004000,電子回路・出荷,104.6,index_2020_100,calendar_year,Japan,1105004000,電子回路,shipments,industry-iip-annual-20260914
2019,iip_shipments_1105004000,電子回路・出荷,98.1,index_2020_100,calendar_year,Japan,1105004000,電子回路,shipments,industry-iip-annual-20260914
2020,iip_shipments_1105004000,電子回路・出荷,100.0,index_2020_100,calendar_year,Japan,1105004000,電子回路,shipments,industry-iip-annual-20260914
2021,iip_shipments_1105004000,電子回路・出荷,117.9,index_2020_100,calendar_year,Japan,1105004000,電子回路,shipments,industry-iip-annual-20260914
2022,iip_shipments_1105004000,電子回路・出荷,117.5,index_2020_100,calendar_year,Japan,1105004000,電子回路,shipments,industry-iip-annual-20260914
2023,iip_shipments_1105004000,電子回路・出荷,104.1,index_2020_100,calendar_year,Japan,1105004000,電子回路,shipments,industry-iip-annual-20260914
2024,iip_shipments_1105004000,電子回路・出荷,100.7,index_2020_100,calendar_year,Japan,1105004000,電子回路,shipments,industry-iip-annual-20260914
2025,iip_shipments_1105004000,電子回路・出荷,105.6,index_2020_100,calendar_year,Japan,1105004000,電子回路,shipments,industry-iip-annual-20260914
2018,iip_shipments_1105005000,その他の電子部品・出荷,103.7,index_2020_100,calendar_year,Japan,1105005000,その他の電子部品,shipments,industry-iip-annual-20260914
2019,iip_shipments_1105005000,その他の電子部品・出荷,97.9,index_2020_100,calendar_year,Japan,1105005000,その他の電子部品,shipments,industry-iip-annual-20260914
2020,iip_shipments_1105005000,その他の電子部品・出荷,100.0,index_2020_100,calendar_year,Japan,1105005000,その他の電子部品,shipments,industry-iip-annual-20260914
2021,iip_shipments_1105005000,その他の電子部品・出荷,111.7,index_2020_100,calendar_year,Japan,1105005000,その他の電子部品,shipments,industry-iip-annual-20260914
2022,iip_shipments_1105005000,その他の電子部品・出荷,121.2,index_2020_100,calendar_year,Japan,1105005000,その他の電子部品,shipments,industry-iip-annual-20260914
2023,iip_shipments_1105005000,その他の電子部品・出荷,104.1,index_2020_100,calendar_year,Japan,1105005000,その他の電子部品,shipments,industry-iip-annual-20260914
2024,iip_shipments_1105005000,その他の電子部品・出荷,101.2,index_2020_100,calendar_year,Japan,1105005000,その他の電子部品,shipments,industry-iip-annual-20260914
2025,iip_shipments_1105005000,その他の電子部品・出荷,107.3,index_2020_100,calendar_year,Japan,1105005000,その他の電子部品,shipments,industry-iip-annual-20260914
2018,iip_shipments_1106000000,電気・情報通信機械工業・出荷,112.4,index_2020_100,calendar_year,Japan,1106000000,電気・情報通信機械工業,shipments,industry-iip-annual-20260914
2019,iip_shipments_1106000000,電気・情報通信機械工業・出荷,110.1,index_2020_100,calendar_year,Japan,1106000000,電気・情報通信機械工業,shipments,industry-iip-annual-20260914
2020,iip_shipments_1106000000,電気・情報通信機械工業・出荷,100.0,index_2020_100,calendar_year,Japan,1106000000,電気・情報通信機械工業,shipments,industry-iip-annual-20260914
2021,iip_shipments_1106000000,電気・情報通信機械工業・出荷,104.3,index_2020_100,calendar_year,Japan,1106000000,電気・情報通信機械工業,shipments,industry-iip-annual-20260914
2022,iip_shipments_1106000000,電気・情報通信機械工業・出荷,101.3,index_2020_100,calendar_year,Japan,1106000000,電気・情報通信機械工業,shipments,industry-iip-annual-20260914
2023,iip_shipments_1106000000,電気・情報通信機械工業・出荷,102.7,index_2020_100,calendar_year,Japan,1106000000,電気・情報通信機械工業,shipments,industry-iip-annual-20260914
2024,iip_shipments_1106000000,電気・情報通信機械工業・出荷,96.2,index_2020_100,calendar_year,Japan,1106000000,電気・情報通信機械工業,shipments,industry-iip-annual-20260914
2025,iip_shipments_1106000000,電気・情報通信機械工業・出荷,97.9,index_2020_100,calendar_year,Japan,1106000000,電気・情報通信機械工業,shipments,industry-iip-annual-20260914
2018,iip_shipments_1106100000,電気機械工業・出荷,113.5,index_2020_100,calendar_year,Japan,1106100000,電気機械工業,shipments,industry-iip-annual-20260914
2019,iip_shipments_1106100000,電気機械工業・出荷,107.7,index_2020_100,calendar_year,Japan,1106100000,電気機械工業,shipments,industry-iip-annual-20260914
2020,iip_shipments_1106100000,電気機械工業・出荷,100.0,index_2020_100,calendar_year,Japan,1106100000,電気機械工業,shipments,industry-iip-annual-20260914
2021,iip_shipments_1106100000,電気機械工業・出荷,107.7,index_2020_100,calendar_year,Japan,1106100000,電気機械工業,shipments,industry-iip-annual-20260914
2022,iip_shipments_1106100000,電気機械工業・出荷,107.5,index_2020_100,calendar_year,Japan,1106100000,電気機械工業,shipments,industry-iip-annual-20260914
2023,iip_shipments_1106100000,電気機械工業・出荷,109.1,index_2020_100,calendar_year,Japan,1106100000,電気機械工業,shipments,industry-iip-annual-20260914
2024,iip_shipments_1106100000,電気機械工業・出荷,101.4,index_2020_100,calendar_year,Japan,1106100000,電気機械工業,shipments,industry-iip-annual-20260914
2025,iip_shipments_1106100000,電気機械工業・出荷,103.2,index_2020_100,calendar_year,Japan,1106100000,電気機械工業,shipments,industry-iip-annual-20260914
2018,iip_shipments_1106101000,回転電気機械・出荷,114.0,index_2020_100,calendar_year,Japan,1106101000,回転電気機械,shipments,industry-iip-annual-20260914
2019,iip_shipments_1106101000,回転電気機械・出荷,107.0,index_2020_100,calendar_year,Japan,1106101000,回転電気機械,shipments,industry-iip-annual-20260914
2020,iip_shipments_1106101000,回転電気機械・出荷,100.0,index_2020_100,calendar_year,Japan,1106101000,回転電気機械,shipments,industry-iip-annual-20260914
2021,iip_shipments_1106101000,回転電気機械・出荷,109.4,index_2020_100,calendar_year,Japan,1106101000,回転電気機械,shipments,industry-iip-annual-20260914
2022,iip_shipments_1106101000,回転電気機械・出荷,115.0,index_2020_100,calendar_year,Japan,1106101000,回転電気機械,shipments,industry-iip-annual-20260914
2023,iip_shipments_1106101000,回転電気機械・出荷,109.4,index_2020_100,calendar_year,Japan,1106101000,回転電気機械,shipments,industry-iip-annual-20260914
2024,iip_shipments_1106101000,回転電気機械・出荷,100.3,index_2020_100,calendar_year,Japan,1106101000,回転電気機械,shipments,industry-iip-annual-20260914
2025,iip_shipments_1106101000,回転電気機械・出荷,100.9,index_2020_100,calendar_year,Japan,1106101000,回転電気機械,shipments,industry-iip-annual-20260914
2018,iip_shipments_1106102000,開閉制御装置・機器・出荷,116.7,index_2020_100,calendar_year,Japan,1106102000,開閉制御装置・機器,shipments,industry-iip-annual-20260914
2019,iip_shipments_1106102000,開閉制御装置・機器・出荷,109.9,index_2020_100,calendar_year,Japan,1106102000,開閉制御装置・機器,shipments,industry-iip-annual-20260914
2020,iip_shipments_1106102000,開閉制御装置・機器・出荷,100.0,index_2020_100,calendar_year,Japan,1106102000,開閉制御装置・機器,shipments,industry-iip-annual-20260914
2021,iip_shipments_1106102000,開閉制御装置・機器・出荷,107.8,index_2020_100,calendar_year,Japan,1106102000,開閉制御装置・機器,shipments,industry-iip-annual-20260914
2022,iip_shipments_1106102000,開閉制御装置・機器・出荷,109.0,index_2020_100,calendar_year,Japan,1106102000,開閉制御装置・機器,shipments,industry-iip-annual-20260914
2023,iip_shipments_1106102000,開閉制御装置・機器・出荷,103.1,index_2020_100,calendar_year,Japan,1106102000,開閉制御装置・機器,shipments,industry-iip-annual-20260914
2024,iip_shipments_1106102000,開閉制御装置・機器・出荷,92.4,index_2020_100,calendar_year,Japan,1106102000,開閉制御装置・機器,shipments,industry-iip-annual-20260914
2025,iip_shipments_1106102000,開閉制御装置・機器・出荷,95.2,index_2020_100,calendar_year,Japan,1106102000,開閉制御装置・機器,shipments,industry-iip-annual-20260914
2018,iip_shipments_1106103000,その他の産業用電気機械・出荷,131.9,index_2020_100,calendar_year,Japan,1106103000,その他の産業用電気機械,shipments,industry-iip-annual-20260914
2019,iip_shipments_1106103000,その他の産業用電気機械・出荷,109.3,index_2020_100,calendar_year,Japan,1106103000,その他の産業用電気機械,shipments,industry-iip-annual-20260914
2020,iip_shipments_1106103000,その他の産業用電気機械・出荷,100.0,index_2020_100,calendar_year,Japan,1106103000,その他の産業用電気機械,shipments,industry-iip-annual-20260914
2021,iip_shipments_1106103000,その他の産業用電気機械・出荷,97.5,index_2020_100,calendar_year,Japan,1106103000,その他の産業用電気機械,shipments,industry-iip-annual-20260914
2022,iip_shipments_1106103000,その他の産業用電気機械・出荷,99.9,index_2020_100,calendar_year,Japan,1106103000,その他の産業用電気機械,shipments,industry-iip-annual-20260914
2023,iip_shipments_1106103000,その他の産業用電気機械・出荷,107.9,index_2020_100,calendar_year,Japan,1106103000,その他の産業用電気機械,shipments,industry-iip-annual-20260914
2024,iip_shipments_1106103000,その他の産業用電気機械・出荷,91.7,index_2020_100,calendar_year,Japan,1106103000,その他の産業用電気機械,shipments,industry-iip-annual-20260914
2025,iip_shipments_1106103000,その他の産業用電気機械・出荷,81.5,index_2020_100,calendar_year,Japan,1106103000,その他の産業用電気機械,shipments,industry-iip-annual-20260914
2018,iip_shipments_1106104000,家事用機器・出荷,102.9,index_2020_100,calendar_year,Japan,1106104000,家事用機器,shipments,industry-iip-annual-20260914
2019,iip_shipments_1106104000,家事用機器・出荷,104.2,index_2020_100,calendar_year,Japan,1106104000,家事用機器,shipments,industry-iip-annual-20260914
2020,iip_shipments_1106104000,家事用機器・出荷,100.0,index_2020_100,calendar_year,Japan,1106104000,家事用機器,shipments,industry-iip-annual-20260914
2021,iip_shipments_1106104000,家事用機器・出荷,97.4,index_2020_100,calendar_year,Japan,1106104000,家事用機器,shipments,industry-iip-annual-20260914
2022,iip_shipments_1106104000,家事用機器・出荷,93.0,index_2020_100,calendar_year,Japan,1106104000,家事用機器,shipments,industry-iip-annual-20260914
2023,iip_shipments_1106104000,家事用機器・出荷,86.4,index_2020_100,calendar_year,Japan,1106104000,家事用機器,shipments,industry-iip-annual-20260914
2024,iip_shipments_1106104000,家事用機器・出荷,81.3,index_2020_100,calendar_year,Japan,1106104000,家事用機器,shipments,industry-iip-annual-20260914
2025,iip_shipments_1106104000,家事用機器・出荷,74.4,index_2020_100,calendar_year,Japan,1106104000,家事用機器,shipments,industry-iip-annual-20260914
2018,iip_shipments_1106105000,空調・住宅関連機器・出荷,102.1,index_2020_100,calendar_year,Japan,1106105000,空調・住宅関連機器,shipments,industry-iip-annual-20260914
2019,iip_shipments_1106105000,空調・住宅関連機器・出荷,101.7,index_2020_100,calendar_year,Japan,1106105000,空調・住宅関連機器,shipments,industry-iip-annual-20260914
2020,iip_shipments_1106105000,空調・住宅関連機器・出荷,100.0,index_2020_100,calendar_year,Japan,1106105000,空調・住宅関連機器,shipments,industry-iip-annual-20260914
2021,iip_shipments_1106105000,空調・住宅関連機器・出荷,94.9,index_2020_100,calendar_year,Japan,1106105000,空調・住宅関連機器,shipments,industry-iip-annual-20260914
2022,iip_shipments_1106105000,空調・住宅関連機器・出荷,97.2,index_2020_100,calendar_year,Japan,1106105000,空調・住宅関連機器,shipments,industry-iip-annual-20260914
2023,iip_shipments_1106105000,空調・住宅関連機器・出荷,96.9,index_2020_100,calendar_year,Japan,1106105000,空調・住宅関連機器,shipments,industry-iip-annual-20260914
2024,iip_shipments_1106105000,空調・住宅関連機器・出荷,102.1,index_2020_100,calendar_year,Japan,1106105000,空調・住宅関連機器,shipments,industry-iip-annual-20260914
2025,iip_shipments_1106105000,空調・住宅関連機器・出荷,103.8,index_2020_100,calendar_year,Japan,1106105000,空調・住宅関連機器,shipments,industry-iip-annual-20260914
2018,iip_shipments_1106106000,配線・電球・照明器具・出荷,119.7,index_2020_100,calendar_year,Japan,1106106000,配線・電球・照明器具,shipments,industry-iip-annual-20260914
2019,iip_shipments_1106106000,配線・電球・照明器具・出荷,115.6,index_2020_100,calendar_year,Japan,1106106000,配線・電球・照明器具,shipments,industry-iip-annual-20260914
2020,iip_shipments_1106106000,配線・電球・照明器具・出荷,100.0,index_2020_100,calendar_year,Japan,1106106000,配線・電球・照明器具,shipments,industry-iip-annual-20260914
2021,iip_shipments_1106106000,配線・電球・照明器具・出荷,103.4,index_2020_100,calendar_year,Japan,1106106000,配線・電球・照明器具,shipments,industry-iip-annual-20260914
2022,iip_shipments_1106106000,配線・電球・照明器具・出荷,100.2,index_2020_100,calendar_year,Japan,1106106000,配線・電球・照明器具,shipments,industry-iip-annual-20260914
2023,iip_shipments_1106106000,配線・電球・照明器具・出荷,104.5,index_2020_100,calendar_year,Japan,1106106000,配線・電球・照明器具,shipments,industry-iip-annual-20260914
2024,iip_shipments_1106106000,配線・電球・照明器具・出荷,100.2,index_2020_100,calendar_year,Japan,1106106000,配線・電球・照明器具,shipments,industry-iip-annual-20260914
2025,iip_shipments_1106106000,配線・電球・照明器具・出荷,101.8,index_2020_100,calendar_year,Japan,1106106000,配線・電球・照明器具,shipments,industry-iip-annual-20260914
2018,iip_shipments_1106107000,電池・出荷,117.7,index_2020_100,calendar_year,Japan,1106107000,電池,shipments,industry-iip-annual-20260914
2019,iip_shipments_1106107000,電池・出荷,105.4,index_2020_100,calendar_year,Japan,1106107000,電池,shipments,industry-iip-annual-20260914
2020,iip_shipments_1106107000,電池・出荷,100.0,index_2020_100,calendar_year,Japan,1106107000,電池,shipments,industry-iip-annual-20260914
2021,iip_shipments_1106107000,電池・出荷,125.1,index_2020_100,calendar_year,Japan,1106107000,電池,shipments,industry-iip-annual-20260914
2022,iip_shipments_1106107000,電池・出荷,120.9,index_2020_100,calendar_year,Japan,1106107000,電池,shipments,industry-iip-annual-20260914
2023,iip_shipments_1106107000,電池・出荷,135.6,index_2020_100,calendar_year,Japan,1106107000,電池,shipments,industry-iip-annual-20260914
2024,iip_shipments_1106107000,電池・出荷,113.4,index_2020_100,calendar_year,Japan,1106107000,電池,shipments,industry-iip-annual-20260914
2025,iip_shipments_1106107000,電池・出荷,125.4,index_2020_100,calendar_year,Japan,1106107000,電池,shipments,industry-iip-annual-20260914
2018,iip_shipments_1106108000,電子応用装置・出荷,100.8,index_2020_100,calendar_year,Japan,1106108000,電子応用装置,shipments,industry-iip-annual-20260914
2019,iip_shipments_1106108000,電子応用装置・出荷,108.1,index_2020_100,calendar_year,Japan,1106108000,電子応用装置,shipments,industry-iip-annual-20260914
2020,iip_shipments_1106108000,電子応用装置・出荷,100.0,index_2020_100,calendar_year,Japan,1106108000,電子応用装置,shipments,industry-iip-annual-20260914
2021,iip_shipments_1106108000,電子応用装置・出荷,117.4,index_2020_100,calendar_year,Japan,1106108000,電子応用装置,shipments,industry-iip-annual-20260914
2022,iip_shipments_1106108000,電子応用装置・出荷,115.4,index_2020_100,calendar_year,Japan,1106108000,電子応用装置,shipments,industry-iip-annual-20260914
2023,iip_shipments_1106108000,電子応用装置・出荷,128.4,index_2020_100,calendar_year,Japan,1106108000,電子応用装置,shipments,industry-iip-annual-20260914
2024,iip_shipments_1106108000,電子応用装置・出荷,130.6,index_2020_100,calendar_year,Japan,1106108000,電子応用装置,shipments,industry-iip-annual-20260914
2025,iip_shipments_1106108000,電子応用装置・出荷,123.4,index_2020_100,calendar_year,Japan,1106108000,電子応用装置,shipments,industry-iip-annual-20260914
2018,iip_shipments_1106109000,電気計測器・出荷,114.7,index_2020_100,calendar_year,Japan,1106109000,電気計測器,shipments,industry-iip-annual-20260914
2019,iip_shipments_1106109000,電気計測器・出荷,107.1,index_2020_100,calendar_year,Japan,1106109000,電気計測器,shipments,industry-iip-annual-20260914
2020,iip_shipments_1106109000,電気計測器・出荷,100.0,index_2020_100,calendar_year,Japan,1106109000,電気計測器,shipments,industry-iip-annual-20260914
2021,iip_shipments_1106109000,電気計測器・出荷,122.1,index_2020_100,calendar_year,Japan,1106109000,電気計測器,shipments,industry-iip-annual-20260914
2022,iip_shipments_1106109000,電気計測器・出荷,125.4,index_2020_100,calendar_year,Japan,1106109000,電気計測器,shipments,industry-iip-annual-20260914
2023,iip_shipments_1106109000,電気計測器・出荷,125.4,index_2020_100,calendar_year,Japan,1106109000,電気計測器,shipments,industry-iip-annual-20260914
2024,iip_shipments_1106109000,電気計測器・出荷,123.9,index_2020_100,calendar_year,Japan,1106109000,電気計測器,shipments,industry-iip-annual-20260914
2025,iip_shipments_1106109000,電気計測器・出荷,126.9,index_2020_100,calendar_year,Japan,1106109000,電気計測器,shipments,industry-iip-annual-20260914
2018,iip_shipments_1106200000,情報通信機械工業・出荷,109.2,index_2020_100,calendar_year,Japan,1106200000,情報通信機械工業,shipments,industry-iip-annual-20260914
2019,iip_shipments_1106200000,情報通信機械工業・出荷,117.3,index_2020_100,calendar_year,Japan,1106200000,情報通信機械工業,shipments,industry-iip-annual-20260914
2020,iip_shipments_1106200000,情報通信機械工業・出荷,100.0,index_2020_100,calendar_year,Japan,1106200000,情報通信機械工業,shipments,industry-iip-annual-20260914
2021,iip_shipments_1106200000,情報通信機械工業・出荷,94.6,index_2020_100,calendar_year,Japan,1106200000,情報通信機械工業,shipments,industry-iip-annual-20260914
2022,iip_shipments_1106200000,情報通信機械工業・出荷,83.1,index_2020_100,calendar_year,Japan,1106200000,情報通信機械工業,shipments,industry-iip-annual-20260914
2023,iip_shipments_1106200000,情報通信機械工業・出荷,83.8,index_2020_100,calendar_year,Japan,1106200000,情報通信機械工業,shipments,industry-iip-annual-20260914
2024,iip_shipments_1106200000,情報通信機械工業・出荷,80.8,index_2020_100,calendar_year,Japan,1106200000,情報通信機械工業,shipments,industry-iip-annual-20260914
2025,iip_shipments_1106200000,情報通信機械工業・出荷,82.7,index_2020_100,calendar_year,Japan,1106200000,情報通信機械工業,shipments,industry-iip-annual-20260914
2018,iip_shipments_1106201000,有線通信機器・出荷,75.0,index_2020_100,calendar_year,Japan,1106201000,有線通信機器,shipments,industry-iip-annual-20260914
2019,iip_shipments_1106201000,有線通信機器・出荷,87.2,index_2020_100,calendar_year,Japan,1106201000,有線通信機器,shipments,industry-iip-annual-20260914
2020,iip_shipments_1106201000,有線通信機器・出荷,100.0,index_2020_100,calendar_year,Japan,1106201000,有線通信機器,shipments,industry-iip-annual-20260914
2021,iip_shipments_1106201000,有線通信機器・出荷,95.5,index_2020_100,calendar_year,Japan,1106201000,有線通信機器,shipments,industry-iip-annual-20260914
2022,iip_shipments_1106201000,有線通信機器・出荷,86.8,index_2020_100,calendar_year,Japan,1106201000,有線通信機器,shipments,industry-iip-annual-20260914
2023,iip_shipments_1106201000,有線通信機器・出荷,97.1,index_2020_100,calendar_year,Japan,1106201000,有線通信機器,shipments,industry-iip-annual-20260914
2024,iip_shipments_1106201000,有線通信機器・出荷,84.1,index_2020_100,calendar_year,Japan,1106201000,有線通信機器,shipments,industry-iip-annual-20260914
2025,iip_shipments_1106201000,有線通信機器・出荷,84.4,index_2020_100,calendar_year,Japan,1106201000,有線通信機器,shipments,industry-iip-annual-20260914
2018,iip_shipments_1106202000,無線通信機器・出荷,113.1,index_2020_100,calendar_year,Japan,1106202000,無線通信機器,shipments,industry-iip-annual-20260914
2019,iip_shipments_1106202000,無線通信機器・出荷,109.5,index_2020_100,calendar_year,Japan,1106202000,無線通信機器,shipments,industry-iip-annual-20260914
2020,iip_shipments_1106202000,無線通信機器・出荷,100.0,index_2020_100,calendar_year,Japan,1106202000,無線通信機器,shipments,industry-iip-annual-20260914
2021,iip_shipments_1106202000,無線通信機器・出荷,98.7,index_2020_100,calendar_year,Japan,1106202000,無線通信機器,shipments,industry-iip-annual-20260914
2022,iip_shipments_1106202000,無線通信機器・出荷,83.4,index_2020_100,calendar_year,Japan,1106202000,無線通信機器,shipments,industry-iip-annual-20260914
2023,iip_shipments_1106202000,無線通信機器・出荷,71.7,index_2020_100,calendar_year,Japan,1106202000,無線通信機器,shipments,industry-iip-annual-20260914
2024,iip_shipments_1106202000,無線通信機器・出荷,61.7,index_2020_100,calendar_year,Japan,1106202000,無線通信機器,shipments,industry-iip-annual-20260914
2025,iip_shipments_1106202000,無線通信機器・出荷,54.4,index_2020_100,calendar_year,Japan,1106202000,無線通信機器,shipments,industry-iip-annual-20260914
2018,iip_shipments_1106203000,民生用電子機械・出荷,134.6,index_2020_100,calendar_year,Japan,1106203000,民生用電子機械,shipments,industry-iip-annual-20260914
2019,iip_shipments_1106203000,民生用電子機械・出荷,122.1,index_2020_100,calendar_year,Japan,1106203000,民生用電子機械,shipments,industry-iip-annual-20260914
2020,iip_shipments_1106203000,民生用電子機械・出荷,100.0,index_2020_100,calendar_year,Japan,1106203000,民生用電子機械,shipments,industry-iip-annual-20260914
2021,iip_shipments_1106203000,民生用電子機械・出荷,95.3,index_2020_100,calendar_year,Japan,1106203000,民生用電子機械,shipments,industry-iip-annual-20260914
2022,iip_shipments_1106203000,民生用電子機械・出荷,84.3,index_2020_100,calendar_year,Japan,1106203000,民生用電子機械,shipments,industry-iip-annual-20260914
2023,iip_shipments_1106203000,民生用電子機械・出荷,87.9,index_2020_100,calendar_year,Japan,1106203000,民生用電子機械,shipments,industry-iip-annual-20260914
2024,iip_shipments_1106203000,民生用電子機械・出荷,81.5,index_2020_100,calendar_year,Japan,1106203000,民生用電子機械,shipments,industry-iip-annual-20260914
2025,iip_shipments_1106203000,民生用電子機械・出荷,81.8,index_2020_100,calendar_year,Japan,1106203000,民生用電子機械,shipments,industry-iip-annual-20260914
2018,iip_shipments_1106204000,電子計算機・出荷,93.6,index_2020_100,calendar_year,Japan,1106204000,電子計算機,shipments,industry-iip-annual-20260914
2019,iip_shipments_1106204000,電子計算機・出荷,122.6,index_2020_100,calendar_year,Japan,1106204000,電子計算機,shipments,industry-iip-annual-20260914
2020,iip_shipments_1106204000,電子計算機・出荷,100.0,index_2020_100,calendar_year,Japan,1106204000,電子計算機,shipments,industry-iip-annual-20260914
2021,iip_shipments_1106204000,電子計算機・出荷,91.0,index_2020_100,calendar_year,Japan,1106204000,電子計算機,shipments,industry-iip-annual-20260914
2022,iip_shipments_1106204000,電子計算機・出荷,73.0,index_2020_100,calendar_year,Japan,1106204000,電子計算機,shipments,industry-iip-annual-20260914
2023,iip_shipments_1106204000,電子計算機・出荷,74.6,index_2020_100,calendar_year,Japan,1106204000,電子計算機,shipments,industry-iip-annual-20260914
2024,iip_shipments_1106204000,電子計算機・出荷,79.0,index_2020_100,calendar_year,Japan,1106204000,電子計算機,shipments,industry-iip-annual-20260914
2025,iip_shipments_1106204000,電子計算機・出荷,94.4,index_2020_100,calendar_year,Japan,1106204000,電子計算機,shipments,industry-iip-annual-20260914
2018,iip_shipments_1106205000,情報端末装置・出荷,123.9,index_2020_100,calendar_year,Japan,1106205000,情報端末装置,shipments,industry-iip-annual-20260914
2019,iip_shipments_1106205000,情報端末装置・出荷,122.2,index_2020_100,calendar_year,Japan,1106205000,情報端末装置,shipments,industry-iip-annual-20260914
2020,iip_shipments_1106205000,情報端末装置・出荷,100.0,index_2020_100,calendar_year,Japan,1106205000,情報端末装置,shipments,industry-iip-annual-20260914
2021,iip_shipments_1106205000,情報端末装置・出荷,96.1,index_2020_100,calendar_year,Japan,1106205000,情報端末装置,shipments,industry-iip-annual-20260914
2022,iip_shipments_1106205000,情報端末装置・出荷,100.1,index_2020_100,calendar_year,Japan,1106205000,情報端末装置,shipments,industry-iip-annual-20260914
2023,iip_shipments_1106205000,情報端末装置・出荷,106.9,index_2020_100,calendar_year,Japan,1106205000,情報端末装置,shipments,industry-iip-annual-20260914
2024,iip_shipments_1106205000,情報端末装置・出荷,104.0,index_2020_100,calendar_year,Japan,1106205000,情報端末装置,shipments,industry-iip-annual-20260914
2025,iip_shipments_1106205000,情報端末装置・出荷,92.1,index_2020_100,calendar_year,Japan,1106205000,情報端末装置,shipments,industry-iip-annual-20260914
2018,iip_shipments_1107000000,輸送機械工業・出荷,122.5,index_2020_100,calendar_year,Japan,1107000000,輸送機械工業,shipments,industry-iip-annual-20260914
2019,iip_shipments_1107000000,輸送機械工業・出荷,122.1,index_2020_100,calendar_year,Japan,1107000000,輸送機械工業,shipments,industry-iip-annual-20260914
2020,iip_shipments_1107000000,輸送機械工業・出荷,100.0,index_2020_100,calendar_year,Japan,1107000000,輸送機械工業,shipments,industry-iip-annual-20260914
2021,iip_shipments_1107000000,輸送機械工業・出荷,99.6,index_2020_100,calendar_year,Japan,1107000000,輸送機械工業,shipments,industry-iip-annual-20260914
2022,iip_shipments_1107000000,輸送機械工業・出荷,97.4,index_2020_100,calendar_year,Japan,1107000000,輸送機械工業,shipments,industry-iip-annual-20260914
2023,iip_shipments_1107000000,輸送機械工業・出荷,110.8,index_2020_100,calendar_year,Japan,1107000000,輸送機械工業,shipments,industry-iip-annual-20260914
2024,iip_shipments_1107000000,輸送機械工業・出荷,104.5,index_2020_100,calendar_year,Japan,1107000000,輸送機械工業,shipments,industry-iip-annual-20260914
2025,iip_shipments_1107000000,輸送機械工業・出荷,106.2,index_2020_100,calendar_year,Japan,1107000000,輸送機械工業,shipments,industry-iip-annual-20260914
2018,iip_shipments_1107100000,自動車工業・出荷,123.5,index_2020_100,calendar_year,Japan,1107100000,自動車工業,shipments,industry-iip-annual-20260914
2019,iip_shipments_1107100000,自動車工業・出荷,121.6,index_2020_100,calendar_year,Japan,1107100000,自動車工業,shipments,industry-iip-annual-20260914
2020,iip_shipments_1107100000,自動車工業・出荷,100.0,index_2020_100,calendar_year,Japan,1107100000,自動車工業,shipments,industry-iip-annual-20260914
2021,iip_shipments_1107100000,自動車工業・出荷,101.8,index_2020_100,calendar_year,Japan,1107100000,自動車工業,shipments,industry-iip-annual-20260914
2022,iip_shipments_1107100000,自動車工業・出荷,99.1,index_2020_100,calendar_year,Japan,1107100000,自動車工業,shipments,industry-iip-annual-20260914
2023,iip_shipments_1107100000,自動車工業・出荷,113.4,index_2020_100,calendar_year,Japan,1107100000,自動車工業,shipments,industry-iip-annual-20260914
2024,iip_shipments_1107100000,自動車工業・出荷,105.8,index_2020_100,calendar_year,Japan,1107100000,自動車工業,shipments,industry-iip-annual-20260914
2025,iip_shipments_1107100000,自動車工業・出荷,107.3,index_2020_100,calendar_year,Japan,1107100000,自動車工業,shipments,industry-iip-annual-20260914
2018,iip_shipments_1107101000,乗用車・出荷,122.8,index_2020_100,calendar_year,Japan,1107101000,乗用車,shipments,industry-iip-annual-20260914
2019,iip_shipments_1107101000,乗用車・出荷,123.1,index_2020_100,calendar_year,Japan,1107101000,乗用車,shipments,industry-iip-annual-20260914
2020,iip_shipments_1107101000,乗用車・出荷,100.0,index_2020_100,calendar_year,Japan,1107101000,乗用車,shipments,industry-iip-annual-20260914
2021,iip_shipments_1107101000,乗用車・出荷,97.2,index_2020_100,calendar_year,Japan,1107101000,乗用車,shipments,industry-iip-annual-20260914
2022,iip_shipments_1107101000,乗用車・出荷,95.1,index_2020_100,calendar_year,Japan,1107101000,乗用車,shipments,industry-iip-annual-20260914
2023,iip_shipments_1107101000,乗用車・出荷,114.6,index_2020_100,calendar_year,Japan,1107101000,乗用車,shipments,industry-iip-annual-20260914
2024,iip_shipments_1107101000,乗用車・出荷,108.1,index_2020_100,calendar_year,Japan,1107101000,乗用車,shipments,industry-iip-annual-20260914
2025,iip_shipments_1107101000,乗用車・出荷,108.3,index_2020_100,calendar_year,Japan,1107101000,乗用車,shipments,industry-iip-annual-20260914
2018,iip_shipments_1107102000,トラック・出荷,124.2,index_2020_100,calendar_year,Japan,1107102000,トラック,shipments,industry-iip-annual-20260914
2019,iip_shipments_1107102000,トラック・出荷,120.9,index_2020_100,calendar_year,Japan,1107102000,トラック,shipments,industry-iip-annual-20260914
2020,iip_shipments_1107102000,トラック・出荷,100.0,index_2020_100,calendar_year,Japan,1107102000,トラック,shipments,industry-iip-annual-20260914
2021,iip_shipments_1107102000,トラック・出荷,117.2,index_2020_100,calendar_year,Japan,1107102000,トラック,shipments,industry-iip-annual-20260914
2022,iip_shipments_1107102000,トラック・出荷,119.3,index_2020_100,calendar_year,Japan,1107102000,トラック,shipments,industry-iip-annual-20260914
2023,iip_shipments_1107102000,トラック・出荷,114.0,index_2020_100,calendar_year,Japan,1107102000,トラック,shipments,industry-iip-annual-20260914
2024,iip_shipments_1107102000,トラック・出荷,102.8,index_2020_100,calendar_year,Japan,1107102000,トラック,shipments,industry-iip-annual-20260914
2025,iip_shipments_1107102000,トラック・出荷,111.7,index_2020_100,calendar_year,Japan,1107102000,トラック,shipments,industry-iip-annual-20260914
2018,iip_shipments_1107103000,車体・自動車部品・出荷,124.1,index_2020_100,calendar_year,Japan,1107103000,車体・自動車部品,shipments,industry-iip-annual-20260914
2019,iip_shipments_1107103000,車体・自動車部品・出荷,119.4,index_2020_100,calendar_year,Japan,1107103000,車体・自動車部品,shipments,industry-iip-annual-20260914
2020,iip_shipments_1107103000,車体・自動車部品・出荷,100.0,index_2020_100,calendar_year,Japan,1107103000,車体・自動車部品,shipments,industry-iip-annual-20260914
2021,iip_shipments_1107103000,車体・自動車部品・出荷,103.6,index_2020_100,calendar_year,Japan,1107103000,車体・自動車部品,shipments,industry-iip-annual-20260914
2022,iip_shipments_1107103000,車体・自動車部品・出荷,98.0,index_2020_100,calendar_year,Japan,1107103000,車体・自動車部品,shipments,industry-iip-annual-20260914
2023,iip_shipments_1107103000,車体・自動車部品・出荷,110.0,index_2020_100,calendar_year,Japan,1107103000,車体・自動車部品,shipments,industry-iip-annual-20260914
2024,iip_shipments_1107103000,車体・自動車部品・出荷,102.1,index_2020_100,calendar_year,Japan,1107103000,車体・自動車部品,shipments,industry-iip-annual-20260914
2025,iip_shipments_1107103000,車体・自動車部品・出荷,102.9,index_2020_100,calendar_year,Japan,1107103000,車体・自動車部品,shipments,industry-iip-annual-20260914
2018,iip_shipments_1107104000,二輪自動車・出荷,133.5,index_2020_100,calendar_year,Japan,1107104000,二輪自動車,shipments,industry-iip-annual-20260914
2019,iip_shipments_1107104000,二輪自動車・出荷,120.4,index_2020_100,calendar_year,Japan,1107104000,二輪自動車,shipments,industry-iip-annual-20260914
2020,iip_shipments_1107104000,二輪自動車・出荷,100.0,index_2020_100,calendar_year,Japan,1107104000,二輪自動車,shipments,industry-iip-annual-20260914
2021,iip_shipments_1107104000,二輪自動車・出荷,133.8,index_2020_100,calendar_year,Japan,1107104000,二輪自動車,shipments,industry-iip-annual-20260914
2022,iip_shipments_1107104000,二輪自動車・出荷,147.6,index_2020_100,calendar_year,Japan,1107104000,二輪自動車,shipments,industry-iip-annual-20260914
2023,iip_shipments_1107104000,二輪自動車・出荷,161.1,index_2020_100,calendar_year,Japan,1107104000,二輪自動車,shipments,industry-iip-annual-20260914
2024,iip_shipments_1107104000,二輪自動車・出荷,142.2,index_2020_100,calendar_year,Japan,1107104000,二輪自動車,shipments,industry-iip-annual-20260914
2025,iip_shipments_1107104000,二輪自動車・出荷,162.3,index_2020_100,calendar_year,Japan,1107104000,二輪自動車,shipments,industry-iip-annual-20260914
2018,iip_shipments_1107200000,輸送機械工業（除．自動車工業）・出荷,115.8,index_2020_100,calendar_year,Japan,1107200000,輸送機械工業（除．自動車工業）,shipments,industry-iip-annual-20260914
2019,iip_shipments_1107200000,輸送機械工業（除．自動車工業）・出荷,126.0,index_2020_100,calendar_year,Japan,1107200000,輸送機械工業（除．自動車工業）,shipments,industry-iip-annual-20260914
2020,iip_shipments_1107200000,輸送機械工業（除．自動車工業）・出荷,100.0,index_2020_100,calendar_year,Japan,1107200000,輸送機械工業（除．自動車工業）,shipments,industry-iip-annual-20260914
2021,iip_shipments_1107200000,輸送機械工業（除．自動車工業）・出荷,84.8,index_2020_100,calendar_year,Japan,1107200000,輸送機械工業（除．自動車工業）,shipments,industry-iip-annual-20260914
2022,iip_shipments_1107200000,輸送機械工業（除．自動車工業）・出荷,86.0,index_2020_100,calendar_year,Japan,1107200000,輸送機械工業（除．自動車工業）,shipments,industry-iip-annual-20260914
2023,iip_shipments_1107200000,輸送機械工業（除．自動車工業）・出荷,93.8,index_2020_100,calendar_year,Japan,1107200000,輸送機械工業（除．自動車工業）,shipments,industry-iip-annual-20260914
2024,iip_shipments_1107200000,輸送機械工業（除．自動車工業）・出荷,95.6,index_2020_100,calendar_year,Japan,1107200000,輸送機械工業（除．自動車工業）,shipments,industry-iip-annual-20260914
2025,iip_shipments_1107200000,輸送機械工業（除．自動車工業）・出荷,98.4,index_2020_100,calendar_year,Japan,1107200000,輸送機械工業（除．自動車工業）,shipments,industry-iip-annual-20260914
2018,iip_shipments_1107201000,産業車両・出荷,121.5,index_2020_100,calendar_year,Japan,1107201000,産業車両,shipments,industry-iip-annual-20260914
2019,iip_shipments_1107201000,産業車両・出荷,111.1,index_2020_100,calendar_year,Japan,1107201000,産業車両,shipments,industry-iip-annual-20260914
2020,iip_shipments_1107201000,産業車両・出荷,100.0,index_2020_100,calendar_year,Japan,1107201000,産業車両,shipments,industry-iip-annual-20260914
2021,iip_shipments_1107201000,産業車両・出荷,116.5,index_2020_100,calendar_year,Japan,1107201000,産業車両,shipments,industry-iip-annual-20260914
2022,iip_shipments_1107201000,産業車両・出荷,123.6,index_2020_100,calendar_year,Japan,1107201000,産業車両,shipments,industry-iip-annual-20260914
2023,iip_shipments_1107201000,産業車両・出荷,116.9,index_2020_100,calendar_year,Japan,1107201000,産業車両,shipments,industry-iip-annual-20260914
2024,iip_shipments_1107201000,産業車両・出荷,111.9,index_2020_100,calendar_year,Japan,1107201000,産業車両,shipments,industry-iip-annual-20260914
2025,iip_shipments_1107201000,産業車両・出荷,106.1,index_2020_100,calendar_year,Japan,1107201000,産業車両,shipments,industry-iip-annual-20260914
2018,iip_shipments_1107202000,航空機部品・出荷,127.9,index_2020_100,calendar_year,Japan,1107202000,航空機部品,shipments,industry-iip-annual-20260914
2019,iip_shipments_1107202000,航空機部品・出荷,140.2,index_2020_100,calendar_year,Japan,1107202000,航空機部品,shipments,industry-iip-annual-20260914
2020,iip_shipments_1107202000,航空機部品・出荷,100.0,index_2020_100,calendar_year,Japan,1107202000,航空機部品,shipments,industry-iip-annual-20260914
2021,iip_shipments_1107202000,航空機部品・出荷,67.0,index_2020_100,calendar_year,Japan,1107202000,航空機部品,shipments,industry-iip-annual-20260914
2022,iip_shipments_1107202000,航空機部品・出荷,88.1,index_2020_100,calendar_year,Japan,1107202000,航空機部品,shipments,industry-iip-annual-20260914
2023,iip_shipments_1107202000,航空機部品・出荷,118.2,index_2020_100,calendar_year,Japan,1107202000,航空機部品,shipments,industry-iip-annual-20260914
2024,iip_shipments_1107202000,航空機部品・出荷,142.7,index_2020_100,calendar_year,Japan,1107202000,航空機部品,shipments,industry-iip-annual-20260914
2025,iip_shipments_1107202000,航空機部品・出荷,141.2,index_2020_100,calendar_year,Japan,1107202000,航空機部品,shipments,industry-iip-annual-20260914
2018,iip_shipments_1107203000,船舶・同機関・出荷,111.1,index_2020_100,calendar_year,Japan,1107203000,船舶・同機関,shipments,industry-iip-annual-20260914
2019,iip_shipments_1107203000,船舶・同機関・出荷,123.8,index_2020_100,calendar_year,Japan,1107203000,船舶・同機関,shipments,industry-iip-annual-20260914
2020,iip_shipments_1107203000,船舶・同機関・出荷,100.0,index_2020_100,calendar_year,Japan,1107203000,船舶・同機関,shipments,industry-iip-annual-20260914
2021,iip_shipments_1107203000,船舶・同機関・出荷,86.4,index_2020_100,calendar_year,Japan,1107203000,船舶・同機関,shipments,industry-iip-annual-20260914
2022,iip_shipments_1107203000,船舶・同機関・出荷,76.7,index_2020_100,calendar_year,Japan,1107203000,船舶・同機関,shipments,industry-iip-annual-20260914
2023,iip_shipments_1107203000,船舶・同機関・出荷,79.3,index_2020_100,calendar_year,Japan,1107203000,船舶・同機関,shipments,industry-iip-annual-20260914
2024,iip_shipments_1107203000,船舶・同機関・出荷,72.6,index_2020_100,calendar_year,Japan,1107203000,船舶・同機関,shipments,industry-iip-annual-20260914
2025,iip_shipments_1107203000,船舶・同機関・出荷,79.2,index_2020_100,calendar_year,Japan,1107203000,船舶・同機関,shipments,industry-iip-annual-20260914
2018,iip_shipments_1108000000,窯業・土石製品工業・出荷,115.2,index_2020_100,calendar_year,Japan,1108000000,窯業・土石製品工業,shipments,industry-iip-annual-20260914
2019,iip_shipments_1108000000,窯業・土石製品工業・出荷,110.0,index_2020_100,calendar_year,Japan,1108000000,窯業・土石製品工業,shipments,industry-iip-annual-20260914
2020,iip_shipments_1108000000,窯業・土石製品工業・出荷,100.0,index_2020_100,calendar_year,Japan,1108000000,窯業・土石製品工業,shipments,industry-iip-annual-20260914
2021,iip_shipments_1108000000,窯業・土石製品工業・出荷,103.0,index_2020_100,calendar_year,Japan,1108000000,窯業・土石製品工業,shipments,industry-iip-annual-20260914
2022,iip_shipments_1108000000,窯業・土石製品工業・出荷,99.3,index_2020_100,calendar_year,Japan,1108000000,窯業・土石製品工業,shipments,industry-iip-annual-20260914
2023,iip_shipments_1108000000,窯業・土石製品工業・出荷,94.6,index_2020_100,calendar_year,Japan,1108000000,窯業・土石製品工業,shipments,industry-iip-annual-20260914
2024,iip_shipments_1108000000,窯業・土石製品工業・出荷,90.6,index_2020_100,calendar_year,Japan,1108000000,窯業・土石製品工業,shipments,industry-iip-annual-20260914
2025,iip_shipments_1108000000,窯業・土石製品工業・出荷,87.4,index_2020_100,calendar_year,Japan,1108000000,窯業・土石製品工業,shipments,industry-iip-annual-20260914
2018,iip_shipments_1108001000,ガラス・同製品・出荷,118.5,index_2020_100,calendar_year,Japan,1108001000,ガラス・同製品,shipments,industry-iip-annual-20260914
2019,iip_shipments_1108001000,ガラス・同製品・出荷,114.4,index_2020_100,calendar_year,Japan,1108001000,ガラス・同製品,shipments,industry-iip-annual-20260914
2020,iip_shipments_1108001000,ガラス・同製品・出荷,100.0,index_2020_100,calendar_year,Japan,1108001000,ガラス・同製品,shipments,industry-iip-annual-20260914
2021,iip_shipments_1108001000,ガラス・同製品・出荷,100.5,index_2020_100,calendar_year,Japan,1108001000,ガラス・同製品,shipments,industry-iip-annual-20260914
2022,iip_shipments_1108001000,ガラス・同製品・出荷,100.2,index_2020_100,calendar_year,Japan,1108001000,ガラス・同製品,shipments,industry-iip-annual-20260914
2023,iip_shipments_1108001000,ガラス・同製品・出荷,103.6,index_2020_100,calendar_year,Japan,1108001000,ガラス・同製品,shipments,industry-iip-annual-20260914
2024,iip_shipments_1108001000,ガラス・同製品・出荷,97.1,index_2020_100,calendar_year,Japan,1108001000,ガラス・同製品,shipments,industry-iip-annual-20260914
2025,iip_shipments_1108001000,ガラス・同製品・出荷,94.3,index_2020_100,calendar_year,Japan,1108001000,ガラス・同製品,shipments,industry-iip-annual-20260914
2018,iip_shipments_1108002000,セメント・同製品・出荷,108.9,index_2020_100,calendar_year,Japan,1108002000,セメント・同製品,shipments,industry-iip-annual-20260914
2019,iip_shipments_1108002000,セメント・同製品・出荷,105.4,index_2020_100,calendar_year,Japan,1108002000,セメント・同製品,shipments,industry-iip-annual-20260914
2020,iip_shipments_1108002000,セメント・同製品・出荷,100.0,index_2020_100,calendar_year,Japan,1108002000,セメント・同製品,shipments,industry-iip-annual-20260914
2021,iip_shipments_1108002000,セメント・同製品・出荷,97.2,index_2020_100,calendar_year,Japan,1108002000,セメント・同製品,shipments,industry-iip-annual-20260914
2022,iip_shipments_1108002000,セメント・同製品・出荷,94.2,index_2020_100,calendar_year,Japan,1108002000,セメント・同製品,shipments,industry-iip-annual-20260914
2023,iip_shipments_1108002000,セメント・同製品・出荷,86.9,index_2020_100,calendar_year,Japan,1108002000,セメント・同製品,shipments,industry-iip-annual-20260914
2024,iip_shipments_1108002000,セメント・同製品・出荷,81.8,index_2020_100,calendar_year,Japan,1108002000,セメント・同製品,shipments,industry-iip-annual-20260914
2025,iip_shipments_1108002000,セメント・同製品・出荷,78.2,index_2020_100,calendar_year,Japan,1108002000,セメント・同製品,shipments,industry-iip-annual-20260914
2018,iip_shipments_1108003000,陶磁器・同関連製品・出荷,108.8,index_2020_100,calendar_year,Japan,1108003000,陶磁器・同関連製品,shipments,industry-iip-annual-20260914
2019,iip_shipments_1108003000,陶磁器・同関連製品・出荷,105.0,index_2020_100,calendar_year,Japan,1108003000,陶磁器・同関連製品,shipments,industry-iip-annual-20260914
2020,iip_shipments_1108003000,陶磁器・同関連製品・出荷,100.0,index_2020_100,calendar_year,Japan,1108003000,陶磁器・同関連製品,shipments,industry-iip-annual-20260914
2021,iip_shipments_1108003000,陶磁器・同関連製品・出荷,110.9,index_2020_100,calendar_year,Japan,1108003000,陶磁器・同関連製品,shipments,industry-iip-annual-20260914
2022,iip_shipments_1108003000,陶磁器・同関連製品・出荷,100.4,index_2020_100,calendar_year,Japan,1108003000,陶磁器・同関連製品,shipments,industry-iip-annual-20260914
2023,iip_shipments_1108003000,陶磁器・同関連製品・出荷,90.0,index_2020_100,calendar_year,Japan,1108003000,陶磁器・同関連製品,shipments,industry-iip-annual-20260914
2024,iip_shipments_1108003000,陶磁器・同関連製品・出荷,90.3,index_2020_100,calendar_year,Japan,1108003000,陶磁器・同関連製品,shipments,industry-iip-annual-20260914
2025,iip_shipments_1108003000,陶磁器・同関連製品・出荷,90.2,index_2020_100,calendar_year,Japan,1108003000,陶磁器・同関連製品,shipments,industry-iip-annual-20260914
2018,iip_shipments_1108004000,その他の窯業・土石製品・出荷,133.6,index_2020_100,calendar_year,Japan,1108004000,その他の窯業・土石製品,shipments,industry-iip-annual-20260914
2019,iip_shipments_1108004000,その他の窯業・土石製品・出荷,121.2,index_2020_100,calendar_year,Japan,1108004000,その他の窯業・土石製品,shipments,industry-iip-annual-20260914
2020,iip_shipments_1108004000,その他の窯業・土石製品・出荷,100.0,index_2020_100,calendar_year,Japan,1108004000,その他の窯業・土石製品,shipments,industry-iip-annual-20260914
2021,iip_shipments_1108004000,その他の窯業・土石製品・出荷,108.1,index_2020_100,calendar_year,Japan,1108004000,その他の窯業・土石製品,shipments,industry-iip-annual-20260914
2022,iip_shipments_1108004000,その他の窯業・土石製品・出荷,107.9,index_2020_100,calendar_year,Japan,1108004000,その他の窯業・土石製品,shipments,industry-iip-annual-20260914
2023,iip_shipments_1108004000,その他の窯業・土石製品・出荷,105.4,index_2020_100,calendar_year,Japan,1108004000,その他の窯業・土石製品,shipments,industry-iip-annual-20260914
2024,iip_shipments_1108004000,その他の窯業・土石製品・出荷,100.8,index_2020_100,calendar_year,Japan,1108004000,その他の窯業・土石製品,shipments,industry-iip-annual-20260914
2025,iip_shipments_1108004000,その他の窯業・土石製品・出荷,93.7,index_2020_100,calendar_year,Japan,1108004000,その他の窯業・土石製品,shipments,industry-iip-annual-20260914
2018,iip_shipments_1109000000,化学工業・出荷,109.6,index_2020_100,calendar_year,Japan,1109000000,化学工業,shipments,industry-iip-annual-20260914
2019,iip_shipments_1109000000,化学工業・出荷,108.9,index_2020_100,calendar_year,Japan,1109000000,化学工業,shipments,industry-iip-annual-20260914
2020,iip_shipments_1109000000,化学工業・出荷,100.0,index_2020_100,calendar_year,Japan,1109000000,化学工業,shipments,industry-iip-annual-20260914
2021,iip_shipments_1109000000,化学工業・出荷,103.2,index_2020_100,calendar_year,Japan,1109000000,化学工業,shipments,industry-iip-annual-20260914
2022,iip_shipments_1109000000,化学工業・出荷,100.9,index_2020_100,calendar_year,Japan,1109000000,化学工業,shipments,industry-iip-annual-20260914
2023,iip_shipments_1109000000,化学工業・出荷,97.6,index_2020_100,calendar_year,Japan,1109000000,化学工業,shipments,industry-iip-annual-20260914
2024,iip_shipments_1109000000,化学工業・出荷,96.5,index_2020_100,calendar_year,Japan,1109000000,化学工業,shipments,industry-iip-annual-20260914
2025,iip_shipments_1109000000,化学工業・出荷,94.9,index_2020_100,calendar_year,Japan,1109000000,化学工業,shipments,industry-iip-annual-20260914
2018,iip_shipments_1110000000,化学工業（除．医薬品）・出荷,111.6,index_2020_100,calendar_year,Japan,1110000000,化学工業（除．医薬品）,shipments,industry-iip-annual-20260914
2019,iip_shipments_1110000000,化学工業（除．医薬品）・出荷,110.7,index_2020_100,calendar_year,Japan,1110000000,化学工業（除．医薬品）,shipments,industry-iip-annual-20260914
2020,iip_shipments_1110000000,化学工業（除．医薬品）・出荷,100.0,index_2020_100,calendar_year,Japan,1110000000,化学工業（除．医薬品）,shipments,industry-iip-annual-20260914
2021,iip_shipments_1110000000,化学工業（除．医薬品）・出荷,103.4,index_2020_100,calendar_year,Japan,1110000000,化学工業（除．医薬品）,shipments,industry-iip-annual-20260914
2022,iip_shipments_1110000000,化学工業（除．医薬品）・出荷,98.4,index_2020_100,calendar_year,Japan,1110000000,化学工業（除．医薬品）,shipments,industry-iip-annual-20260914
2023,iip_shipments_1110000000,化学工業（除．医薬品）・出荷,93.2,index_2020_100,calendar_year,Japan,1110000000,化学工業（除．医薬品）,shipments,industry-iip-annual-20260914
2024,iip_shipments_1110000000,化学工業（除．医薬品）・出荷,90.2,index_2020_100,calendar_year,Japan,1110000000,化学工業（除．医薬品）,shipments,industry-iip-annual-20260914
2025,iip_shipments_1110000000,化学工業（除．医薬品）・出荷,88.0,index_2020_100,calendar_year,Japan,1110000000,化学工業（除．医薬品）,shipments,industry-iip-annual-20260914
2018,iip_shipments_1109100000,無機・有機化学工業・出荷,112.3,index_2020_100,calendar_year,Japan,1109100000,無機・有機化学工業,shipments,industry-iip-annual-20260914
2019,iip_shipments_1109100000,無機・有機化学工業・出荷,111.0,index_2020_100,calendar_year,Japan,1109100000,無機・有機化学工業,shipments,industry-iip-annual-20260914
2020,iip_shipments_1109100000,無機・有機化学工業・出荷,100.0,index_2020_100,calendar_year,Japan,1109100000,無機・有機化学工業,shipments,industry-iip-annual-20260914
2021,iip_shipments_1109100000,無機・有機化学工業・出荷,105.5,index_2020_100,calendar_year,Japan,1109100000,無機・有機化学工業,shipments,industry-iip-annual-20260914
2022,iip_shipments_1109100000,無機・有機化学工業・出荷,96.6,index_2020_100,calendar_year,Japan,1109100000,無機・有機化学工業,shipments,industry-iip-annual-20260914
2023,iip_shipments_1109100000,無機・有機化学工業・出荷,90.6,index_2020_100,calendar_year,Japan,1109100000,無機・有機化学工業,shipments,industry-iip-annual-20260914
2024,iip_shipments_1109100000,無機・有機化学工業・出荷,85.7,index_2020_100,calendar_year,Japan,1109100000,無機・有機化学工業,shipments,industry-iip-annual-20260914
2025,iip_shipments_1109100000,無機・有機化学工業・出荷,83.1,index_2020_100,calendar_year,Japan,1109100000,無機・有機化学工業,shipments,industry-iip-annual-20260914
2018,iip_shipments_1109101000,無機化学工業製品・出荷,115.4,index_2020_100,calendar_year,Japan,1109101000,無機化学工業製品,shipments,industry-iip-annual-20260914
2019,iip_shipments_1109101000,無機化学工業製品・出荷,112.8,index_2020_100,calendar_year,Japan,1109101000,無機化学工業製品,shipments,industry-iip-annual-20260914
2020,iip_shipments_1109101000,無機化学工業製品・出荷,100.0,index_2020_100,calendar_year,Japan,1109101000,無機化学工業製品,shipments,industry-iip-annual-20260914
2021,iip_shipments_1109101000,無機化学工業製品・出荷,108.5,index_2020_100,calendar_year,Japan,1109101000,無機化学工業製品,shipments,industry-iip-annual-20260914
2022,iip_shipments_1109101000,無機化学工業製品・出荷,105.0,index_2020_100,calendar_year,Japan,1109101000,無機化学工業製品,shipments,industry-iip-annual-20260914
2023,iip_shipments_1109101000,無機化学工業製品・出荷,99.0,index_2020_100,calendar_year,Japan,1109101000,無機化学工業製品,shipments,industry-iip-annual-20260914
2024,iip_shipments_1109101000,無機化学工業製品・出荷,94.6,index_2020_100,calendar_year,Japan,1109101000,無機化学工業製品,shipments,industry-iip-annual-20260914
2025,iip_shipments_1109101000,無機化学工業製品・出荷,90.4,index_2020_100,calendar_year,Japan,1109101000,無機化学工業製品,shipments,industry-iip-annual-20260914
2018,iip_shipments_1109102000,石油化学系基礎製品・出荷,108.7,index_2020_100,calendar_year,Japan,1109102000,石油化学系基礎製品,shipments,industry-iip-annual-20260914
2019,iip_shipments_1109102000,石油化学系基礎製品・出荷,109.3,index_2020_100,calendar_year,Japan,1109102000,石油化学系基礎製品,shipments,industry-iip-annual-20260914
2020,iip_shipments_1109102000,石油化学系基礎製品・出荷,100.0,index_2020_100,calendar_year,Japan,1109102000,石油化学系基礎製品,shipments,industry-iip-annual-20260914
2021,iip_shipments_1109102000,石油化学系基礎製品・出荷,103.7,index_2020_100,calendar_year,Japan,1109102000,石油化学系基礎製品,shipments,industry-iip-annual-20260914
2022,iip_shipments_1109102000,石油化学系基礎製品・出荷,89.6,index_2020_100,calendar_year,Japan,1109102000,石油化学系基礎製品,shipments,industry-iip-annual-20260914
2023,iip_shipments_1109102000,石油化学系基礎製品・出荷,87.2,index_2020_100,calendar_year,Japan,1109102000,石油化学系基礎製品,shipments,industry-iip-annual-20260914
2024,iip_shipments_1109102000,石油化学系基礎製品・出荷,82.4,index_2020_100,calendar_year,Japan,1109102000,石油化学系基礎製品,shipments,industry-iip-annual-20260914
2025,iip_shipments_1109102000,石油化学系基礎製品・出荷,82.0,index_2020_100,calendar_year,Japan,1109102000,石油化学系基礎製品,shipments,industry-iip-annual-20260914
2018,iip_shipments_1109103000,脂肪族系中間物・出荷,111.0,index_2020_100,calendar_year,Japan,1109103000,脂肪族系中間物,shipments,industry-iip-annual-20260914
2019,iip_shipments_1109103000,脂肪族系中間物・出荷,109.8,index_2020_100,calendar_year,Japan,1109103000,脂肪族系中間物,shipments,industry-iip-annual-20260914
2020,iip_shipments_1109103000,脂肪族系中間物・出荷,100.0,index_2020_100,calendar_year,Japan,1109103000,脂肪族系中間物,shipments,industry-iip-annual-20260914
2021,iip_shipments_1109103000,脂肪族系中間物・出荷,105.5,index_2020_100,calendar_year,Japan,1109103000,脂肪族系中間物,shipments,industry-iip-annual-20260914
2022,iip_shipments_1109103000,脂肪族系中間物・出荷,92.4,index_2020_100,calendar_year,Japan,1109103000,脂肪族系中間物,shipments,industry-iip-annual-20260914
2023,iip_shipments_1109103000,脂肪族系中間物・出荷,81.1,index_2020_100,calendar_year,Japan,1109103000,脂肪族系中間物,shipments,industry-iip-annual-20260914
2024,iip_shipments_1109103000,脂肪族系中間物・出荷,75.9,index_2020_100,calendar_year,Japan,1109103000,脂肪族系中間物,shipments,industry-iip-annual-20260914
2025,iip_shipments_1109103000,脂肪族系中間物・出荷,68.9,index_2020_100,calendar_year,Japan,1109103000,脂肪族系中間物,shipments,industry-iip-annual-20260914
2018,iip_shipments_1109104000,環式中間物・出荷,115.2,index_2020_100,calendar_year,Japan,1109104000,環式中間物,shipments,industry-iip-annual-20260914
2019,iip_shipments_1109104000,環式中間物・出荷,113.5,index_2020_100,calendar_year,Japan,1109104000,環式中間物,shipments,industry-iip-annual-20260914
2020,iip_shipments_1109104000,環式中間物・出荷,100.0,index_2020_100,calendar_year,Japan,1109104000,環式中間物,shipments,industry-iip-annual-20260914
2021,iip_shipments_1109104000,環式中間物・出荷,99.4,index_2020_100,calendar_year,Japan,1109104000,環式中間物,shipments,industry-iip-annual-20260914
2022,iip_shipments_1109104000,環式中間物・出荷,93.7,index_2020_100,calendar_year,Japan,1109104000,環式中間物,shipments,industry-iip-annual-20260914
2023,iip_shipments_1109104000,環式中間物・出荷,80.0,index_2020_100,calendar_year,Japan,1109104000,環式中間物,shipments,industry-iip-annual-20260914
2024,iip_shipments_1109104000,環式中間物・出荷,72.5,index_2020_100,calendar_year,Japan,1109104000,環式中間物,shipments,industry-iip-annual-20260914
2025,iip_shipments_1109104000,環式中間物・出荷,66.0,index_2020_100,calendar_year,Japan,1109104000,環式中間物,shipments,industry-iip-annual-20260914
2018,iip_shipments_1109105000,プラスチック・出荷,110.7,index_2020_100,calendar_year,Japan,1109105000,プラスチック,shipments,industry-iip-annual-20260914
2019,iip_shipments_1109105000,プラスチック・出荷,109.3,index_2020_100,calendar_year,Japan,1109105000,プラスチック,shipments,industry-iip-annual-20260914
2020,iip_shipments_1109105000,プラスチック・出荷,100.0,index_2020_100,calendar_year,Japan,1109105000,プラスチック,shipments,industry-iip-annual-20260914
2021,iip_shipments_1109105000,プラスチック・出荷,106.7,index_2020_100,calendar_year,Japan,1109105000,プラスチック,shipments,industry-iip-annual-20260914
2022,iip_shipments_1109105000,プラスチック・出荷,98.6,index_2020_100,calendar_year,Japan,1109105000,プラスチック,shipments,industry-iip-annual-20260914
2023,iip_shipments_1109105000,プラスチック・出荷,94.4,index_2020_100,calendar_year,Japan,1109105000,プラスチック,shipments,industry-iip-annual-20260914
2024,iip_shipments_1109105000,プラスチック・出荷,89.4,index_2020_100,calendar_year,Japan,1109105000,プラスチック,shipments,industry-iip-annual-20260914
2025,iip_shipments_1109105000,プラスチック・出荷,88.3,index_2020_100,calendar_year,Japan,1109105000,プラスチック,shipments,industry-iip-annual-20260914
2018,iip_shipments_1109106000,その他の有機化学工業製品・出荷,118.9,index_2020_100,calendar_year,Japan,1109106000,その他の有機化学工業製品,shipments,industry-iip-annual-20260914
2019,iip_shipments_1109106000,その他の有機化学工業製品・出荷,115.5,index_2020_100,calendar_year,Japan,1109106000,その他の有機化学工業製品,shipments,industry-iip-annual-20260914
2020,iip_shipments_1109106000,その他の有機化学工業製品・出荷,100.0,index_2020_100,calendar_year,Japan,1109106000,その他の有機化学工業製品,shipments,industry-iip-annual-20260914
2021,iip_shipments_1109106000,その他の有機化学工業製品・出荷,110.9,index_2020_100,calendar_year,Japan,1109106000,その他の有機化学工業製品,shipments,industry-iip-annual-20260914
2022,iip_shipments_1109106000,その他の有機化学工業製品・出荷,101.0,index_2020_100,calendar_year,Japan,1109106000,その他の有機化学工業製品,shipments,industry-iip-annual-20260914
2023,iip_shipments_1109106000,その他の有機化学工業製品・出荷,95.0,index_2020_100,calendar_year,Japan,1109106000,その他の有機化学工業製品,shipments,industry-iip-annual-20260914
2024,iip_shipments_1109106000,その他の有機化学工業製品・出荷,94.5,index_2020_100,calendar_year,Japan,1109106000,その他の有機化学工業製品,shipments,industry-iip-annual-20260914
2025,iip_shipments_1109106000,その他の有機化学工業製品・出荷,92.3,index_2020_100,calendar_year,Japan,1109106000,その他の有機化学工業製品,shipments,industry-iip-annual-20260914
2018,iip_shipments_1109200000,化学工業（除．無機・有機化学工業）・出荷,106.7,index_2020_100,calendar_year,Japan,1109200000,化学工業（除．無機・有機化学工業）,shipments,industry-iip-annual-20260914
2019,iip_shipments_1109200000,化学工業（除．無機・有機化学工業）・出荷,106.5,index_2020_100,calendar_year,Japan,1109200000,化学工業（除．無機・有機化学工業）,shipments,industry-iip-annual-20260914
2020,iip_shipments_1109200000,化学工業（除．無機・有機化学工業）・出荷,100.0,index_2020_100,calendar_year,Japan,1109200000,化学工業（除．無機・有機化学工業）,shipments,industry-iip-annual-20260914
2021,iip_shipments_1109200000,化学工業（除．無機・有機化学工業）・出荷,100.6,index_2020_100,calendar_year,Japan,1109200000,化学工業（除．無機・有機化学工業）,shipments,industry-iip-annual-20260914
2022,iip_shipments_1109200000,化学工業（除．無機・有機化学工業）・出荷,105.6,index_2020_100,calendar_year,Japan,1109200000,化学工業（除．無機・有機化学工業）,shipments,industry-iip-annual-20260914
2023,iip_shipments_1109200000,化学工業（除．無機・有機化学工業）・出荷,105.3,index_2020_100,calendar_year,Japan,1109200000,化学工業（除．無機・有機化学工業）,shipments,industry-iip-annual-20260914
2024,iip_shipments_1109200000,化学工業（除．無機・有機化学工業）・出荷,108.3,index_2020_100,calendar_year,Japan,1109200000,化学工業（除．無機・有機化学工業）,shipments,industry-iip-annual-20260914
2025,iip_shipments_1109200000,化学工業（除．無機・有機化学工業）・出荷,107.9,index_2020_100,calendar_year,Japan,1109200000,化学工業（除．無機・有機化学工業）,shipments,industry-iip-annual-20260914
2018,iip_shipments_1110300000,化学工業（除．無機・有機化学工業・医薬品）・出荷,110.3,index_2020_100,calendar_year,Japan,1110300000,化学工業（除．無機・有機化学工業・医薬品）,shipments,industry-iip-annual-20260914
2019,iip_shipments_1110300000,化学工業（除．無機・有機化学工業・医薬品）・出荷,110.2,index_2020_100,calendar_year,Japan,1110300000,化学工業（除．無機・有機化学工業・医薬品）,shipments,industry-iip-annual-20260914
2020,iip_shipments_1110300000,化学工業（除．無機・有機化学工業・医薬品）・出荷,100.0,index_2020_100,calendar_year,Japan,1110300000,化学工業（除．無機・有機化学工業・医薬品）,shipments,industry-iip-annual-20260914
2021,iip_shipments_1110300000,化学工業（除．無機・有機化学工業・医薬品）・出荷,100.0,index_2020_100,calendar_year,Japan,1110300000,化学工業（除．無機・有機化学工業・医薬品）,shipments,industry-iip-annual-20260914
2022,iip_shipments_1110300000,化学工業（除．無機・有機化学工業・医薬品）・出荷,101.1,index_2020_100,calendar_year,Japan,1110300000,化学工業（除．無機・有機化学工業・医薬品）,shipments,industry-iip-annual-20260914
2023,iip_shipments_1110300000,化学工業（除．無機・有機化学工業・医薬品）・出荷,97.3,index_2020_100,calendar_year,Japan,1110300000,化学工業（除．無機・有機化学工業・医薬品）,shipments,industry-iip-annual-20260914
2024,iip_shipments_1110300000,化学工業（除．無機・有機化学工業・医薬品）・出荷,97.5,index_2020_100,calendar_year,Japan,1110300000,化学工業（除．無機・有機化学工業・医薬品）,shipments,industry-iip-annual-20260914
2025,iip_shipments_1110300000,化学工業（除．無機・有機化学工業・医薬品）・出荷,95.8,index_2020_100,calendar_year,Japan,1110300000,化学工業（除．無機・有機化学工業・医薬品）,shipments,industry-iip-annual-20260914
2018,iip_shipments_1109201000,化学肥料・出荷,111.1,index_2020_100,calendar_year,Japan,1109201000,化学肥料,shipments,industry-iip-annual-20260914
2019,iip_shipments_1109201000,化学肥料・出荷,107.4,index_2020_100,calendar_year,Japan,1109201000,化学肥料,shipments,industry-iip-annual-20260914
2020,iip_shipments_1109201000,化学肥料・出荷,100.0,index_2020_100,calendar_year,Japan,1109201000,化学肥料,shipments,industry-iip-annual-20260914
2021,iip_shipments_1109201000,化学肥料・出荷,110.1,index_2020_100,calendar_year,Japan,1109201000,化学肥料,shipments,industry-iip-annual-20260914
2022,iip_shipments_1109201000,化学肥料・出荷,102.2,index_2020_100,calendar_year,Japan,1109201000,化学肥料,shipments,industry-iip-annual-20260914
2023,iip_shipments_1109201000,化学肥料・出荷,78.7,index_2020_100,calendar_year,Japan,1109201000,化学肥料,shipments,industry-iip-annual-20260914
2024,iip_shipments_1109201000,化学肥料・出荷,80.9,index_2020_100,calendar_year,Japan,1109201000,化学肥料,shipments,industry-iip-annual-20260914
2025,iip_shipments_1109201000,化学肥料・出荷,79.5,index_2020_100,calendar_year,Japan,1109201000,化学肥料,shipments,industry-iip-annual-20260914
2018,iip_shipments_1109202000,塗料・印刷インキ・出荷,114.5,index_2020_100,calendar_year,Japan,1109202000,塗料・印刷インキ,shipments,industry-iip-annual-20260914
2019,iip_shipments_1109202000,塗料・印刷インキ・出荷,111.1,index_2020_100,calendar_year,Japan,1109202000,塗料・印刷インキ,shipments,industry-iip-annual-20260914
2020,iip_shipments_1109202000,塗料・印刷インキ・出荷,100.0,index_2020_100,calendar_year,Japan,1109202000,塗料・印刷インキ,shipments,industry-iip-annual-20260914
2021,iip_shipments_1109202000,塗料・印刷インキ・出荷,101.7,index_2020_100,calendar_year,Japan,1109202000,塗料・印刷インキ,shipments,industry-iip-annual-20260914
2022,iip_shipments_1109202000,塗料・印刷インキ・出荷,99.5,index_2020_100,calendar_year,Japan,1109202000,塗料・印刷インキ,shipments,industry-iip-annual-20260914
2023,iip_shipments_1109202000,塗料・印刷インキ・出荷,96.7,index_2020_100,calendar_year,Japan,1109202000,塗料・印刷インキ,shipments,industry-iip-annual-20260914
2024,iip_shipments_1109202000,塗料・印刷インキ・出荷,94.2,index_2020_100,calendar_year,Japan,1109202000,塗料・印刷インキ,shipments,industry-iip-annual-20260914
2025,iip_shipments_1109202000,塗料・印刷インキ・出荷,92.5,index_2020_100,calendar_year,Japan,1109202000,塗料・印刷インキ,shipments,industry-iip-annual-20260914
2018,iip_shipments_1109203000,洗剤・界面活性剤・出荷,97.7,index_2020_100,calendar_year,Japan,1109203000,洗剤・界面活性剤,shipments,industry-iip-annual-20260914
2019,iip_shipments_1109203000,洗剤・界面活性剤・出荷,98.9,index_2020_100,calendar_year,Japan,1109203000,洗剤・界面活性剤,shipments,industry-iip-annual-20260914
2020,iip_shipments_1109203000,洗剤・界面活性剤・出荷,100.0,index_2020_100,calendar_year,Japan,1109203000,洗剤・界面活性剤,shipments,industry-iip-annual-20260914
2021,iip_shipments_1109203000,洗剤・界面活性剤・出荷,101.2,index_2020_100,calendar_year,Japan,1109203000,洗剤・界面活性剤,shipments,industry-iip-annual-20260914
2022,iip_shipments_1109203000,洗剤・界面活性剤・出荷,100.7,index_2020_100,calendar_year,Japan,1109203000,洗剤・界面活性剤,shipments,industry-iip-annual-20260914
2023,iip_shipments_1109203000,洗剤・界面活性剤・出荷,97.3,index_2020_100,calendar_year,Japan,1109203000,洗剤・界面活性剤,shipments,industry-iip-annual-20260914
2024,iip_shipments_1109203000,洗剤・界面活性剤・出荷,93.8,index_2020_100,calendar_year,Japan,1109203000,洗剤・界面活性剤,shipments,industry-iip-annual-20260914
2025,iip_shipments_1109203000,洗剤・界面活性剤・出荷,93.9,index_2020_100,calendar_year,Japan,1109203000,洗剤・界面活性剤,shipments,industry-iip-annual-20260914
2018,iip_shipments_1109204000,化粧品・出荷,116.6,index_2020_100,calendar_year,Japan,1109204000,化粧品,shipments,industry-iip-annual-20260914
2019,iip_shipments_1109204000,化粧品・出荷,117.0,index_2020_100,calendar_year,Japan,1109204000,化粧品,shipments,industry-iip-annual-20260914
2020,iip_shipments_1109204000,化粧品・出荷,100.0,index_2020_100,calendar_year,Japan,1109204000,化粧品,shipments,industry-iip-annual-20260914
2021,iip_shipments_1109204000,化粧品・出荷,98.1,index_2020_100,calendar_year,Japan,1109204000,化粧品,shipments,industry-iip-annual-20260914
2022,iip_shipments_1109204000,化粧品・出荷,101.9,index_2020_100,calendar_year,Japan,1109204000,化粧品,shipments,industry-iip-annual-20260914
2023,iip_shipments_1109204000,化粧品・出荷,98.6,index_2020_100,calendar_year,Japan,1109204000,化粧品,shipments,industry-iip-annual-20260914
2024,iip_shipments_1109204000,化粧品・出荷,101.8,index_2020_100,calendar_year,Japan,1109204000,化粧品,shipments,industry-iip-annual-20260914
2025,iip_shipments_1109204000,化粧品・出荷,99.1,index_2020_100,calendar_year,Japan,1109204000,化粧品,shipments,industry-iip-annual-20260914
2018,iip_shipments_1111000000,石油・石炭製品工業・出荷,115.4,index_2020_100,calendar_year,Japan,1111000000,石油・石炭製品工業,shipments,industry-iip-annual-20260914
2019,iip_shipments_1111000000,石油・石炭製品工業・出荷,113.8,index_2020_100,calendar_year,Japan,1111000000,石油・石炭製品工業,shipments,industry-iip-annual-20260914
2020,iip_shipments_1111000000,石油・石炭製品工業・出荷,100.0,index_2020_100,calendar_year,Japan,1111000000,石油・石炭製品工業,shipments,industry-iip-annual-20260914
2021,iip_shipments_1111000000,石油・石炭製品工業・出荷,99.1,index_2020_100,calendar_year,Japan,1111000000,石油・石炭製品工業,shipments,industry-iip-annual-20260914
2022,iip_shipments_1111000000,石油・石炭製品工業・出荷,102.6,index_2020_100,calendar_year,Japan,1111000000,石油・石炭製品工業,shipments,industry-iip-annual-20260914
2023,iip_shipments_1111000000,石油・石炭製品工業・出荷,99.8,index_2020_100,calendar_year,Japan,1111000000,石油・石炭製品工業,shipments,industry-iip-annual-20260914
2024,iip_shipments_1111000000,石油・石炭製品工業・出荷,95.1,index_2020_100,calendar_year,Japan,1111000000,石油・石炭製品工業,shipments,industry-iip-annual-20260914
2025,iip_shipments_1111000000,石油・石炭製品工業・出荷,92.7,index_2020_100,calendar_year,Japan,1111000000,石油・石炭製品工業,shipments,industry-iip-annual-20260914
2018,iip_shipments_1111001000,石油製品・出荷,115.5,index_2020_100,calendar_year,Japan,1111001000,石油製品,shipments,industry-iip-annual-20260914
2019,iip_shipments_1111001000,石油製品・出荷,113.9,index_2020_100,calendar_year,Japan,1111001000,石油製品,shipments,industry-iip-annual-20260914
2020,iip_shipments_1111001000,石油製品・出荷,100.0,index_2020_100,calendar_year,Japan,1111001000,石油製品,shipments,industry-iip-annual-20260914
2021,iip_shipments_1111001000,石油製品・出荷,99.1,index_2020_100,calendar_year,Japan,1111001000,石油製品,shipments,industry-iip-annual-20260914
2022,iip_shipments_1111001000,石油製品・出荷,103.0,index_2020_100,calendar_year,Japan,1111001000,石油製品,shipments,industry-iip-annual-20260914
2023,iip_shipments_1111001000,石油製品・出荷,100.2,index_2020_100,calendar_year,Japan,1111001000,石油製品,shipments,industry-iip-annual-20260914
2024,iip_shipments_1111001000,石油製品・出荷,95.6,index_2020_100,calendar_year,Japan,1111001000,石油製品,shipments,industry-iip-annual-20260914
2025,iip_shipments_1111001000,石油製品・出荷,93.2,index_2020_100,calendar_year,Japan,1111001000,石油製品,shipments,industry-iip-annual-20260914
2018,iip_shipments_1111002000,石炭製品・出荷,109.7,index_2020_100,calendar_year,Japan,1111002000,石炭製品,shipments,industry-iip-annual-20260914
2019,iip_shipments_1111002000,石炭製品・出荷,107.3,index_2020_100,calendar_year,Japan,1111002000,石炭製品,shipments,industry-iip-annual-20260914
2020,iip_shipments_1111002000,石炭製品・出荷,100.0,index_2020_100,calendar_year,Japan,1111002000,石炭製品,shipments,industry-iip-annual-20260914
2021,iip_shipments_1111002000,石炭製品・出荷,94.4,index_2020_100,calendar_year,Japan,1111002000,石炭製品,shipments,industry-iip-annual-20260914
2022,iip_shipments_1111002000,石炭製品・出荷,82.7,index_2020_100,calendar_year,Japan,1111002000,石炭製品,shipments,industry-iip-annual-20260914
2023,iip_shipments_1111002000,石炭製品・出荷,78.3,index_2020_100,calendar_year,Japan,1111002000,石炭製品,shipments,industry-iip-annual-20260914
2024,iip_shipments_1111002000,石炭製品・出荷,71.6,index_2020_100,calendar_year,Japan,1111002000,石炭製品,shipments,industry-iip-annual-20260914
2025,iip_shipments_1111002000,石炭製品・出荷,66.8,index_2020_100,calendar_year,Japan,1111002000,石炭製品,shipments,industry-iip-annual-20260914
2018,iip_shipments_1112000000,プラスチック製品工業・出荷,108.3,index_2020_100,calendar_year,Japan,1112000000,プラスチック製品工業,shipments,industry-iip-annual-20260914
2019,iip_shipments_1112000000,プラスチック製品工業・出荷,107.1,index_2020_100,calendar_year,Japan,1112000000,プラスチック製品工業,shipments,industry-iip-annual-20260914
2020,iip_shipments_1112000000,プラスチック製品工業・出荷,100.0,index_2020_100,calendar_year,Japan,1112000000,プラスチック製品工業,shipments,industry-iip-annual-20260914
2021,iip_shipments_1112000000,プラスチック製品工業・出荷,102.4,index_2020_100,calendar_year,Japan,1112000000,プラスチック製品工業,shipments,industry-iip-annual-20260914
2022,iip_shipments_1112000000,プラスチック製品工業・出荷,99.6,index_2020_100,calendar_year,Japan,1112000000,プラスチック製品工業,shipments,industry-iip-annual-20260914
2023,iip_shipments_1112000000,プラスチック製品工業・出荷,98.6,index_2020_100,calendar_year,Japan,1112000000,プラスチック製品工業,shipments,industry-iip-annual-20260914
2024,iip_shipments_1112000000,プラスチック製品工業・出荷,97.4,index_2020_100,calendar_year,Japan,1112000000,プラスチック製品工業,shipments,industry-iip-annual-20260914
2025,iip_shipments_1112000000,プラスチック製品工業・出荷,97.5,index_2020_100,calendar_year,Japan,1112000000,プラスチック製品工業,shipments,industry-iip-annual-20260914
2018,iip_shipments_1112001000,プラスチック製管・フィルム・シート・建材類・出荷,107.3,index_2020_100,calendar_year,Japan,1112001000,プラスチック製管・フィルム・シート・建材類,shipments,industry-iip-annual-20260914
2019,iip_shipments_1112001000,プラスチック製管・フィルム・シート・建材類・出荷,104.2,index_2020_100,calendar_year,Japan,1112001000,プラスチック製管・フィルム・シート・建材類,shipments,industry-iip-annual-20260914
2020,iip_shipments_1112001000,プラスチック製管・フィルム・シート・建材類・出荷,100.0,index_2020_100,calendar_year,Japan,1112001000,プラスチック製管・フィルム・シート・建材類,shipments,industry-iip-annual-20260914
2021,iip_shipments_1112001000,プラスチック製管・フィルム・シート・建材類・出荷,102.9,index_2020_100,calendar_year,Japan,1112001000,プラスチック製管・フィルム・シート・建材類,shipments,industry-iip-annual-20260914
2022,iip_shipments_1112001000,プラスチック製管・フィルム・シート・建材類・出荷,99.3,index_2020_100,calendar_year,Japan,1112001000,プラスチック製管・フィルム・シート・建材類,shipments,industry-iip-annual-20260914
2023,iip_shipments_1112001000,プラスチック製管・フィルム・シート・建材類・出荷,92.3,index_2020_100,calendar_year,Japan,1112001000,プラスチック製管・フィルム・シート・建材類,shipments,industry-iip-annual-20260914
2024,iip_shipments_1112001000,プラスチック製管・フィルム・シート・建材類・出荷,92.8,index_2020_100,calendar_year,Japan,1112001000,プラスチック製管・フィルム・シート・建材類,shipments,industry-iip-annual-20260914
2025,iip_shipments_1112001000,プラスチック製管・フィルム・シート・建材類・出荷,92.6,index_2020_100,calendar_year,Japan,1112001000,プラスチック製管・フィルム・シート・建材類,shipments,industry-iip-annual-20260914
2018,iip_shipments_1112002000,工業用プラスチック製品・出荷,109.7,index_2020_100,calendar_year,Japan,1112002000,工業用プラスチック製品,shipments,industry-iip-annual-20260914
2019,iip_shipments_1112002000,工業用プラスチック製品・出荷,112.4,index_2020_100,calendar_year,Japan,1112002000,工業用プラスチック製品,shipments,industry-iip-annual-20260914
2020,iip_shipments_1112002000,工業用プラスチック製品・出荷,100.0,index_2020_100,calendar_year,Japan,1112002000,工業用プラスチック製品,shipments,industry-iip-annual-20260914
2021,iip_shipments_1112002000,工業用プラスチック製品・出荷,100.9,index_2020_100,calendar_year,Japan,1112002000,工業用プラスチック製品,shipments,industry-iip-annual-20260914
2022,iip_shipments_1112002000,工業用プラスチック製品・出荷,99.1,index_2020_100,calendar_year,Japan,1112002000,工業用プラスチック製品,shipments,industry-iip-annual-20260914
2023,iip_shipments_1112002000,工業用プラスチック製品・出荷,108.7,index_2020_100,calendar_year,Japan,1112002000,工業用プラスチック製品,shipments,industry-iip-annual-20260914
2024,iip_shipments_1112002000,工業用プラスチック製品・出荷,103.4,index_2020_100,calendar_year,Japan,1112002000,工業用プラスチック製品,shipments,industry-iip-annual-20260914
2025,iip_shipments_1112002000,工業用プラスチック製品・出荷,102.5,index_2020_100,calendar_year,Japan,1112002000,工業用プラスチック製品,shipments,industry-iip-annual-20260914
2018,iip_shipments_1112003000,発泡プラスチック製品・出荷,110.5,index_2020_100,calendar_year,Japan,1112003000,発泡プラスチック製品,shipments,industry-iip-annual-20260914
2019,iip_shipments_1112003000,発泡プラスチック製品・出荷,105.0,index_2020_100,calendar_year,Japan,1112003000,発泡プラスチック製品,shipments,industry-iip-annual-20260914
2020,iip_shipments_1112003000,発泡プラスチック製品・出荷,100.0,index_2020_100,calendar_year,Japan,1112003000,発泡プラスチック製品,shipments,industry-iip-annual-20260914
2021,iip_shipments_1112003000,発泡プラスチック製品・出荷,99.3,index_2020_100,calendar_year,Japan,1112003000,発泡プラスチック製品,shipments,industry-iip-annual-20260914
2022,iip_shipments_1112003000,発泡プラスチック製品・出荷,96.8,index_2020_100,calendar_year,Japan,1112003000,発泡プラスチック製品,shipments,industry-iip-annual-20260914
2023,iip_shipments_1112003000,発泡プラスチック製品・出荷,93.9,index_2020_100,calendar_year,Japan,1112003000,発泡プラスチック製品,shipments,industry-iip-annual-20260914
2024,iip_shipments_1112003000,発泡プラスチック製品・出荷,93.5,index_2020_100,calendar_year,Japan,1112003000,発泡プラスチック製品,shipments,industry-iip-annual-20260914
2025,iip_shipments_1112003000,発泡プラスチック製品・出荷,91.4,index_2020_100,calendar_year,Japan,1112003000,発泡プラスチック製品,shipments,industry-iip-annual-20260914
2018,iip_shipments_1112004000,プラスチック製日用雑貨・容器類・出荷,107.2,index_2020_100,calendar_year,Japan,1112004000,プラスチック製日用雑貨・容器類,shipments,industry-iip-annual-20260914
2019,iip_shipments_1112004000,プラスチック製日用雑貨・容器類・出荷,104.3,index_2020_100,calendar_year,Japan,1112004000,プラスチック製日用雑貨・容器類,shipments,industry-iip-annual-20260914
2020,iip_shipments_1112004000,プラスチック製日用雑貨・容器類・出荷,100.0,index_2020_100,calendar_year,Japan,1112004000,プラスチック製日用雑貨・容器類,shipments,industry-iip-annual-20260914
2021,iip_shipments_1112004000,プラスチック製日用雑貨・容器類・出荷,104.7,index_2020_100,calendar_year,Japan,1112004000,プラスチック製日用雑貨・容器類,shipments,industry-iip-annual-20260914
2022,iip_shipments_1112004000,プラスチック製日用雑貨・容器類・出荷,102.4,index_2020_100,calendar_year,Japan,1112004000,プラスチック製日用雑貨・容器類,shipments,industry-iip-annual-20260914
2023,iip_shipments_1112004000,プラスチック製日用雑貨・容器類・出荷,96.2,index_2020_100,calendar_year,Japan,1112004000,プラスチック製日用雑貨・容器類,shipments,industry-iip-annual-20260914
2024,iip_shipments_1112004000,プラスチック製日用雑貨・容器類・出荷,99.0,index_2020_100,calendar_year,Japan,1112004000,プラスチック製日用雑貨・容器類,shipments,industry-iip-annual-20260914
2025,iip_shipments_1112004000,プラスチック製日用雑貨・容器類・出荷,102.0,index_2020_100,calendar_year,Japan,1112004000,プラスチック製日用雑貨・容器類,shipments,industry-iip-annual-20260914
2018,iip_shipments_1113000000,パルプ・紙・紙加工品工業・出荷,114.3,index_2020_100,calendar_year,Japan,1113000000,パルプ・紙・紙加工品工業,shipments,industry-iip-annual-20260914
2019,iip_shipments_1113000000,パルプ・紙・紙加工品工業・出荷,109.4,index_2020_100,calendar_year,Japan,1113000000,パルプ・紙・紙加工品工業,shipments,industry-iip-annual-20260914
2020,iip_shipments_1113000000,パルプ・紙・紙加工品工業・出荷,100.0,index_2020_100,calendar_year,Japan,1113000000,パルプ・紙・紙加工品工業,shipments,industry-iip-annual-20260914
2021,iip_shipments_1113000000,パルプ・紙・紙加工品工業・出荷,102.4,index_2020_100,calendar_year,Japan,1113000000,パルプ・紙・紙加工品工業,shipments,industry-iip-annual-20260914
2022,iip_shipments_1113000000,パルプ・紙・紙加工品工業・出荷,101.9,index_2020_100,calendar_year,Japan,1113000000,パルプ・紙・紙加工品工業,shipments,industry-iip-annual-20260914
2023,iip_shipments_1113000000,パルプ・紙・紙加工品工業・出荷,94.8,index_2020_100,calendar_year,Japan,1113000000,パルプ・紙・紙加工品工業,shipments,industry-iip-annual-20260914
2024,iip_shipments_1113000000,パルプ・紙・紙加工品工業・出荷,92.5,index_2020_100,calendar_year,Japan,1113000000,パルプ・紙・紙加工品工業,shipments,industry-iip-annual-20260914
2025,iip_shipments_1113000000,パルプ・紙・紙加工品工業・出荷,89.4,index_2020_100,calendar_year,Japan,1113000000,パルプ・紙・紙加工品工業,shipments,industry-iip-annual-20260914
2018,iip_shipments_1113001000,パルプ・出荷,111.9,index_2020_100,calendar_year,Japan,1113001000,パルプ,shipments,industry-iip-annual-20260914
2019,iip_shipments_1113001000,パルプ・出荷,107.4,index_2020_100,calendar_year,Japan,1113001000,パルプ,shipments,industry-iip-annual-20260914
2020,iip_shipments_1113001000,パルプ・出荷,100.0,index_2020_100,calendar_year,Japan,1113001000,パルプ,shipments,industry-iip-annual-20260914
2021,iip_shipments_1113001000,パルプ・出荷,114.6,index_2020_100,calendar_year,Japan,1113001000,パルプ,shipments,industry-iip-annual-20260914
2022,iip_shipments_1113001000,パルプ・出荷,134.7,index_2020_100,calendar_year,Japan,1113001000,パルプ,shipments,industry-iip-annual-20260914
2023,iip_shipments_1113001000,パルプ・出荷,140.3,index_2020_100,calendar_year,Japan,1113001000,パルプ,shipments,industry-iip-annual-20260914
2024,iip_shipments_1113001000,パルプ・出荷,160.6,index_2020_100,calendar_year,Japan,1113001000,パルプ,shipments,industry-iip-annual-20260914
2025,iip_shipments_1113001000,パルプ・出荷,138.4,index_2020_100,calendar_year,Japan,1113001000,パルプ,shipments,industry-iip-annual-20260914
2018,iip_shipments_1113002000,紙・出荷,123.5,index_2020_100,calendar_year,Japan,1113002000,紙,shipments,industry-iip-annual-20260914
2019,iip_shipments_1113002000,紙・出荷,116.1,index_2020_100,calendar_year,Japan,1113002000,紙,shipments,industry-iip-annual-20260914
2020,iip_shipments_1113002000,紙・出荷,100.0,index_2020_100,calendar_year,Japan,1113002000,紙,shipments,industry-iip-annual-20260914
2021,iip_shipments_1113002000,紙・出荷,100.9,index_2020_100,calendar_year,Japan,1113002000,紙,shipments,industry-iip-annual-20260914
2022,iip_shipments_1113002000,紙・出荷,98.9,index_2020_100,calendar_year,Japan,1113002000,紙,shipments,industry-iip-annual-20260914
2023,iip_shipments_1113002000,紙・出荷,90.9,index_2020_100,calendar_year,Japan,1113002000,紙,shipments,industry-iip-annual-20260914
2024,iip_shipments_1113002000,紙・出荷,86.9,index_2020_100,calendar_year,Japan,1113002000,紙,shipments,industry-iip-annual-20260914
2025,iip_shipments_1113002000,紙・出荷,82.5,index_2020_100,calendar_year,Japan,1113002000,紙,shipments,industry-iip-annual-20260914
2018,iip_shipments_1113003000,板紙・出荷,104.4,index_2020_100,calendar_year,Japan,1113003000,板紙,shipments,industry-iip-annual-20260914
2019,iip_shipments_1113003000,板紙・出荷,101.5,index_2020_100,calendar_year,Japan,1113003000,板紙,shipments,industry-iip-annual-20260914
2020,iip_shipments_1113003000,板紙・出荷,100.0,index_2020_100,calendar_year,Japan,1113003000,板紙,shipments,industry-iip-annual-20260914
2021,iip_shipments_1113003000,板紙・出荷,105.5,index_2020_100,calendar_year,Japan,1113003000,板紙,shipments,industry-iip-annual-20260914
2022,iip_shipments_1113003000,板紙・出荷,106.3,index_2020_100,calendar_year,Japan,1113003000,板紙,shipments,industry-iip-annual-20260914
2023,iip_shipments_1113003000,板紙・出荷,98.8,index_2020_100,calendar_year,Japan,1113003000,板紙,shipments,industry-iip-annual-20260914
2024,iip_shipments_1113003000,板紙・出荷,97.7,index_2020_100,calendar_year,Japan,1113003000,板紙,shipments,industry-iip-annual-20260914
2025,iip_shipments_1113003000,板紙・出荷,96.7,index_2020_100,calendar_year,Japan,1113003000,板紙,shipments,industry-iip-annual-20260914
2018,iip_shipments_1113004000,紙加工品・出荷,108.2,index_2020_100,calendar_year,Japan,1113004000,紙加工品,shipments,industry-iip-annual-20260914
2019,iip_shipments_1113004000,紙加工品・出荷,106.5,index_2020_100,calendar_year,Japan,1113004000,紙加工品,shipments,industry-iip-annual-20260914
2020,iip_shipments_1113004000,紙加工品・出荷,100.0,index_2020_100,calendar_year,Japan,1113004000,紙加工品,shipments,industry-iip-annual-20260914
2021,iip_shipments_1113004000,紙加工品・出荷,99.1,index_2020_100,calendar_year,Japan,1113004000,紙加工品,shipments,industry-iip-annual-20260914
2022,iip_shipments_1113004000,紙加工品・出荷,97.8,index_2020_100,calendar_year,Japan,1113004000,紙加工品,shipments,industry-iip-annual-20260914
2023,iip_shipments_1113004000,紙加工品・出荷,91.7,index_2020_100,calendar_year,Japan,1113004000,紙加工品,shipments,industry-iip-annual-20260914
2024,iip_shipments_1113004000,紙加工品・出荷,89.1,index_2020_100,calendar_year,Japan,1113004000,紙加工品,shipments,industry-iip-annual-20260914
2025,iip_shipments_1113004000,紙加工品・出荷,88.1,index_2020_100,calendar_year,Japan,1113004000,紙加工品,shipments,industry-iip-annual-20260914
2018,iip_shipments_1114000000,食料品・たばこ工業・出荷,104.3,index_2020_100,calendar_year,Japan,1114000000,食料品・たばこ工業,shipments,industry-iip-annual-20260914
2019,iip_shipments_1114000000,食料品・たばこ工業・出荷,103.7,index_2020_100,calendar_year,Japan,1114000000,食料品・たばこ工業,shipments,industry-iip-annual-20260914
2020,iip_shipments_1114000000,食料品・たばこ工業・出荷,100.0,index_2020_100,calendar_year,Japan,1114000000,食料品・たばこ工業,shipments,industry-iip-annual-20260914
2021,iip_shipments_1114000000,食料品・たばこ工業・出荷,98.6,index_2020_100,calendar_year,Japan,1114000000,食料品・たばこ工業,shipments,industry-iip-annual-20260914
2022,iip_shipments_1114000000,食料品・たばこ工業・出荷,98.1,index_2020_100,calendar_year,Japan,1114000000,食料品・たばこ工業,shipments,industry-iip-annual-20260914
2023,iip_shipments_1114000000,食料品・たばこ工業・出荷,97.4,index_2020_100,calendar_year,Japan,1114000000,食料品・たばこ工業,shipments,industry-iip-annual-20260914
2024,iip_shipments_1114000000,食料品・たばこ工業・出荷,97.4,index_2020_100,calendar_year,Japan,1114000000,食料品・たばこ工業,shipments,industry-iip-annual-20260914
2025,iip_shipments_1114000000,食料品・たばこ工業・出荷,96.5,index_2020_100,calendar_year,Japan,1114000000,食料品・たばこ工業,shipments,industry-iip-annual-20260914
2018,iip_shipments_1114001000,肉加工品・出荷,98.7,index_2020_100,calendar_year,Japan,1114001000,肉加工品,shipments,industry-iip-annual-20260914
2019,iip_shipments_1114001000,肉加工品・出荷,99.1,index_2020_100,calendar_year,Japan,1114001000,肉加工品,shipments,industry-iip-annual-20260914
2020,iip_shipments_1114001000,肉加工品・出荷,100.0,index_2020_100,calendar_year,Japan,1114001000,肉加工品,shipments,industry-iip-annual-20260914
2021,iip_shipments_1114001000,肉加工品・出荷,99.8,index_2020_100,calendar_year,Japan,1114001000,肉加工品,shipments,industry-iip-annual-20260914
2022,iip_shipments_1114001000,肉加工品・出荷,99.3,index_2020_100,calendar_year,Japan,1114001000,肉加工品,shipments,industry-iip-annual-20260914
2023,iip_shipments_1114001000,肉加工品・出荷,98.5,index_2020_100,calendar_year,Japan,1114001000,肉加工品,shipments,industry-iip-annual-20260914
2024,iip_shipments_1114001000,肉加工品・出荷,97.2,index_2020_100,calendar_year,Japan,1114001000,肉加工品,shipments,industry-iip-annual-20260914
2025,iip_shipments_1114001000,肉加工品・出荷,97.0,index_2020_100,calendar_year,Japan,1114001000,肉加工品,shipments,industry-iip-annual-20260914
2018,iip_shipments_1114002000,乳製品・出荷,99.5,index_2020_100,calendar_year,Japan,1114002000,乳製品,shipments,industry-iip-annual-20260914
2019,iip_shipments_1114002000,乳製品・出荷,98.9,index_2020_100,calendar_year,Japan,1114002000,乳製品,shipments,industry-iip-annual-20260914
2020,iip_shipments_1114002000,乳製品・出荷,100.0,index_2020_100,calendar_year,Japan,1114002000,乳製品,shipments,industry-iip-annual-20260914
2021,iip_shipments_1114002000,乳製品・出荷,99.9,index_2020_100,calendar_year,Japan,1114002000,乳製品,shipments,industry-iip-annual-20260914
2022,iip_shipments_1114002000,乳製品・出荷,98.8,index_2020_100,calendar_year,Japan,1114002000,乳製品,shipments,industry-iip-annual-20260914
2023,iip_shipments_1114002000,乳製品・出荷,97.2,index_2020_100,calendar_year,Japan,1114002000,乳製品,shipments,industry-iip-annual-20260914
2024,iip_shipments_1114002000,乳製品・出荷,96.7,index_2020_100,calendar_year,Japan,1114002000,乳製品,shipments,industry-iip-annual-20260914
2025,iip_shipments_1114002000,乳製品・出荷,95.1,index_2020_100,calendar_year,Japan,1114002000,乳製品,shipments,industry-iip-annual-20260914
2018,iip_shipments_1114003000,水産・野菜食料品・出荷,100.3,index_2020_100,calendar_year,Japan,1114003000,水産・野菜食料品,shipments,industry-iip-annual-20260914
2019,iip_shipments_1114003000,水産・野菜食料品・出荷,101.5,index_2020_100,calendar_year,Japan,1114003000,水産・野菜食料品,shipments,industry-iip-annual-20260914
2020,iip_shipments_1114003000,水産・野菜食料品・出荷,100.0,index_2020_100,calendar_year,Japan,1114003000,水産・野菜食料品,shipments,industry-iip-annual-20260914
2021,iip_shipments_1114003000,水産・野菜食料品・出荷,105.3,index_2020_100,calendar_year,Japan,1114003000,水産・野菜食料品,shipments,industry-iip-annual-20260914
2022,iip_shipments_1114003000,水産・野菜食料品・出荷,111.5,index_2020_100,calendar_year,Japan,1114003000,水産・野菜食料品,shipments,industry-iip-annual-20260914
2023,iip_shipments_1114003000,水産・野菜食料品・出荷,108.0,index_2020_100,calendar_year,Japan,1114003000,水産・野菜食料品,shipments,industry-iip-annual-20260914
2024,iip_shipments_1114003000,水産・野菜食料品・出荷,100.7,index_2020_100,calendar_year,Japan,1114003000,水産・野菜食料品,shipments,industry-iip-annual-20260914
2025,iip_shipments_1114003000,水産・野菜食料品・出荷,93.9,index_2020_100,calendar_year,Japan,1114003000,水産・野菜食料品,shipments,industry-iip-annual-20260914
2018,iip_shipments_1114004000,食用油脂・出荷,103.8,index_2020_100,calendar_year,Japan,1114004000,食用油脂,shipments,industry-iip-annual-20260914
2019,iip_shipments_1114004000,食用油脂・出荷,104.3,index_2020_100,calendar_year,Japan,1114004000,食用油脂,shipments,industry-iip-annual-20260914
2020,iip_shipments_1114004000,食用油脂・出荷,100.0,index_2020_100,calendar_year,Japan,1114004000,食用油脂,shipments,industry-iip-annual-20260914
2021,iip_shipments_1114004000,食用油脂・出荷,100.0,index_2020_100,calendar_year,Japan,1114004000,食用油脂,shipments,industry-iip-annual-20260914
2022,iip_shipments_1114004000,食用油脂・出荷,96.4,index_2020_100,calendar_year,Japan,1114004000,食用油脂,shipments,industry-iip-annual-20260914
2023,iip_shipments_1114004000,食用油脂・出荷,94.5,index_2020_100,calendar_year,Japan,1114004000,食用油脂,shipments,industry-iip-annual-20260914
2024,iip_shipments_1114004000,食用油脂・出荷,96.5,index_2020_100,calendar_year,Japan,1114004000,食用油脂,shipments,industry-iip-annual-20260914
2025,iip_shipments_1114004000,食用油脂・出荷,96.0,index_2020_100,calendar_year,Japan,1114004000,食用油脂,shipments,industry-iip-annual-20260914
2018,iip_shipments_1114005000,調味料・出荷,103.8,index_2020_100,calendar_year,Japan,1114005000,調味料,shipments,industry-iip-annual-20260914
2019,iip_shipments_1114005000,調味料・出荷,103.2,index_2020_100,calendar_year,Japan,1114005000,調味料,shipments,industry-iip-annual-20260914
2020,iip_shipments_1114005000,調味料・出荷,100.0,index_2020_100,calendar_year,Japan,1114005000,調味料,shipments,industry-iip-annual-20260914
2021,iip_shipments_1114005000,調味料・出荷,99.7,index_2020_100,calendar_year,Japan,1114005000,調味料,shipments,industry-iip-annual-20260914
2022,iip_shipments_1114005000,調味料・出荷,98.8,index_2020_100,calendar_year,Japan,1114005000,調味料,shipments,industry-iip-annual-20260914
2023,iip_shipments_1114005000,調味料・出荷,98.1,index_2020_100,calendar_year,Japan,1114005000,調味料,shipments,industry-iip-annual-20260914
2024,iip_shipments_1114005000,調味料・出荷,98.5,index_2020_100,calendar_year,Japan,1114005000,調味料,shipments,industry-iip-annual-20260914
2025,iip_shipments_1114005000,調味料・出荷,98.6,index_2020_100,calendar_year,Japan,1114005000,調味料,shipments,industry-iip-annual-20260914
2018,iip_shipments_1114006000,糖類・出荷,109.9,index_2020_100,calendar_year,Japan,1114006000,糖類,shipments,industry-iip-annual-20260914
2019,iip_shipments_1114006000,糖類・出荷,107.2,index_2020_100,calendar_year,Japan,1114006000,糖類,shipments,industry-iip-annual-20260914
2020,iip_shipments_1114006000,糖類・出荷,100.0,index_2020_100,calendar_year,Japan,1114006000,糖類,shipments,industry-iip-annual-20260914
2021,iip_shipments_1114006000,糖類・出荷,99.9,index_2020_100,calendar_year,Japan,1114006000,糖類,shipments,industry-iip-annual-20260914
2022,iip_shipments_1114006000,糖類・出荷,101.2,index_2020_100,calendar_year,Japan,1114006000,糖類,shipments,industry-iip-annual-20260914
2023,iip_shipments_1114006000,糖類・出荷,101.5,index_2020_100,calendar_year,Japan,1114006000,糖類,shipments,industry-iip-annual-20260914
2024,iip_shipments_1114006000,糖類・出荷,102.0,index_2020_100,calendar_year,Japan,1114006000,糖類,shipments,industry-iip-annual-20260914
2025,iip_shipments_1114006000,糖類・出荷,100.5,index_2020_100,calendar_year,Japan,1114006000,糖類,shipments,industry-iip-annual-20260914
2018,iip_shipments_1114007000,製粉・調整粉・出荷,103.3,index_2020_100,calendar_year,Japan,1114007000,製粉・調整粉,shipments,industry-iip-annual-20260914
2019,iip_shipments_1114007000,製粉・調整粉・出荷,102.0,index_2020_100,calendar_year,Japan,1114007000,製粉・調整粉,shipments,industry-iip-annual-20260914
2020,iip_shipments_1114007000,製粉・調整粉・出荷,100.0,index_2020_100,calendar_year,Japan,1114007000,製粉・調整粉,shipments,industry-iip-annual-20260914
2021,iip_shipments_1114007000,製粉・調整粉・出荷,99.1,index_2020_100,calendar_year,Japan,1114007000,製粉・調整粉,shipments,industry-iip-annual-20260914
2022,iip_shipments_1114007000,製粉・調整粉・出荷,97.7,index_2020_100,calendar_year,Japan,1114007000,製粉・調整粉,shipments,industry-iip-annual-20260914
2023,iip_shipments_1114007000,製粉・調整粉・出荷,97.5,index_2020_100,calendar_year,Japan,1114007000,製粉・調整粉,shipments,industry-iip-annual-20260914
2024,iip_shipments_1114007000,製粉・調整粉・出荷,99.4,index_2020_100,calendar_year,Japan,1114007000,製粉・調整粉,shipments,industry-iip-annual-20260914
2025,iip_shipments_1114007000,製粉・調整粉・出荷,99.6,index_2020_100,calendar_year,Japan,1114007000,製粉・調整粉,shipments,industry-iip-annual-20260914
2018,iip_shipments_1114008000,パン・菓子・出荷,99.4,index_2020_100,calendar_year,Japan,1114008000,パン・菓子,shipments,industry-iip-annual-20260914
2019,iip_shipments_1114008000,パン・菓子・出荷,99.5,index_2020_100,calendar_year,Japan,1114008000,パン・菓子,shipments,industry-iip-annual-20260914
2020,iip_shipments_1114008000,パン・菓子・出荷,100.0,index_2020_100,calendar_year,Japan,1114008000,パン・菓子,shipments,industry-iip-annual-20260914
2021,iip_shipments_1114008000,パン・菓子・出荷,99.3,index_2020_100,calendar_year,Japan,1114008000,パン・菓子,shipments,industry-iip-annual-20260914
2022,iip_shipments_1114008000,パン・菓子・出荷,96.2,index_2020_100,calendar_year,Japan,1114008000,パン・菓子,shipments,industry-iip-annual-20260914
2023,iip_shipments_1114008000,パン・菓子・出荷,94.9,index_2020_100,calendar_year,Japan,1114008000,パン・菓子,shipments,industry-iip-annual-20260914
2024,iip_shipments_1114008000,パン・菓子・出荷,95.3,index_2020_100,calendar_year,Japan,1114008000,パン・菓子,shipments,industry-iip-annual-20260914
2025,iip_shipments_1114008000,パン・菓子・出荷,95.9,index_2020_100,calendar_year,Japan,1114008000,パン・菓子,shipments,industry-iip-annual-20260914
2018,iip_shipments_1114009000,麺類・出荷,98.5,index_2020_100,calendar_year,Japan,1114009000,麺類,shipments,industry-iip-annual-20260914
2019,iip_shipments_1114009000,麺類・出荷,98.4,index_2020_100,calendar_year,Japan,1114009000,麺類,shipments,industry-iip-annual-20260914
2020,iip_shipments_1114009000,麺類・出荷,100.0,index_2020_100,calendar_year,Japan,1114009000,麺類,shipments,industry-iip-annual-20260914
2021,iip_shipments_1114009000,麺類・出荷,99.3,index_2020_100,calendar_year,Japan,1114009000,麺類,shipments,industry-iip-annual-20260914
2022,iip_shipments_1114009000,麺類・出荷,98.0,index_2020_100,calendar_year,Japan,1114009000,麺類,shipments,industry-iip-annual-20260914
2023,iip_shipments_1114009000,麺類・出荷,97.1,index_2020_100,calendar_year,Japan,1114009000,麺類,shipments,industry-iip-annual-20260914
2024,iip_shipments_1114009000,麺類・出荷,96.3,index_2020_100,calendar_year,Japan,1114009000,麺類,shipments,industry-iip-annual-20260914
2025,iip_shipments_1114009000,麺類・出荷,98.3,index_2020_100,calendar_year,Japan,1114009000,麺類,shipments,industry-iip-annual-20260914
2018,iip_shipments_1114010000,清涼飲料・出荷,105.1,index_2020_100,calendar_year,Japan,1114010000,清涼飲料,shipments,industry-iip-annual-20260914
2019,iip_shipments_1114010000,清涼飲料・出荷,104.8,index_2020_100,calendar_year,Japan,1114010000,清涼飲料,shipments,industry-iip-annual-20260914
2020,iip_shipments_1114010000,清涼飲料・出荷,100.0,index_2020_100,calendar_year,Japan,1114010000,清涼飲料,shipments,industry-iip-annual-20260914
2021,iip_shipments_1114010000,清涼飲料・出荷,98.5,index_2020_100,calendar_year,Japan,1114010000,清涼飲料,shipments,industry-iip-annual-20260914
2022,iip_shipments_1114010000,清涼飲料・出荷,97.4,index_2020_100,calendar_year,Japan,1114010000,清涼飲料,shipments,industry-iip-annual-20260914
2023,iip_shipments_1114010000,清涼飲料・出荷,95.2,index_2020_100,calendar_year,Japan,1114010000,清涼飲料,shipments,industry-iip-annual-20260914
2024,iip_shipments_1114010000,清涼飲料・出荷,95.1,index_2020_100,calendar_year,Japan,1114010000,清涼飲料,shipments,industry-iip-annual-20260914
2025,iip_shipments_1114010000,清涼飲料・出荷,95.3,index_2020_100,calendar_year,Japan,1114010000,清涼飲料,shipments,industry-iip-annual-20260914
2018,iip_shipments_1114011000,酒類・出荷,101.7,index_2020_100,calendar_year,Japan,1114011000,酒類,shipments,industry-iip-annual-20260914
2019,iip_shipments_1114011000,酒類・出荷,105.2,index_2020_100,calendar_year,Japan,1114011000,酒類,shipments,industry-iip-annual-20260914
2020,iip_shipments_1114011000,酒類・出荷,100.0,index_2020_100,calendar_year,Japan,1114011000,酒類,shipments,industry-iip-annual-20260914
2021,iip_shipments_1114011000,酒類・出荷,98.1,index_2020_100,calendar_year,Japan,1114011000,酒類,shipments,industry-iip-annual-20260914
2022,iip_shipments_1114011000,酒類・出荷,99.2,index_2020_100,calendar_year,Japan,1114011000,酒類,shipments,industry-iip-annual-20260914
2023,iip_shipments_1114011000,酒類・出荷,100.2,index_2020_100,calendar_year,Japan,1114011000,酒類,shipments,industry-iip-annual-20260914
2024,iip_shipments_1114011000,酒類・出荷,102.2,index_2020_100,calendar_year,Japan,1114011000,酒類,shipments,industry-iip-annual-20260914
2025,iip_shipments_1114011000,酒類・出荷,101.4,index_2020_100,calendar_year,Japan,1114011000,酒類,shipments,industry-iip-annual-20260914
2018,iip_shipments_1115000000,その他工業・出荷,115.8,index_2020_100,calendar_year,Japan,1115000000,その他工業,shipments,industry-iip-annual-20260914
2019,iip_shipments_1115000000,その他工業・出荷,113.8,index_2020_100,calendar_year,Japan,1115000000,その他工業,shipments,industry-iip-annual-20260914
2020,iip_shipments_1115000000,その他工業・出荷,100.0,index_2020_100,calendar_year,Japan,1115000000,その他工業,shipments,industry-iip-annual-20260914
2021,iip_shipments_1115000000,その他工業・出荷,104.3,index_2020_100,calendar_year,Japan,1115000000,その他工業,shipments,industry-iip-annual-20260914
2022,iip_shipments_1115000000,その他工業・出荷,103.2,index_2020_100,calendar_year,Japan,1115000000,その他工業,shipments,industry-iip-annual-20260914
2023,iip_shipments_1115000000,その他工業・出荷,98.2,index_2020_100,calendar_year,Japan,1115000000,その他工業,shipments,industry-iip-annual-20260914
2024,iip_shipments_1115000000,その他工業・出荷,93.9,index_2020_100,calendar_year,Japan,1115000000,その他工業,shipments,industry-iip-annual-20260914
2025,iip_shipments_1115000000,その他工業・出荷,93.4,index_2020_100,calendar_year,Japan,1115000000,その他工業,shipments,industry-iip-annual-20260914
2018,iip_shipments_1115100000,繊維工業・出荷,116.0,index_2020_100,calendar_year,Japan,1115100000,繊維工業,shipments,industry-iip-annual-20260914
2019,iip_shipments_1115100000,繊維工業・出荷,111.9,index_2020_100,calendar_year,Japan,1115100000,繊維工業,shipments,industry-iip-annual-20260914
2020,iip_shipments_1115100000,繊維工業・出荷,100.0,index_2020_100,calendar_year,Japan,1115100000,繊維工業,shipments,industry-iip-annual-20260914
2021,iip_shipments_1115100000,繊維工業・出荷,99.8,index_2020_100,calendar_year,Japan,1115100000,繊維工業,shipments,industry-iip-annual-20260914
2022,iip_shipments_1115100000,繊維工業・出荷,100.6,index_2020_100,calendar_year,Japan,1115100000,繊維工業,shipments,industry-iip-annual-20260914
2023,iip_shipments_1115100000,繊維工業・出荷,93.7,index_2020_100,calendar_year,Japan,1115100000,繊維工業,shipments,industry-iip-annual-20260914
2024,iip_shipments_1115100000,繊維工業・出荷,92.6,index_2020_100,calendar_year,Japan,1115100000,繊維工業,shipments,industry-iip-annual-20260914
2025,iip_shipments_1115100000,繊維工業・出荷,90.8,index_2020_100,calendar_year,Japan,1115100000,繊維工業,shipments,industry-iip-annual-20260914
2018,iip_shipments_1115101000,繊維・出荷,120.6,index_2020_100,calendar_year,Japan,1115101000,繊維,shipments,industry-iip-annual-20260914
2019,iip_shipments_1115101000,繊維・出荷,115.9,index_2020_100,calendar_year,Japan,1115101000,繊維,shipments,industry-iip-annual-20260914
2020,iip_shipments_1115101000,繊維・出荷,100.0,index_2020_100,calendar_year,Japan,1115101000,繊維,shipments,industry-iip-annual-20260914
2021,iip_shipments_1115101000,繊維・出荷,106.7,index_2020_100,calendar_year,Japan,1115101000,繊維,shipments,industry-iip-annual-20260914
2022,iip_shipments_1115101000,繊維・出荷,109.1,index_2020_100,calendar_year,Japan,1115101000,繊維,shipments,industry-iip-annual-20260914
2023,iip_shipments_1115101000,繊維・出荷,95.0,index_2020_100,calendar_year,Japan,1115101000,繊維,shipments,industry-iip-annual-20260914
2024,iip_shipments_1115101000,繊維・出荷,94.4,index_2020_100,calendar_year,Japan,1115101000,繊維,shipments,industry-iip-annual-20260914
2025,iip_shipments_1115101000,繊維・出荷,91.4,index_2020_100,calendar_year,Japan,1115101000,繊維,shipments,industry-iip-annual-20260914
2018,iip_shipments_1115102000,織物・出荷,116.7,index_2020_100,calendar_year,Japan,1115102000,織物,shipments,industry-iip-annual-20260914
2019,iip_shipments_1115102000,織物・出荷,118.2,index_2020_100,calendar_year,Japan,1115102000,織物,shipments,industry-iip-annual-20260914
2020,iip_shipments_1115102000,織物・出荷,100.0,index_2020_100,calendar_year,Japan,1115102000,織物,shipments,industry-iip-annual-20260914
2021,iip_shipments_1115102000,織物・出荷,103.4,index_2020_100,calendar_year,Japan,1115102000,織物,shipments,industry-iip-annual-20260914
2022,iip_shipments_1115102000,織物・出荷,102.3,index_2020_100,calendar_year,Japan,1115102000,織物,shipments,industry-iip-annual-20260914
2023,iip_shipments_1115102000,織物・出荷,97.4,index_2020_100,calendar_year,Japan,1115102000,織物,shipments,industry-iip-annual-20260914
2024,iip_shipments_1115102000,織物・出荷,99.2,index_2020_100,calendar_year,Japan,1115102000,織物,shipments,industry-iip-annual-20260914
2025,iip_shipments_1115102000,織物・出荷,102.9,index_2020_100,calendar_year,Japan,1115102000,織物,shipments,industry-iip-annual-20260914
2018,iip_shipments_1115103000,染色整理・出荷,117.3,index_2020_100,calendar_year,Japan,1115103000,染色整理,shipments,industry-iip-annual-20260914
2019,iip_shipments_1115103000,染色整理・出荷,114.7,index_2020_100,calendar_year,Japan,1115103000,染色整理,shipments,industry-iip-annual-20260914
2020,iip_shipments_1115103000,染色整理・出荷,100.0,index_2020_100,calendar_year,Japan,1115103000,染色整理,shipments,industry-iip-annual-20260914
2021,iip_shipments_1115103000,染色整理・出荷,102.0,index_2020_100,calendar_year,Japan,1115103000,染色整理,shipments,industry-iip-annual-20260914
2022,iip_shipments_1115103000,染色整理・出荷,101.7,index_2020_100,calendar_year,Japan,1115103000,染色整理,shipments,industry-iip-annual-20260914
2023,iip_shipments_1115103000,染色整理・出荷,101.3,index_2020_100,calendar_year,Japan,1115103000,染色整理,shipments,industry-iip-annual-20260914
2024,iip_shipments_1115103000,染色整理・出荷,95.6,index_2020_100,calendar_year,Japan,1115103000,染色整理,shipments,industry-iip-annual-20260914
2025,iip_shipments_1115103000,染色整理・出荷,93.0,index_2020_100,calendar_year,Japan,1115103000,染色整理,shipments,industry-iip-annual-20260914
2018,iip_shipments_1115104000,繊維製品・粗製品・出荷,111.8,index_2020_100,calendar_year,Japan,1115104000,繊維製品・粗製品,shipments,industry-iip-annual-20260914
2019,iip_shipments_1115104000,繊維製品・粗製品・出荷,106.0,index_2020_100,calendar_year,Japan,1115104000,繊維製品・粗製品,shipments,industry-iip-annual-20260914
2020,iip_shipments_1115104000,繊維製品・粗製品・出荷,100.0,index_2020_100,calendar_year,Japan,1115104000,繊維製品・粗製品,shipments,industry-iip-annual-20260914
2021,iip_shipments_1115104000,繊維製品・粗製品・出荷,92.9,index_2020_100,calendar_year,Japan,1115104000,繊維製品・粗製品,shipments,industry-iip-annual-20260914
2022,iip_shipments_1115104000,繊維製品・粗製品・出荷,93.3,index_2020_100,calendar_year,Japan,1115104000,繊維製品・粗製品,shipments,industry-iip-annual-20260914
2023,iip_shipments_1115104000,繊維製品・粗製品・出荷,89.0,index_2020_100,calendar_year,Japan,1115104000,繊維製品・粗製品,shipments,industry-iip-annual-20260914
2024,iip_shipments_1115104000,繊維製品・粗製品・出荷,88.1,index_2020_100,calendar_year,Japan,1115104000,繊維製品・粗製品,shipments,industry-iip-annual-20260914
2025,iip_shipments_1115104000,繊維製品・粗製品・出荷,85.7,index_2020_100,calendar_year,Japan,1115104000,繊維製品・粗製品,shipments,industry-iip-annual-20260914
2018,iip_shipments_1115200000,木材・木製品工業・出荷,109.7,index_2020_100,calendar_year,Japan,1115200000,木材・木製品工業,shipments,industry-iip-annual-20260914
2019,iip_shipments_1115200000,木材・木製品工業・出荷,112.0,index_2020_100,calendar_year,Japan,1115200000,木材・木製品工業,shipments,industry-iip-annual-20260914
2020,iip_shipments_1115200000,木材・木製品工業・出荷,100.0,index_2020_100,calendar_year,Japan,1115200000,木材・木製品工業,shipments,industry-iip-annual-20260914
2021,iip_shipments_1115200000,木材・木製品工業・出荷,108.2,index_2020_100,calendar_year,Japan,1115200000,木材・木製品工業,shipments,industry-iip-annual-20260914
2022,iip_shipments_1115200000,木材・木製品工業・出荷,102.7,index_2020_100,calendar_year,Japan,1115200000,木材・木製品工業,shipments,industry-iip-annual-20260914
2023,iip_shipments_1115200000,木材・木製品工業・出荷,94.5,index_2020_100,calendar_year,Japan,1115200000,木材・木製品工業,shipments,industry-iip-annual-20260914
2024,iip_shipments_1115200000,木材・木製品工業・出荷,88.5,index_2020_100,calendar_year,Japan,1115200000,木材・木製品工業,shipments,industry-iip-annual-20260914
2025,iip_shipments_1115200000,木材・木製品工業・出荷,91.8,index_2020_100,calendar_year,Japan,1115200000,木材・木製品工業,shipments,industry-iip-annual-20260914
2018,iip_shipments_1115201000,木材・木製品・出荷,109.7,index_2020_100,calendar_year,Japan,1115201000,木材・木製品,shipments,industry-iip-annual-20260914
2019,iip_shipments_1115201000,木材・木製品・出荷,112.0,index_2020_100,calendar_year,Japan,1115201000,木材・木製品,shipments,industry-iip-annual-20260914
2020,iip_shipments_1115201000,木材・木製品・出荷,100.0,index_2020_100,calendar_year,Japan,1115201000,木材・木製品,shipments,industry-iip-annual-20260914
2021,iip_shipments_1115201000,木材・木製品・出荷,108.2,index_2020_100,calendar_year,Japan,1115201000,木材・木製品,shipments,industry-iip-annual-20260914
2022,iip_shipments_1115201000,木材・木製品・出荷,102.7,index_2020_100,calendar_year,Japan,1115201000,木材・木製品,shipments,industry-iip-annual-20260914
2023,iip_shipments_1115201000,木材・木製品・出荷,94.5,index_2020_100,calendar_year,Japan,1115201000,木材・木製品,shipments,industry-iip-annual-20260914
2024,iip_shipments_1115201000,木材・木製品・出荷,88.5,index_2020_100,calendar_year,Japan,1115201000,木材・木製品,shipments,industry-iip-annual-20260914
2025,iip_shipments_1115201000,木材・木製品・出荷,91.8,index_2020_100,calendar_year,Japan,1115201000,木材・木製品,shipments,industry-iip-annual-20260914
2018,iip_shipments_1115300000,家具工業・出荷,108.5,index_2020_100,calendar_year,Japan,1115300000,家具工業,shipments,industry-iip-annual-20260914
2019,iip_shipments_1115300000,家具工業・出荷,109.5,index_2020_100,calendar_year,Japan,1115300000,家具工業,shipments,industry-iip-annual-20260914
2020,iip_shipments_1115300000,家具工業・出荷,100.0,index_2020_100,calendar_year,Japan,1115300000,家具工業,shipments,industry-iip-annual-20260914
2021,iip_shipments_1115300000,家具工業・出荷,102.1,index_2020_100,calendar_year,Japan,1115300000,家具工業,shipments,industry-iip-annual-20260914
2022,iip_shipments_1115300000,家具工業・出荷,100.5,index_2020_100,calendar_year,Japan,1115300000,家具工業,shipments,industry-iip-annual-20260914
2023,iip_shipments_1115300000,家具工業・出荷,96.8,index_2020_100,calendar_year,Japan,1115300000,家具工業,shipments,industry-iip-annual-20260914
2024,iip_shipments_1115300000,家具工業・出荷,96.8,index_2020_100,calendar_year,Japan,1115300000,家具工業,shipments,industry-iip-annual-20260914
2025,iip_shipments_1115300000,家具工業・出荷,95.3,index_2020_100,calendar_year,Japan,1115300000,家具工業,shipments,industry-iip-annual-20260914
2018,iip_shipments_1115301000,家具・出荷,108.5,index_2020_100,calendar_year,Japan,1115301000,家具,shipments,industry-iip-annual-20260914
2019,iip_shipments_1115301000,家具・出荷,109.5,index_2020_100,calendar_year,Japan,1115301000,家具,shipments,industry-iip-annual-20260914
2020,iip_shipments_1115301000,家具・出荷,100.0,index_2020_100,calendar_year,Japan,1115301000,家具,shipments,industry-iip-annual-20260914
2021,iip_shipments_1115301000,家具・出荷,102.1,index_2020_100,calendar_year,Japan,1115301000,家具,shipments,industry-iip-annual-20260914
2022,iip_shipments_1115301000,家具・出荷,100.5,index_2020_100,calendar_year,Japan,1115301000,家具,shipments,industry-iip-annual-20260914
2023,iip_shipments_1115301000,家具・出荷,96.8,index_2020_100,calendar_year,Japan,1115301000,家具,shipments,industry-iip-annual-20260914
2024,iip_shipments_1115301000,家具・出荷,96.8,index_2020_100,calendar_year,Japan,1115301000,家具,shipments,industry-iip-annual-20260914
2025,iip_shipments_1115301000,家具・出荷,95.3,index_2020_100,calendar_year,Japan,1115301000,家具,shipments,industry-iip-annual-20260914
2018,iip_shipments_1115400000,印刷業・出荷,114.1,index_2020_100,calendar_year,Japan,1115400000,印刷業,shipments,industry-iip-annual-20260914
2019,iip_shipments_1115400000,印刷業・出荷,110.8,index_2020_100,calendar_year,Japan,1115400000,印刷業,shipments,industry-iip-annual-20260914
2020,iip_shipments_1115400000,印刷業・出荷,100.0,index_2020_100,calendar_year,Japan,1115400000,印刷業,shipments,industry-iip-annual-20260914
2021,iip_shipments_1115400000,印刷業・出荷,99.9,index_2020_100,calendar_year,Japan,1115400000,印刷業,shipments,industry-iip-annual-20260914
2022,iip_shipments_1115400000,印刷業・出荷,98.0,index_2020_100,calendar_year,Japan,1115400000,印刷業,shipments,industry-iip-annual-20260914
2023,iip_shipments_1115400000,印刷業・出荷,93.3,index_2020_100,calendar_year,Japan,1115400000,印刷業,shipments,industry-iip-annual-20260914
2024,iip_shipments_1115400000,印刷業・出荷,88.9,index_2020_100,calendar_year,Japan,1115400000,印刷業,shipments,industry-iip-annual-20260914
2025,iip_shipments_1115400000,印刷業・出荷,86.1,index_2020_100,calendar_year,Japan,1115400000,印刷業,shipments,industry-iip-annual-20260914
2018,iip_shipments_1115401000,印刷・出荷,114.1,index_2020_100,calendar_year,Japan,1115401000,印刷,shipments,industry-iip-annual-20260914
2019,iip_shipments_1115401000,印刷・出荷,110.8,index_2020_100,calendar_year,Japan,1115401000,印刷,shipments,industry-iip-annual-20260914
2020,iip_shipments_1115401000,印刷・出荷,100.0,index_2020_100,calendar_year,Japan,1115401000,印刷,shipments,industry-iip-annual-20260914
2021,iip_shipments_1115401000,印刷・出荷,99.9,index_2020_100,calendar_year,Japan,1115401000,印刷,shipments,industry-iip-annual-20260914
2022,iip_shipments_1115401000,印刷・出荷,98.0,index_2020_100,calendar_year,Japan,1115401000,印刷,shipments,industry-iip-annual-20260914
2023,iip_shipments_1115401000,印刷・出荷,93.3,index_2020_100,calendar_year,Japan,1115401000,印刷,shipments,industry-iip-annual-20260914
2024,iip_shipments_1115401000,印刷・出荷,88.9,index_2020_100,calendar_year,Japan,1115401000,印刷,shipments,industry-iip-annual-20260914
2025,iip_shipments_1115401000,印刷・出荷,86.1,index_2020_100,calendar_year,Japan,1115401000,印刷,shipments,industry-iip-annual-20260914
2018,iip_shipments_1115500000,ゴム製品工業・出荷,121.0,index_2020_100,calendar_year,Japan,1115500000,ゴム製品工業,shipments,industry-iip-annual-20260914
2019,iip_shipments_1115500000,ゴム製品工業・出荷,119.4,index_2020_100,calendar_year,Japan,1115500000,ゴム製品工業,shipments,industry-iip-annual-20260914
2020,iip_shipments_1115500000,ゴム製品工業・出荷,100.0,index_2020_100,calendar_year,Japan,1115500000,ゴム製品工業,shipments,industry-iip-annual-20260914
2021,iip_shipments_1115500000,ゴム製品工業・出荷,111.2,index_2020_100,calendar_year,Japan,1115500000,ゴム製品工業,shipments,industry-iip-annual-20260914
2022,iip_shipments_1115500000,ゴム製品工業・出荷,110.7,index_2020_100,calendar_year,Japan,1115500000,ゴム製品工業,shipments,industry-iip-annual-20260914
2023,iip_shipments_1115500000,ゴム製品工業・出荷,109.2,index_2020_100,calendar_year,Japan,1115500000,ゴム製品工業,shipments,industry-iip-annual-20260914
2024,iip_shipments_1115500000,ゴム製品工業・出荷,102.0,index_2020_100,calendar_year,Japan,1115500000,ゴム製品工業,shipments,industry-iip-annual-20260914
2025,iip_shipments_1115500000,ゴム製品工業・出荷,102.7,index_2020_100,calendar_year,Japan,1115500000,ゴム製品工業,shipments,industry-iip-annual-20260914
2018,iip_shipments_1115501000,ゴム製品・出荷,121.0,index_2020_100,calendar_year,Japan,1115501000,ゴム製品,shipments,industry-iip-annual-20260914
2019,iip_shipments_1115501000,ゴム製品・出荷,119.4,index_2020_100,calendar_year,Japan,1115501000,ゴム製品,shipments,industry-iip-annual-20260914
2020,iip_shipments_1115501000,ゴム製品・出荷,100.0,index_2020_100,calendar_year,Japan,1115501000,ゴム製品,shipments,industry-iip-annual-20260914
2021,iip_shipments_1115501000,ゴム製品・出荷,111.2,index_2020_100,calendar_year,Japan,1115501000,ゴム製品,shipments,industry-iip-annual-20260914
2022,iip_shipments_1115501000,ゴム製品・出荷,110.7,index_2020_100,calendar_year,Japan,1115501000,ゴム製品,shipments,industry-iip-annual-20260914
2023,iip_shipments_1115501000,ゴム製品・出荷,109.2,index_2020_100,calendar_year,Japan,1115501000,ゴム製品,shipments,industry-iip-annual-20260914
2024,iip_shipments_1115501000,ゴム製品・出荷,102.0,index_2020_100,calendar_year,Japan,1115501000,ゴム製品,shipments,industry-iip-annual-20260914
2025,iip_shipments_1115501000,ゴム製品・出荷,102.7,index_2020_100,calendar_year,Japan,1115501000,ゴム製品,shipments,industry-iip-annual-20260914
2018,iip_shipments_1115600000,その他製品工業・出荷,129.0,index_2020_100,calendar_year,Japan,1115600000,その他製品工業,shipments,industry-iip-annual-20260914
2019,iip_shipments_1115600000,その他製品工業・出荷,123.5,index_2020_100,calendar_year,Japan,1115600000,その他製品工業,shipments,industry-iip-annual-20260914
2020,iip_shipments_1115600000,その他製品工業・出荷,100.0,index_2020_100,calendar_year,Japan,1115600000,その他製品工業,shipments,industry-iip-annual-20260914
2021,iip_shipments_1115600000,その他製品工業・出荷,109.5,index_2020_100,calendar_year,Japan,1115600000,その他製品工業,shipments,industry-iip-annual-20260914
2022,iip_shipments_1115600000,その他製品工業・出荷,114.1,index_2020_100,calendar_year,Japan,1115600000,その他製品工業,shipments,industry-iip-annual-20260914
2023,iip_shipments_1115600000,その他製品工業・出荷,109.4,index_2020_100,calendar_year,Japan,1115600000,その他製品工業,shipments,industry-iip-annual-20260914
2024,iip_shipments_1115600000,その他製品工業・出荷,102.6,index_2020_100,calendar_year,Japan,1115600000,その他製品工業,shipments,industry-iip-annual-20260914
2025,iip_shipments_1115600000,その他製品工業・出荷,103.5,index_2020_100,calendar_year,Japan,1115600000,その他製品工業,shipments,industry-iip-annual-20260914
2018,iip_shipments_1115601000,時計・出荷,164.8,index_2020_100,calendar_year,Japan,1115601000,時計,shipments,industry-iip-annual-20260914
2019,iip_shipments_1115601000,時計・出荷,144.0,index_2020_100,calendar_year,Japan,1115601000,時計,shipments,industry-iip-annual-20260914
2020,iip_shipments_1115601000,時計・出荷,100.0,index_2020_100,calendar_year,Japan,1115601000,時計,shipments,industry-iip-annual-20260914
2021,iip_shipments_1115601000,時計・出荷,102.1,index_2020_100,calendar_year,Japan,1115601000,時計,shipments,industry-iip-annual-20260914
2022,iip_shipments_1115601000,時計・出荷,112.2,index_2020_100,calendar_year,Japan,1115601000,時計,shipments,industry-iip-annual-20260914
2023,iip_shipments_1115601000,時計・出荷,104.1,index_2020_100,calendar_year,Japan,1115601000,時計,shipments,industry-iip-annual-20260914
2024,iip_shipments_1115601000,時計・出荷,85.8,index_2020_100,calendar_year,Japan,1115601000,時計,shipments,industry-iip-annual-20260914
2025,iip_shipments_1115601000,時計・出荷,97.2,index_2020_100,calendar_year,Japan,1115601000,時計,shipments,industry-iip-annual-20260914
2018,iip_shipments_1115602000,楽器・出荷,115.9,index_2020_100,calendar_year,Japan,1115602000,楽器,shipments,industry-iip-annual-20260914
2019,iip_shipments_1115602000,楽器・出荷,120.6,index_2020_100,calendar_year,Japan,1115602000,楽器,shipments,industry-iip-annual-20260914
2020,iip_shipments_1115602000,楽器・出荷,100.0,index_2020_100,calendar_year,Japan,1115602000,楽器,shipments,industry-iip-annual-20260914
2021,iip_shipments_1115602000,楽器・出荷,117.4,index_2020_100,calendar_year,Japan,1115602000,楽器,shipments,industry-iip-annual-20260914
2022,iip_shipments_1115602000,楽器・出荷,109.5,index_2020_100,calendar_year,Japan,1115602000,楽器,shipments,industry-iip-annual-20260914
2023,iip_shipments_1115602000,楽器・出荷,103.4,index_2020_100,calendar_year,Japan,1115602000,楽器,shipments,industry-iip-annual-20260914
2024,iip_shipments_1115602000,楽器・出荷,94.8,index_2020_100,calendar_year,Japan,1115602000,楽器,shipments,industry-iip-annual-20260914
2025,iip_shipments_1115602000,楽器・出荷,87.8,index_2020_100,calendar_year,Japan,1115602000,楽器,shipments,industry-iip-annual-20260914
2018,iip_shipments_1115603000,玩具・出荷,94.1,index_2020_100,calendar_year,Japan,1115603000,玩具,shipments,industry-iip-annual-20260914
2019,iip_shipments_1115603000,玩具・出荷,97.9,index_2020_100,calendar_year,Japan,1115603000,玩具,shipments,industry-iip-annual-20260914
2020,iip_shipments_1115603000,玩具・出荷,100.0,index_2020_100,calendar_year,Japan,1115603000,玩具,shipments,industry-iip-annual-20260914
2021,iip_shipments_1115603000,玩具・出荷,110.9,index_2020_100,calendar_year,Japan,1115603000,玩具,shipments,industry-iip-annual-20260914
2022,iip_shipments_1115603000,玩具・出荷,113.4,index_2020_100,calendar_year,Japan,1115603000,玩具,shipments,industry-iip-annual-20260914
2023,iip_shipments_1115603000,玩具・出荷,115.5,index_2020_100,calendar_year,Japan,1115603000,玩具,shipments,industry-iip-annual-20260914
2024,iip_shipments_1115603000,玩具・出荷,116.1,index_2020_100,calendar_year,Japan,1115603000,玩具,shipments,industry-iip-annual-20260914
2025,iip_shipments_1115603000,玩具・出荷,119.4,index_2020_100,calendar_year,Japan,1115603000,玩具,shipments,industry-iip-annual-20260914
2018,iip_shipments_1115604000,文具・出荷,122.7,index_2020_100,calendar_year,Japan,1115604000,文具,shipments,industry-iip-annual-20260914
2019,iip_shipments_1115604000,文具・出荷,122.2,index_2020_100,calendar_year,Japan,1115604000,文具,shipments,industry-iip-annual-20260914
2020,iip_shipments_1115604000,文具・出荷,100.0,index_2020_100,calendar_year,Japan,1115604000,文具,shipments,industry-iip-annual-20260914
2021,iip_shipments_1115604000,文具・出荷,115.5,index_2020_100,calendar_year,Japan,1115604000,文具,shipments,industry-iip-annual-20260914
2022,iip_shipments_1115604000,文具・出荷,121.3,index_2020_100,calendar_year,Japan,1115604000,文具,shipments,industry-iip-annual-20260914
2023,iip_shipments_1115604000,文具・出荷,115.3,index_2020_100,calendar_year,Japan,1115604000,文具,shipments,industry-iip-annual-20260914
2024,iip_shipments_1115604000,文具・出荷,113.2,index_2020_100,calendar_year,Japan,1115604000,文具,shipments,industry-iip-annual-20260914
2025,iip_shipments_1115604000,文具・出荷,108.0,index_2020_100,calendar_year,Japan,1115604000,文具,shipments,industry-iip-annual-20260914
2018,iip_shipments_1115605000,皮革製品・出荷,140.7,index_2020_100,calendar_year,Japan,1115605000,皮革製品,shipments,industry-iip-annual-20260914
2019,iip_shipments_1115605000,皮革製品・出荷,126.5,index_2020_100,calendar_year,Japan,1115605000,皮革製品,shipments,industry-iip-annual-20260914
2020,iip_shipments_1115605000,皮革製品・出荷,100.0,index_2020_100,calendar_year,Japan,1115605000,皮革製品,shipments,industry-iip-annual-20260914
2021,iip_shipments_1115605000,皮革製品・出荷,89.6,index_2020_100,calendar_year,Japan,1115605000,皮革製品,shipments,industry-iip-annual-20260914
2022,iip_shipments_1115605000,皮革製品・出荷,94.1,index_2020_100,calendar_year,Japan,1115605000,皮革製品,shipments,industry-iip-annual-20260914
2023,iip_shipments_1115605000,皮革製品・出荷,93.7,index_2020_100,calendar_year,Japan,1115605000,皮革製品,shipments,industry-iip-annual-20260914
2024,iip_shipments_1115605000,皮革製品・出荷,89.2,index_2020_100,calendar_year,Japan,1115605000,皮革製品,shipments,industry-iip-annual-20260914
2025,iip_shipments_1115605000,皮革製品・出荷,88.0,index_2020_100,calendar_year,Japan,1115605000,皮革製品,shipments,industry-iip-annual-20260914
2018,iip_shipments_1200000000,鉱業・出荷,108.9,index_2020_100,calendar_year,Japan,1200000000,鉱業,shipments,industry-iip-annual-20260914
2019,iip_shipments_1200000000,鉱業・出荷,106.7,index_2020_100,calendar_year,Japan,1200000000,鉱業,shipments,industry-iip-annual-20260914
2020,iip_shipments_1200000000,鉱業・出荷,100.0,index_2020_100,calendar_year,Japan,1200000000,鉱業,shipments,industry-iip-annual-20260914
2021,iip_shipments_1200000000,鉱業・出荷,103.1,index_2020_100,calendar_year,Japan,1200000000,鉱業,shipments,industry-iip-annual-20260914
2022,iip_shipments_1200000000,鉱業・出荷,100.1,index_2020_100,calendar_year,Japan,1200000000,鉱業,shipments,industry-iip-annual-20260914
2023,iip_shipments_1200000000,鉱業・出荷,93.9,index_2020_100,calendar_year,Japan,1200000000,鉱業,shipments,industry-iip-annual-20260914
2024,iip_shipments_1200000000,鉱業・出荷,93.3,index_2020_100,calendar_year,Japan,1200000000,鉱業,shipments,industry-iip-annual-20260914
2025,iip_shipments_1200000000,鉱業・出荷,92.6,index_2020_100,calendar_year,Japan,1200000000,鉱業,shipments,industry-iip-annual-20260914
2018,iip_shipments_4010000000,産業総合（鉱工業、電力・ガス・熱供給・水道事業）・出荷,113.9,index_2020_100,calendar_year,Japan,4010000000,産業総合（鉱工業、電力・ガス・熱供給・水道事業）,shipments,industry-iip-annual-20260914
2019,iip_shipments_4010000000,産業総合（鉱工業、電力・ガス・熱供給・水道事業）・出荷,111.1,index_2020_100,calendar_year,Japan,4010000000,産業総合（鉱工業、電力・ガス・熱供給・水道事業）,shipments,industry-iip-annual-20260914
2020,iip_shipments_4010000000,産業総合（鉱工業、電力・ガス・熱供給・水道事業）・出荷,100.0,index_2020_100,calendar_year,Japan,4010000000,産業総合（鉱工業、電力・ガス・熱供給・水道事業）,shipments,industry-iip-annual-20260914
2021,iip_shipments_4010000000,産業総合（鉱工業、電力・ガス・熱供給・水道事業）・出荷,104.1,index_2020_100,calendar_year,Japan,4010000000,産業総合（鉱工業、電力・ガス・熱供給・水道事業）,shipments,industry-iip-annual-20260914
2022,iip_shipments_4010000000,産業総合（鉱工業、電力・ガス・熱供給・水道事業）・出荷,103.8,index_2020_100,calendar_year,Japan,4010000000,産業総合（鉱工業、電力・ガス・熱供給・水道事業）,shipments,industry-iip-annual-20260914
2023,iip_shipments_4010000000,産業総合（鉱工業、電力・ガス・熱供給・水道事業）・出荷,102.9,index_2020_100,calendar_year,Japan,4010000000,産業総合（鉱工業、電力・ガス・熱供給・水道事業）,shipments,industry-iip-annual-20260914
2024,iip_shipments_4010000000,産業総合（鉱工業、電力・ガス・熱供給・水道事業）・出荷,99.9,index_2020_100,calendar_year,Japan,4010000000,産業総合（鉱工業、電力・ガス・熱供給・水道事業）,shipments,industry-iip-annual-20260914
2025,iip_shipments_4010000000,産業総合（鉱工業、電力・ガス・熱供給・水道事業）・出荷,99.6,index_2020_100,calendar_year,Japan,4010000000,産業総合（鉱工業、電力・ガス・熱供給・水道事業）,shipments,industry-iip-annual-20260914
2018,iip_shipments_4010000001,産業総合（鉱工業、電力・ガス・熱供給）・出荷,114.1,index_2020_100,calendar_year,Japan,4010000001,産業総合（鉱工業、電力・ガス・熱供給）,shipments,industry-iip-annual-20260914
2019,iip_shipments_4010000001,産業総合（鉱工業、電力・ガス・熱供給）・出荷,111.2,index_2020_100,calendar_year,Japan,4010000001,産業総合（鉱工業、電力・ガス・熱供給）,shipments,industry-iip-annual-20260914
2020,iip_shipments_4010000001,産業総合（鉱工業、電力・ガス・熱供給）・出荷,100.0,index_2020_100,calendar_year,Japan,4010000001,産業総合（鉱工業、電力・ガス・熱供給）,shipments,industry-iip-annual-20260914
2021,iip_shipments_4010000001,産業総合（鉱工業、電力・ガス・熱供給）・出荷,104.2,index_2020_100,calendar_year,Japan,4010000001,産業総合（鉱工業、電力・ガス・熱供給）,shipments,industry-iip-annual-20260914
2022,iip_shipments_4010000001,産業総合（鉱工業、電力・ガス・熱供給）・出荷,103.9,index_2020_100,calendar_year,Japan,4010000001,産業総合（鉱工業、電力・ガス・熱供給）,shipments,industry-iip-annual-20260914
2023,iip_shipments_4010000001,産業総合（鉱工業、電力・ガス・熱供給）・出荷,103.0,index_2020_100,calendar_year,Japan,4010000001,産業総合（鉱工業、電力・ガス・熱供給）,shipments,industry-iip-annual-20260914
2024,iip_shipments_4010000001,産業総合（鉱工業、電力・ガス・熱供給）・出荷,99.9,index_2020_100,calendar_year,Japan,4010000001,産業総合（鉱工業、電力・ガス・熱供給）,shipments,industry-iip-annual-20260914
2025,iip_shipments_4010000001,産業総合（鉱工業、電力・ガス・熱供給）・出荷,99.7,index_2020_100,calendar_year,Japan,4010000001,産業総合（鉱工業、電力・ガス・熱供給）,shipments,industry-iip-annual-20260914
2018,iip_shipments_4010000100,電力・ガス・熱供給・水道事業・出荷,104.5,index_2020_100,calendar_year,Japan,4010000100,電力・ガス・熱供給・水道事業,shipments,industry-iip-annual-20260914
2019,iip_shipments_4010000100,電力・ガス・熱供給・水道事業・出荷,102.6,index_2020_100,calendar_year,Japan,4010000100,電力・ガス・熱供給・水道事業,shipments,industry-iip-annual-20260914
2020,iip_shipments_4010000100,電力・ガス・熱供給・水道事業・出荷,100.0,index_2020_100,calendar_year,Japan,4010000100,電力・ガス・熱供給・水道事業,shipments,industry-iip-annual-20260914
2021,iip_shipments_4010000100,電力・ガス・熱供給・水道事業・出荷,101.6,index_2020_100,calendar_year,Japan,4010000100,電力・ガス・熱供給・水道事業,shipments,industry-iip-annual-20260914
2022,iip_shipments_4010000100,電力・ガス・熱供給・水道事業・出荷,103.3,index_2020_100,calendar_year,Japan,4010000100,電力・ガス・熱供給・水道事業,shipments,industry-iip-annual-20260914
2023,iip_shipments_4010000100,電力・ガス・熱供給・水道事業・出荷,100.0,index_2020_100,calendar_year,Japan,4010000100,電力・ガス・熱供給・水道事業,shipments,industry-iip-annual-20260914
2024,iip_shipments_4010000100,電力・ガス・熱供給・水道事業・出荷,100.7,index_2020_100,calendar_year,Japan,4010000100,電力・ガス・熱供給・水道事業,shipments,industry-iip-annual-20260914
2025,iip_shipments_4010000100,電力・ガス・熱供給・水道事業・出荷,101.2,index_2020_100,calendar_year,Japan,4010000100,電力・ガス・熱供給・水道事業,shipments,industry-iip-annual-20260914
2018,iip_shipments_4010000110,電力・ガス・熱供給・出荷,105.0,index_2020_100,calendar_year,Japan,4010000110,電力・ガス・熱供給,shipments,industry-iip-annual-20260914
2019,iip_shipments_4010000110,電力・ガス・熱供給・出荷,102.9,index_2020_100,calendar_year,Japan,4010000110,電力・ガス・熱供給,shipments,industry-iip-annual-20260914
2020,iip_shipments_4010000110,電力・ガス・熱供給・出荷,100.0,index_2020_100,calendar_year,Japan,4010000110,電力・ガス・熱供給,shipments,industry-iip-annual-20260914
2021,iip_shipments_4010000110,電力・ガス・熱供給・出荷,101.8,index_2020_100,calendar_year,Japan,4010000110,電力・ガス・熱供給,shipments,industry-iip-annual-20260914
2022,iip_shipments_4010000110,電力・ガス・熱供給・出荷,103.8,index_2020_100,calendar_year,Japan,4010000110,電力・ガス・熱供給,shipments,industry-iip-annual-20260914
2023,iip_shipments_4010000110,電力・ガス・熱供給・出荷,100.1,index_2020_100,calendar_year,Japan,4010000110,電力・ガス・熱供給,shipments,industry-iip-annual-20260914
2024,iip_shipments_4010000110,電力・ガス・熱供給・出荷,100.8,index_2020_100,calendar_year,Japan,4010000110,電力・ガス・熱供給,shipments,industry-iip-annual-20260914
2025,iip_shipments_4010000110,電力・ガス・熱供給・出荷,101.3,index_2020_100,calendar_year,Japan,4010000110,電力・ガス・熱供給,shipments,industry-iip-annual-20260914
2018,iip_shipments_4080000100,機械工業・出荷,118.6,index_2020_100,calendar_year,Japan,4080000100,機械工業,shipments,industry-iip-annual-20260914
2019,iip_shipments_4080000100,機械工業・出荷,114.9,index_2020_100,calendar_year,Japan,4080000100,機械工業,shipments,industry-iip-annual-20260914
2020,iip_shipments_4080000100,機械工業・出荷,100.0,index_2020_100,calendar_year,Japan,4080000100,機械工業,shipments,industry-iip-annual-20260914
2021,iip_shipments_4080000100,機械工業・出荷,106.4,index_2020_100,calendar_year,Japan,4080000100,機械工業,shipments,industry-iip-annual-20260914
2022,iip_shipments_4080000100,機械工業・出荷,107.2,index_2020_100,calendar_year,Japan,4080000100,機械工業,shipments,industry-iip-annual-20260914
2023,iip_shipments_4080000100,機械工業・出荷,109.4,index_2020_100,calendar_year,Japan,4080000100,機械工業,shipments,industry-iip-annual-20260914
2024,iip_shipments_4080000100,機械工業・出荷,104.5,index_2020_100,calendar_year,Japan,4080000100,機械工業,shipments,industry-iip-annual-20260914
2025,iip_shipments_4080000100,機械工業・出荷,106.0,index_2020_100,calendar_year,Japan,4080000100,機械工業,shipments,industry-iip-annual-20260914
2018,iip_shipments_4080000200,非機械工業・出荷,112.0,index_2020_100,calendar_year,Japan,4080000200,非機械工業,shipments,industry-iip-annual-20260914
2019,iip_shipments_4080000200,非機械工業・出荷,109.6,index_2020_100,calendar_year,Japan,4080000200,非機械工業,shipments,industry-iip-annual-20260914
2020,iip_shipments_4080000200,非機械工業・出荷,100.0,index_2020_100,calendar_year,Japan,4080000200,非機械工業,shipments,industry-iip-annual-20260914
2021,iip_shipments_4080000200,非機械工業・出荷,102.8,index_2020_100,calendar_year,Japan,4080000200,非機械工業,shipments,industry-iip-annual-20260914
2022,iip_shipments_4080000200,非機械工業・出荷,101.3,index_2020_100,calendar_year,Japan,4080000200,非機械工業,shipments,industry-iip-annual-20260914
2023,iip_shipments_4080000200,非機械工業・出荷,98.4,index_2020_100,calendar_year,Japan,4080000200,非機械工業,shipments,industry-iip-annual-20260914
2024,iip_shipments_4080000200,非機械工業・出荷,96.2,index_2020_100,calendar_year,Japan,4080000200,非機械工業,shipments,industry-iip-annual-20260914
2025,iip_shipments_4080000200,非機械工業・出荷,94.4,index_2020_100,calendar_year,Japan,4080000200,非機械工業,shipments,industry-iip-annual-20260914
2018,iip_shipments_4110000000,<旧分類>はん用・生産用・業務用機械工業・出荷,122.9,index_2020_100,calendar_year,Japan,4110000000,<旧分類>はん用・生産用・業務用機械工業,shipments,industry-iip-annual-20260914
2019,iip_shipments_4110000000,<旧分類>はん用・生産用・業務用機械工業・出荷,113.2,index_2020_100,calendar_year,Japan,4110000000,<旧分類>はん用・生産用・業務用機械工業,shipments,industry-iip-annual-20260914
2020,iip_shipments_4110000000,<旧分類>はん用・生産用・業務用機械工業・出荷,100.0,index_2020_100,calendar_year,Japan,4110000000,<旧分類>はん用・生産用・業務用機械工業,shipments,industry-iip-annual-20260914
2021,iip_shipments_4110000000,<旧分類>はん用・生産用・業務用機械工業・出荷,115.8,index_2020_100,calendar_year,Japan,4110000000,<旧分類>はん用・生産用・業務用機械工業,shipments,industry-iip-annual-20260914
2022,iip_shipments_4110000000,<旧分類>はん用・生産用・業務用機械工業・出荷,124.0,index_2020_100,calendar_year,Japan,4110000000,<旧分類>はん用・生産用・業務用機械工業,shipments,industry-iip-annual-20260914
2023,iip_shipments_4110000000,<旧分類>はん用・生産用・業務用機械工業・出荷,115.7,index_2020_100,calendar_year,Japan,4110000000,<旧分類>はん用・生産用・業務用機械工業,shipments,industry-iip-annual-20260914
2024,iip_shipments_4110000000,<旧分類>はん用・生産用・業務用機械工業・出荷,111.7,index_2020_100,calendar_year,Japan,4110000000,<旧分類>はん用・生産用・業務用機械工業,shipments,industry-iip-annual-20260914
2025,iip_shipments_4110000000,<旧分類>はん用・生産用・業務用機械工業・出荷,111.6,index_2020_100,calendar_year,Japan,4110000000,<旧分類>はん用・生産用・業務用機械工業,shipments,industry-iip-annual-20260914
2018,iip_shipments_4100000100,<旧特掲>普通鋼鋼材・出荷,121.3,index_2020_100,calendar_year,Japan,4100000100,<旧特掲>普通鋼鋼材,shipments,industry-iip-annual-20260914
2019,iip_shipments_4100000100,<旧特掲>普通鋼鋼材・出荷,116.4,index_2020_100,calendar_year,Japan,4100000100,<旧特掲>普通鋼鋼材,shipments,industry-iip-annual-20260914
2020,iip_shipments_4100000100,<旧特掲>普通鋼鋼材・出荷,100.0,index_2020_100,calendar_year,Japan,4100000100,<旧特掲>普通鋼鋼材,shipments,industry-iip-annual-20260914
2021,iip_shipments_4100000100,<旧特掲>普通鋼鋼材・出荷,109.7,index_2020_100,calendar_year,Japan,4100000100,<旧特掲>普通鋼鋼材,shipments,industry-iip-annual-20260914
2022,iip_shipments_4100000100,<旧特掲>普通鋼鋼材・出荷,104.9,index_2020_100,calendar_year,Japan,4100000100,<旧特掲>普通鋼鋼材,shipments,industry-iip-annual-20260914
2023,iip_shipments_4100000100,<旧特掲>普通鋼鋼材・出荷,102.9,index_2020_100,calendar_year,Japan,4100000100,<旧特掲>普通鋼鋼材,shipments,industry-iip-annual-20260914
2024,iip_shipments_4100000100,<旧特掲>普通鋼鋼材・出荷,98.4,index_2020_100,calendar_year,Japan,4100000100,<旧特掲>普通鋼鋼材,shipments,industry-iip-annual-20260914
2025,iip_shipments_4100000100,<旧特掲>普通鋼鋼材・出荷,93.5,index_2020_100,calendar_year,Japan,4100000100,<旧特掲>普通鋼鋼材,shipments,industry-iip-annual-20260914
2018,iip_shipments_4100000200,<旧特掲>特殊鋼鋼材・出荷,138.4,index_2020_100,calendar_year,Japan,4100000200,<旧特掲>特殊鋼鋼材,shipments,industry-iip-annual-20260914
2019,iip_shipments_4100000200,<旧特掲>特殊鋼鋼材・出荷,127.8,index_2020_100,calendar_year,Japan,4100000200,<旧特掲>特殊鋼鋼材,shipments,industry-iip-annual-20260914
2020,iip_shipments_4100000200,<旧特掲>特殊鋼鋼材・出荷,100.0,index_2020_100,calendar_year,Japan,4100000200,<旧特掲>特殊鋼鋼材,shipments,industry-iip-annual-20260914
2021,iip_shipments_4100000200,<旧特掲>特殊鋼鋼材・出荷,122.7,index_2020_100,calendar_year,Japan,4100000200,<旧特掲>特殊鋼鋼材,shipments,industry-iip-annual-20260914
2022,iip_shipments_4100000200,<旧特掲>特殊鋼鋼材・出荷,112.5,index_2020_100,calendar_year,Japan,4100000200,<旧特掲>特殊鋼鋼材,shipments,industry-iip-annual-20260914
2023,iip_shipments_4100000200,<旧特掲>特殊鋼鋼材・出荷,106.0,index_2020_100,calendar_year,Japan,4100000200,<旧特掲>特殊鋼鋼材,shipments,industry-iip-annual-20260914
2024,iip_shipments_4100000200,<旧特掲>特殊鋼鋼材・出荷,100.0,index_2020_100,calendar_year,Japan,4100000200,<旧特掲>特殊鋼鋼材,shipments,industry-iip-annual-20260914
2025,iip_shipments_4100000200,<旧特掲>特殊鋼鋼材・出荷,99.2,index_2020_100,calendar_year,Japan,4100000200,<旧特掲>特殊鋼鋼材,shipments,industry-iip-annual-20260914
2018,iip_shipments_4100000300,<旧特掲>乗用車・トラック・出荷,123.0,index_2020_100,calendar_year,Japan,4100000300,<旧特掲>乗用車・トラック,shipments,industry-iip-annual-20260914
2019,iip_shipments_4100000300,<旧特掲>乗用車・トラック・出荷,122.7,index_2020_100,calendar_year,Japan,4100000300,<旧特掲>乗用車・トラック,shipments,industry-iip-annual-20260914
2020,iip_shipments_4100000300,<旧特掲>乗用車・トラック・出荷,100.0,index_2020_100,calendar_year,Japan,4100000300,<旧特掲>乗用車・トラック,shipments,industry-iip-annual-20260914
2021,iip_shipments_4100000300,<旧特掲>乗用車・トラック・出荷,100.4,index_2020_100,calendar_year,Japan,4100000300,<旧特掲>乗用車・トラック,shipments,industry-iip-annual-20260914
2022,iip_shipments_4100000300,<旧特掲>乗用車・トラック・出荷,98.9,index_2020_100,calendar_year,Japan,4100000300,<旧特掲>乗用車・トラック,shipments,industry-iip-annual-20260914
2023,iip_shipments_4100000300,<旧特掲>乗用車・トラック・出荷,114.5,index_2020_100,calendar_year,Japan,4100000300,<旧特掲>乗用車・トラック,shipments,industry-iip-annual-20260914
2024,iip_shipments_4100000300,<旧特掲>乗用車・トラック・出荷,107.3,index_2020_100,calendar_year,Japan,4100000300,<旧特掲>乗用車・トラック,shipments,industry-iip-annual-20260914
2025,iip_shipments_4100000300,<旧特掲>乗用車・トラック・出荷,108.8,index_2020_100,calendar_year,Japan,4100000300,<旧特掲>乗用車・トラック,shipments,industry-iip-annual-20260914
2018,iip_shipments_4100000400,<旧特掲>石油化学製品・出荷,110.6,index_2020_100,calendar_year,Japan,4100000400,<旧特掲>石油化学製品,shipments,industry-iip-annual-20260914
2019,iip_shipments_4100000400,<旧特掲>石油化学製品・出荷,110.3,index_2020_100,calendar_year,Japan,4100000400,<旧特掲>石油化学製品,shipments,industry-iip-annual-20260914
2020,iip_shipments_4100000400,<旧特掲>石油化学製品・出荷,100.0,index_2020_100,calendar_year,Japan,4100000400,<旧特掲>石油化学製品,shipments,industry-iip-annual-20260914
2021,iip_shipments_4100000400,<旧特掲>石油化学製品・出荷,104.3,index_2020_100,calendar_year,Japan,4100000400,<旧特掲>石油化学製品,shipments,industry-iip-annual-20260914
2022,iip_shipments_4100000400,<旧特掲>石油化学製品・出荷,93.4,index_2020_100,calendar_year,Japan,4100000400,<旧特掲>石油化学製品,shipments,industry-iip-annual-20260914
2023,iip_shipments_4100000400,<旧特掲>石油化学製品・出荷,87.1,index_2020_100,calendar_year,Japan,4100000400,<旧特掲>石油化学製品,shipments,industry-iip-annual-20260914
2024,iip_shipments_4100000400,<旧特掲>石油化学製品・出荷,81.9,index_2020_100,calendar_year,Japan,4100000400,<旧特掲>石油化学製品,shipments,industry-iip-annual-20260914
2025,iip_shipments_4100000400,<旧特掲>石油化学製品・出荷,80.0,index_2020_100,calendar_year,Japan,4100000400,<旧特掲>石油化学製品,shipments,industry-iip-annual-20260914
