article,chart,period_type,period,series_id,label,value,unit,source_urls,source_sha256,derivation
energy,consumption,fiscal_year,2010,final_consumption_industry_business,企業・事業所他,9173.63656761586,PJ,https://www.e-stat.go.jp/stat-search/file-download?statInfId=000040189526&fileKind=0 | https://www.e-stat.go.jp/stat-search/file-download?statInfId=000040188195&fileKind=0 | https://www.e-stat.go.jp/stat-search/file-download?statInfId=000040188193&fileKind=0 | https://www.e-stat.go.jp/stat-search/file-download?statInfId=000040188190&fileKind=0 | https://www.e-stat.go.jp/stat-search/file-download?statInfId=000040188189&fileKind=0 | https://www.e-stat.go.jp/stat-search/file-download?statInfId=000040188185&fileKind=0 | https://www.e-stat.go.jp/stat-search/file-download?statInfId=000040188183&fileKind=0 | https://www.e-stat.go.jp/stat-search/file-download?statInfId=000040188181&fileKind=0 | https://www.e-stat.go.jp/stat-search/file-download?statInfId=000031964212&fileKind=0 | https://www.e-stat.go.jp/stat-search/file-download?statInfId=000032039650&fileKind=0 | https://www.e-stat.go.jp/stat-search/file-download?statInfId=000032190958&fileKind=0 | https://www.e-stat.go.jp/stat-search/file-download?statInfId=000040054160&fileKind=0 | https://www.e-stat.go.jp/stat-search/file-download?statInfId=000040125366&fileKind=0 | https://www.e-stat.go.jp/stat-search/file-download?statInfId=000040226474&fileKind=0 | https://www.e-stat.go.jp/stat-search/file-download?statInfId=000040391290&fileKind=0,ff585fa099c3b8d74ee0c54f28c9997d4886b3a1e2d68ac90550b1bf2dc29c27 | 2bd18f82de1783c16f157bc5dfa77dd4f70eaecb3b99e0344d1cc0f05a66d7d0 | f5a6246a46476d4ea67899a4e2ed61426a988fc15d4824daee8fa4d6ffcefb12 | db238adf8d707146f6778a9e14e2c9c6ac00b6349599832c56f1cd51d4f0fda3 | 3e89d6a3c34f49df938c51b23f3b200e1471a636df6e26d30e841547ad241729 | 520bf4073007eb1f8b975a38c2083cbf534b4a50f9e3d7714eccd3ed274b6e8e | 9bb42e93fbf7f03925173a7b02ada727717ca7f82670fd904d6ee33a7caf5f0c | 10a4333904575931360126569b051e17ab249272ead922fa0545a6dc8b5ca980 | 1d5cfc01375d816f5f6903d2d638aec523566ba69eb24a28b79d08286772f86f | f751bf3b6f30a7bf685d69a11fd4d63ec1f06ddad78805a1a9b6ff8150adab65 | 5a1e753de3cc74e311a864d6d1aaa4997689f2b978e8768410db598f81f61e7c | 53d299bec9e9beb4163f7a25074cae59c46dd19387f4f21b7313007c25b4a266 | 0f220e15f60edbbd0e6879e6c92a40ce2ba40319f0d2a2c9bb74edb8af850ba4 | 42c29802a859eeea3123ac87e2b948303c6be30bfd5d362747bde5d72f92d1ed | 816d7d3e5933ffe94b0cbd7b47fa7fa232fb98fbed2a610f4928c4aa7a2d2008,各年度エネルギー単位表の#20企業・事業所他、#33家庭、#34運輸の$1400（TJ）を1000で割りPJへ。3部門合計と#19最終消費の一致を各年で検査。
energy,consumption,fiscal_year,2010,final_consumption_households,家庭,2131.311586816666,PJ,https://www.e-stat.go.jp/stat-search/file-download?statInfId=000040189526&fileKind=0 | https://www.e-stat.go.jp/stat-search/file-download?statInfId=000040188195&fileKind=0 | https://www.e-stat.go.jp/stat-search/file-download?statInfId=000040188193&fileKind=0 | https://www.e-stat.go.jp/stat-search/file-download?statInfId=000040188190&fileKind=0 | https://www.e-stat.go.jp/stat-search/file-download?statInfId=000040188189&fileKind=0 | https://www.e-stat.go.jp/stat-search/file-download?statInfId=000040188185&fileKind=0 | https://www.e-stat.go.jp/stat-search/file-download?statInfId=000040188183&fileKind=0 | https://www.e-stat.go.jp/stat-search/file-download?statInfId=000040188181&fileKind=0 | https://www.e-stat.go.jp/stat-search/file-download?statInfId=000031964212&fileKind=0 | https://www.e-stat.go.jp/stat-search/file-download?statInfId=000032039650&fileKind=0 | https://www.e-stat.go.jp/stat-search/file-download?statInfId=000032190958&fileKind=0 | https://www.e-stat.go.jp/stat-search/file-download?statInfId=000040054160&fileKind=0 | https://www.e-stat.go.jp/stat-search/file-download?statInfId=000040125366&fileKind=0 | https://www.e-stat.go.jp/stat-search/file-download?statInfId=000040226474&fileKind=0 | https://www.e-stat.go.jp/stat-search/file-download?statInfId=000040391290&fileKind=0,ff585fa099c3b8d74ee0c54f28c9997d4886b3a1e2d68ac90550b1bf2dc29c27 | 2bd18f82de1783c16f157bc5dfa77dd4f70eaecb3b99e0344d1cc0f05a66d7d0 | f5a6246a46476d4ea67899a4e2ed61426a988fc15d4824daee8fa4d6ffcefb12 | db238adf8d707146f6778a9e14e2c9c6ac00b6349599832c56f1cd51d4f0fda3 | 3e89d6a3c34f49df938c51b23f3b200e1471a636df6e26d30e841547ad241729 | 520bf4073007eb1f8b975a38c2083cbf534b4a50f9e3d7714eccd3ed274b6e8e | 9bb42e93fbf7f03925173a7b02ada727717ca7f82670fd904d6ee33a7caf5f0c | 10a4333904575931360126569b051e17ab249272ead922fa0545a6dc8b5ca980 | 1d5cfc01375d816f5f6903d2d638aec523566ba69eb24a28b79d08286772f86f | f751bf3b6f30a7bf685d69a11fd4d63ec1f06ddad78805a1a9b6ff8150adab65 | 5a1e753de3cc74e311a864d6d1aaa4997689f2b978e8768410db598f81f61e7c | 53d299bec9e9beb4163f7a25074cae59c46dd19387f4f21b7313007c25b4a266 | 0f220e15f60edbbd0e6879e6c92a40ce2ba40319f0d2a2c9bb74edb8af850ba4 | 42c29802a859eeea3123ac87e2b948303c6be30bfd5d362747bde5d72f92d1ed | 816d7d3e5933ffe94b0cbd7b47fa7fa232fb98fbed2a610f4928c4aa7a2d2008,各年度エネルギー単位表の#20企業・事業所他、#33家庭、#34運輸の$1400（TJ）を1000で割りPJへ。3部門合計と#19最終消費の一致を各年で検査。
energy,consumption,fiscal_year,2010,final_consumption_transport,運輸,3382.3165484115952,PJ,https://www.e-stat.go.jp/stat-search/file-download?statInfId=000040189526&fileKind=0 | https://www.e-stat.go.jp/stat-search/file-download?statInfId=000040188195&fileKind=0 | https://www.e-stat.go.jp/stat-search/file-download?statInfId=000040188193&fileKind=0 | https://www.e-stat.go.jp/stat-search/file-download?statInfId=000040188190&fileKind=0 | https://www.e-stat.go.jp/stat-search/file-download?statInfId=000040188189&fileKind=0 | https://www.e-stat.go.jp/stat-search/file-download?statInfId=000040188185&fileKind=0 | https://www.e-stat.go.jp/stat-search/file-download?statInfId=000040188183&fileKind=0 | https://www.e-stat.go.jp/stat-search/file-download?statInfId=000040188181&fileKind=0 | https://www.e-stat.go.jp/stat-search/file-download?statInfId=000031964212&fileKind=0 | https://www.e-stat.go.jp/stat-search/file-download?statInfId=000032039650&fileKind=0 | https://www.e-stat.go.jp/stat-search/file-download?statInfId=000032190958&fileKind=0 | https://www.e-stat.go.jp/stat-search/file-download?statInfId=000040054160&fileKind=0 | https://www.e-stat.go.jp/stat-search/file-download?statInfId=000040125366&fileKind=0 | https://www.e-stat.go.jp/stat-search/file-download?statInfId=000040226474&fileKind=0 | https://www.e-stat.go.jp/stat-search/file-download?statInfId=000040391290&fileKind=0,ff585fa099c3b8d74ee0c54f28c9997d4886b3a1e2d68ac90550b1bf2dc29c27 | 2bd18f82de1783c16f157bc5dfa77dd4f70eaecb3b99e0344d1cc0f05a66d7d0 | f5a6246a46476d4ea67899a4e2ed61426a988fc15d4824daee8fa4d6ffcefb12 | db238adf8d707146f6778a9e14e2c9c6ac00b6349599832c56f1cd51d4f0fda3 | 3e89d6a3c34f49df938c51b23f3b200e1471a636df6e26d30e841547ad241729 | 520bf4073007eb1f8b975a38c2083cbf534b4a50f9e3d7714eccd3ed274b6e8e | 9bb42e93fbf7f03925173a7b02ada727717ca7f82670fd904d6ee33a7caf5f0c | 10a4333904575931360126569b051e17ab249272ead922fa0545a6dc8b5ca980 | 1d5cfc01375d816f5f6903d2d638aec523566ba69eb24a28b79d08286772f86f | f751bf3b6f30a7bf685d69a11fd4d63ec1f06ddad78805a1a9b6ff8150adab65 | 5a1e753de3cc74e311a864d6d1aaa4997689f2b978e8768410db598f81f61e7c | 53d299bec9e9beb4163f7a25074cae59c46dd19387f4f21b7313007c25b4a266 | 0f220e15f60edbbd0e6879e6c92a40ce2ba40319f0d2a2c9bb74edb8af850ba4 | 42c29802a859eeea3123ac87e2b948303c6be30bfd5d362747bde5d72f92d1ed | 816d7d3e5933ffe94b0cbd7b47fa7fa232fb98fbed2a610f4928c4aa7a2d2008,各年度エネルギー単位表の#20企業・事業所他、#33家庭、#34運輸の$1400（TJ）を1000で割りPJへ。3部門合計と#19最終消費の一致を各年で検査。
energy,consumption,fiscal_year,2011,final_consumption_industry_business,企業・事業所他,8937.245564963821,PJ,https://www.e-stat.go.jp/stat-search/file-download?statInfId=000040189526&fileKind=0 | https://www.e-stat.go.jp/stat-search/file-download?statInfId=000040188195&fileKind=0 | https://www.e-stat.go.jp/stat-search/file-download?statInfId=000040188193&fileKind=0 | https://www.e-stat.go.jp/stat-search/file-download?statInfId=000040188190&fileKind=0 | https://www.e-stat.go.jp/stat-search/file-download?statInfId=000040188189&fileKind=0 | https://www.e-stat.go.jp/stat-search/file-download?statInfId=000040188185&fileKind=0 | https://www.e-stat.go.jp/stat-search/file-download?statInfId=000040188183&fileKind=0 | https://www.e-stat.go.jp/stat-search/file-download?statInfId=000040188181&fileKind=0 | https://www.e-stat.go.jp/stat-search/file-download?statInfId=000031964212&fileKind=0 | https://www.e-stat.go.jp/stat-search/file-download?statInfId=000032039650&fileKind=0 | https://www.e-stat.go.jp/stat-search/file-download?statInfId=000032190958&fileKind=0 | https://www.e-stat.go.jp/stat-search/file-download?statInfId=000040054160&fileKind=0 | https://www.e-stat.go.jp/stat-search/file-download?statInfId=000040125366&fileKind=0 | https://www.e-stat.go.jp/stat-search/file-download?statInfId=000040226474&fileKind=0 | https://www.e-stat.go.jp/stat-search/file-download?statInfId=000040391290&fileKind=0,ff585fa099c3b8d74ee0c54f28c9997d4886b3a1e2d68ac90550b1bf2dc29c27 | 2bd18f82de1783c16f157bc5dfa77dd4f70eaecb3b99e0344d1cc0f05a66d7d0 | f5a6246a46476d4ea67899a4e2ed61426a988fc15d4824daee8fa4d6ffcefb12 | db238adf8d707146f6778a9e14e2c9c6ac00b6349599832c56f1cd51d4f0fda3 | 3e89d6a3c34f49df938c51b23f3b200e1471a636df6e26d30e841547ad241729 | 520bf4073007eb1f8b975a38c2083cbf534b4a50f9e3d7714eccd3ed274b6e8e | 9bb42e93fbf7f03925173a7b02ada727717ca7f82670fd904d6ee33a7caf5f0c | 10a4333904575931360126569b051e17ab249272ead922fa0545a6dc8b5ca980 | 1d5cfc01375d816f5f6903d2d638aec523566ba69eb24a28b79d08286772f86f | f751bf3b6f30a7bf685d69a11fd4d63ec1f06ddad78805a1a9b6ff8150adab65 | 5a1e753de3cc74e311a864d6d1aaa4997689f2b978e8768410db598f81f61e7c | 53d299bec9e9beb4163f7a25074cae59c46dd19387f4f21b7313007c25b4a266 | 0f220e15f60edbbd0e6879e6c92a40ce2ba40319f0d2a2c9bb74edb8af850ba4 | 42c29802a859eeea3123ac87e2b948303c6be30bfd5d362747bde5d72f92d1ed | 816d7d3e5933ffe94b0cbd7b47fa7fa232fb98fbed2a610f4928c4aa7a2d2008,各年度エネルギー単位表の#20企業・事業所他、#33家庭、#34運輸の$1400（TJ）を1000で割りPJへ。3部門合計と#19最終消費の一致を各年で検査。
energy,consumption,fiscal_year,2011,final_consumption_households,家庭,2033.1775957305342,PJ,https://www.e-stat.go.jp/stat-search/file-download?statInfId=000040189526&fileKind=0 | https://www.e-stat.go.jp/stat-search/file-download?statInfId=000040188195&fileKind=0 | https://www.e-stat.go.jp/stat-search/file-download?statInfId=000040188193&fileKind=0 | https://www.e-stat.go.jp/stat-search/file-download?statInfId=000040188190&fileKind=0 | https://www.e-stat.go.jp/stat-search/file-download?statInfId=000040188189&fileKind=0 | https://www.e-stat.go.jp/stat-search/file-download?statInfId=000040188185&fileKind=0 | https://www.e-stat.go.jp/stat-search/file-download?statInfId=000040188183&fileKind=0 | https://www.e-stat.go.jp/stat-search/file-download?statInfId=000040188181&fileKind=0 | https://www.e-stat.go.jp/stat-search/file-download?statInfId=000031964212&fileKind=0 | https://www.e-stat.go.jp/stat-search/file-download?statInfId=000032039650&fileKind=0 | https://www.e-stat.go.jp/stat-search/file-download?statInfId=000032190958&fileKind=0 | https://www.e-stat.go.jp/stat-search/file-download?statInfId=000040054160&fileKind=0 | https://www.e-stat.go.jp/stat-search/file-download?statInfId=000040125366&fileKind=0 | https://www.e-stat.go.jp/stat-search/file-download?statInfId=000040226474&fileKind=0 | https://www.e-stat.go.jp/stat-search/file-download?statInfId=000040391290&fileKind=0,ff585fa099c3b8d74ee0c54f28c9997d4886b3a1e2d68ac90550b1bf2dc29c27 | 2bd18f82de1783c16f157bc5dfa77dd4f70eaecb3b99e0344d1cc0f05a66d7d0 | f5a6246a46476d4ea67899a4e2ed61426a988fc15d4824daee8fa4d6ffcefb12 | db238adf8d707146f6778a9e14e2c9c6ac00b6349599832c56f1cd51d4f0fda3 | 3e89d6a3c34f49df938c51b23f3b200e1471a636df6e26d30e841547ad241729 | 520bf4073007eb1f8b975a38c2083cbf534b4a50f9e3d7714eccd3ed274b6e8e | 9bb42e93fbf7f03925173a7b02ada727717ca7f82670fd904d6ee33a7caf5f0c | 10a4333904575931360126569b051e17ab249272ead922fa0545a6dc8b5ca980 | 1d5cfc01375d816f5f6903d2d638aec523566ba69eb24a28b79d08286772f86f | f751bf3b6f30a7bf685d69a11fd4d63ec1f06ddad78805a1a9b6ff8150adab65 | 5a1e753de3cc74e311a864d6d1aaa4997689f2b978e8768410db598f81f61e7c | 53d299bec9e9beb4163f7a25074cae59c46dd19387f4f21b7313007c25b4a266 | 0f220e15f60edbbd0e6879e6c92a40ce2ba40319f0d2a2c9bb74edb8af850ba4 | 42c29802a859eeea3123ac87e2b948303c6be30bfd5d362747bde5d72f92d1ed | 816d7d3e5933ffe94b0cbd7b47fa7fa232fb98fbed2a610f4928c4aa7a2d2008,各年度エネルギー単位表の#20企業・事業所他、#33家庭、#34運輸の$1400（TJ）を1000で割りPJへ。3部門合計と#19最終消費の一致を各年で検査。
energy,consumption,fiscal_year,2011,final_consumption_transport,運輸,3314.792298566246,PJ,https://www.e-stat.go.jp/stat-search/file-download?statInfId=000040189526&fileKind=0 | https://www.e-stat.go.jp/stat-search/file-download?statInfId=000040188195&fileKind=0 | https://www.e-stat.go.jp/stat-search/file-download?statInfId=000040188193&fileKind=0 | https://www.e-stat.go.jp/stat-search/file-download?statInfId=000040188190&fileKind=0 | https://www.e-stat.go.jp/stat-search/file-download?statInfId=000040188189&fileKind=0 | https://www.e-stat.go.jp/stat-search/file-download?statInfId=000040188185&fileKind=0 | https://www.e-stat.go.jp/stat-search/file-download?statInfId=000040188183&fileKind=0 | https://www.e-stat.go.jp/stat-search/file-download?statInfId=000040188181&fileKind=0 | https://www.e-stat.go.jp/stat-search/file-download?statInfId=000031964212&fileKind=0 | https://www.e-stat.go.jp/stat-search/file-download?statInfId=000032039650&fileKind=0 | https://www.e-stat.go.jp/stat-search/file-download?statInfId=000032190958&fileKind=0 | https://www.e-stat.go.jp/stat-search/file-download?statInfId=000040054160&fileKind=0 | https://www.e-stat.go.jp/stat-search/file-download?statInfId=000040125366&fileKind=0 | https://www.e-stat.go.jp/stat-search/file-download?statInfId=000040226474&fileKind=0 | https://www.e-stat.go.jp/stat-search/file-download?statInfId=000040391290&fileKind=0,ff585fa099c3b8d74ee0c54f28c9997d4886b3a1e2d68ac90550b1bf2dc29c27 | 2bd18f82de1783c16f157bc5dfa77dd4f70eaecb3b99e0344d1cc0f05a66d7d0 | f5a6246a46476d4ea67899a4e2ed61426a988fc15d4824daee8fa4d6ffcefb12 | db238adf8d707146f6778a9e14e2c9c6ac00b6349599832c56f1cd51d4f0fda3 | 3e89d6a3c34f49df938c51b23f3b200e1471a636df6e26d30e841547ad241729 | 520bf4073007eb1f8b975a38c2083cbf534b4a50f9e3d7714eccd3ed274b6e8e | 9bb42e93fbf7f03925173a7b02ada727717ca7f82670fd904d6ee33a7caf5f0c | 10a4333904575931360126569b051e17ab249272ead922fa0545a6dc8b5ca980 | 1d5cfc01375d816f5f6903d2d638aec523566ba69eb24a28b79d08286772f86f | f751bf3b6f30a7bf685d69a11fd4d63ec1f06ddad78805a1a9b6ff8150adab65 | 5a1e753de3cc74e311a864d6d1aaa4997689f2b978e8768410db598f81f61e7c | 53d299bec9e9beb4163f7a25074cae59c46dd19387f4f21b7313007c25b4a266 | 0f220e15f60edbbd0e6879e6c92a40ce2ba40319f0d2a2c9bb74edb8af850ba4 | 42c29802a859eeea3123ac87e2b948303c6be30bfd5d362747bde5d72f92d1ed | 816d7d3e5933ffe94b0cbd7b47fa7fa232fb98fbed2a610f4928c4aa7a2d2008,各年度エネルギー単位表の#20企業・事業所他、#33家庭、#34運輸の$1400（TJ）を1000で割りPJへ。3部門合計と#19最終消費の一致を各年で検査。
energy,consumption,fiscal_year,2012,final_consumption_industry_business,企業・事業所他,8733.295972885864,PJ,https://www.e-stat.go.jp/stat-search/file-download?statInfId=000040189526&fileKind=0 | https://www.e-stat.go.jp/stat-search/file-download?statInfId=000040188195&fileKind=0 | https://www.e-stat.go.jp/stat-search/file-download?statInfId=000040188193&fileKind=0 | https://www.e-stat.go.jp/stat-search/file-download?statInfId=000040188190&fileKind=0 | https://www.e-stat.go.jp/stat-search/file-download?statInfId=000040188189&fileKind=0 | https://www.e-stat.go.jp/stat-search/file-download?statInfId=000040188185&fileKind=0 | https://www.e-stat.go.jp/stat-search/file-download?statInfId=000040188183&fileKind=0 | https://www.e-stat.go.jp/stat-search/file-download?statInfId=000040188181&fileKind=0 | https://www.e-stat.go.jp/stat-search/file-download?statInfId=000031964212&fileKind=0 | https://www.e-stat.go.jp/stat-search/file-download?statInfId=000032039650&fileKind=0 | https://www.e-stat.go.jp/stat-search/file-download?statInfId=000032190958&fileKind=0 | https://www.e-stat.go.jp/stat-search/file-download?statInfId=000040054160&fileKind=0 | https://www.e-stat.go.jp/stat-search/file-download?statInfId=000040125366&fileKind=0 | https://www.e-stat.go.jp/stat-search/file-download?statInfId=000040226474&fileKind=0 | https://www.e-stat.go.jp/stat-search/file-download?statInfId=000040391290&fileKind=0,ff585fa099c3b8d74ee0c54f28c9997d4886b3a1e2d68ac90550b1bf2dc29c27 | 2bd18f82de1783c16f157bc5dfa77dd4f70eaecb3b99e0344d1cc0f05a66d7d0 | f5a6246a46476d4ea67899a4e2ed61426a988fc15d4824daee8fa4d6ffcefb12 | db238adf8d707146f6778a9e14e2c9c6ac00b6349599832c56f1cd51d4f0fda3 | 3e89d6a3c34f49df938c51b23f3b200e1471a636df6e26d30e841547ad241729 | 520bf4073007eb1f8b975a38c2083cbf534b4a50f9e3d7714eccd3ed274b6e8e | 9bb42e93fbf7f03925173a7b02ada727717ca7f82670fd904d6ee33a7caf5f0c | 10a4333904575931360126569b051e17ab249272ead922fa0545a6dc8b5ca980 | 1d5cfc01375d816f5f6903d2d638aec523566ba69eb24a28b79d08286772f86f | f751bf3b6f30a7bf685d69a11fd4d63ec1f06ddad78805a1a9b6ff8150adab65 | 5a1e753de3cc74e311a864d6d1aaa4997689f2b978e8768410db598f81f61e7c | 53d299bec9e9beb4163f7a25074cae59c46dd19387f4f21b7313007c25b4a266 | 0f220e15f60edbbd0e6879e6c92a40ce2ba40319f0d2a2c9bb74edb8af850ba4 | 42c29802a859eeea3123ac87e2b948303c6be30bfd5d362747bde5d72f92d1ed | 816d7d3e5933ffe94b0cbd7b47fa7fa232fb98fbed2a610f4928c4aa7a2d2008,各年度エネルギー単位表の#20企業・事業所他、#33家庭、#34運輸の$1400（TJ）を1000で割りPJへ。3部門合計と#19最終消費の一致を各年で検査。
energy,consumption,fiscal_year,2012,final_consumption_households,家庭,2069.9972132732696,PJ,https://www.e-stat.go.jp/stat-search/file-download?statInfId=000040189526&fileKind=0 | https://www.e-stat.go.jp/stat-search/file-download?statInfId=000040188195&fileKind=0 | https://www.e-stat.go.jp/stat-search/file-download?statInfId=000040188193&fileKind=0 | https://www.e-stat.go.jp/stat-search/file-download?statInfId=000040188190&fileKind=0 | https://www.e-stat.go.jp/stat-search/file-download?statInfId=000040188189&fileKind=0 | https://www.e-stat.go.jp/stat-search/file-download?statInfId=000040188185&fileKind=0 | https://www.e-stat.go.jp/stat-search/file-download?statInfId=000040188183&fileKind=0 | https://www.e-stat.go.jp/stat-search/file-download?statInfId=000040188181&fileKind=0 | https://www.e-stat.go.jp/stat-search/file-download?statInfId=000031964212&fileKind=0 | https://www.e-stat.go.jp/stat-search/file-download?statInfId=000032039650&fileKind=0 | https://www.e-stat.go.jp/stat-search/file-download?statInfId=000032190958&fileKind=0 | https://www.e-stat.go.jp/stat-search/file-download?statInfId=000040054160&fileKind=0 | https://www.e-stat.go.jp/stat-search/file-download?statInfId=000040125366&fileKind=0 | https://www.e-stat.go.jp/stat-search/file-download?statInfId=000040226474&fileKind=0 | https://www.e-stat.go.jp/stat-search/file-download?statInfId=000040391290&fileKind=0,ff585fa099c3b8d74ee0c54f28c9997d4886b3a1e2d68ac90550b1bf2dc29c27 | 2bd18f82de1783c16f157bc5dfa77dd4f70eaecb3b99e0344d1cc0f05a66d7d0 | f5a6246a46476d4ea67899a4e2ed61426a988fc15d4824daee8fa4d6ffcefb12 | db238adf8d707146f6778a9e14e2c9c6ac00b6349599832c56f1cd51d4f0fda3 | 3e89d6a3c34f49df938c51b23f3b200e1471a636df6e26d30e841547ad241729 | 520bf4073007eb1f8b975a38c2083cbf534b4a50f9e3d7714eccd3ed274b6e8e | 9bb42e93fbf7f03925173a7b02ada727717ca7f82670fd904d6ee33a7caf5f0c | 10a4333904575931360126569b051e17ab249272ead922fa0545a6dc8b5ca980 | 1d5cfc01375d816f5f6903d2d638aec523566ba69eb24a28b79d08286772f86f | f751bf3b6f30a7bf685d69a11fd4d63ec1f06ddad78805a1a9b6ff8150adab65 | 5a1e753de3cc74e311a864d6d1aaa4997689f2b978e8768410db598f81f61e7c | 53d299bec9e9beb4163f7a25074cae59c46dd19387f4f21b7313007c25b4a266 | 0f220e15f60edbbd0e6879e6c92a40ce2ba40319f0d2a2c9bb74edb8af850ba4 | 42c29802a859eeea3123ac87e2b948303c6be30bfd5d362747bde5d72f92d1ed | 816d7d3e5933ffe94b0cbd7b47fa7fa232fb98fbed2a610f4928c4aa7a2d2008,各年度エネルギー単位表の#20企業・事業所他、#33家庭、#34運輸の$1400（TJ）を1000で割りPJへ。3部門合計と#19最終消費の一致を各年で検査。
energy,consumption,fiscal_year,2012,final_consumption_transport,運輸,3328.9061228548117,PJ,https://www.e-stat.go.jp/stat-search/file-download?statInfId=000040189526&fileKind=0 | https://www.e-stat.go.jp/stat-search/file-download?statInfId=000040188195&fileKind=0 | https://www.e-stat.go.jp/stat-search/file-download?statInfId=000040188193&fileKind=0 | https://www.e-stat.go.jp/stat-search/file-download?statInfId=000040188190&fileKind=0 | https://www.e-stat.go.jp/stat-search/file-download?statInfId=000040188189&fileKind=0 | https://www.e-stat.go.jp/stat-search/file-download?statInfId=000040188185&fileKind=0 | https://www.e-stat.go.jp/stat-search/file-download?statInfId=000040188183&fileKind=0 | https://www.e-stat.go.jp/stat-search/file-download?statInfId=000040188181&fileKind=0 | https://www.e-stat.go.jp/stat-search/file-download?statInfId=000031964212&fileKind=0 | https://www.e-stat.go.jp/stat-search/file-download?statInfId=000032039650&fileKind=0 | https://www.e-stat.go.jp/stat-search/file-download?statInfId=000032190958&fileKind=0 | https://www.e-stat.go.jp/stat-search/file-download?statInfId=000040054160&fileKind=0 | https://www.e-stat.go.jp/stat-search/file-download?statInfId=000040125366&fileKind=0 | https://www.e-stat.go.jp/stat-search/file-download?statInfId=000040226474&fileKind=0 | https://www.e-stat.go.jp/stat-search/file-download?statInfId=000040391290&fileKind=0,ff585fa099c3b8d74ee0c54f28c9997d4886b3a1e2d68ac90550b1bf2dc29c27 | 2bd18f82de1783c16f157bc5dfa77dd4f70eaecb3b99e0344d1cc0f05a66d7d0 | f5a6246a46476d4ea67899a4e2ed61426a988fc15d4824daee8fa4d6ffcefb12 | db238adf8d707146f6778a9e14e2c9c6ac00b6349599832c56f1cd51d4f0fda3 | 3e89d6a3c34f49df938c51b23f3b200e1471a636df6e26d30e841547ad241729 | 520bf4073007eb1f8b975a38c2083cbf534b4a50f9e3d7714eccd3ed274b6e8e | 9bb42e93fbf7f03925173a7b02ada727717ca7f82670fd904d6ee33a7caf5f0c | 10a4333904575931360126569b051e17ab249272ead922fa0545a6dc8b5ca980 | 1d5cfc01375d816f5f6903d2d638aec523566ba69eb24a28b79d08286772f86f | f751bf3b6f30a7bf685d69a11fd4d63ec1f06ddad78805a1a9b6ff8150adab65 | 5a1e753de3cc74e311a864d6d1aaa4997689f2b978e8768410db598f81f61e7c | 53d299bec9e9beb4163f7a25074cae59c46dd19387f4f21b7313007c25b4a266 | 0f220e15f60edbbd0e6879e6c92a40ce2ba40319f0d2a2c9bb74edb8af850ba4 | 42c29802a859eeea3123ac87e2b948303c6be30bfd5d362747bde5d72f92d1ed | 816d7d3e5933ffe94b0cbd7b47fa7fa232fb98fbed2a610f4928c4aa7a2d2008,各年度エネルギー単位表の#20企業・事業所他、#33家庭、#34運輸の$1400（TJ）を1000で割りPJへ。3部門合計と#19最終消費の一致を各年で検査。
energy,consumption,fiscal_year,2013,final_consumption_industry_business,企業・事業所他,8783.58176130383,PJ,https://www.e-stat.go.jp/stat-search/file-download?statInfId=000040189526&fileKind=0 | https://www.e-stat.go.jp/stat-search/file-download?statInfId=000040188195&fileKind=0 | https://www.e-stat.go.jp/stat-search/file-download?statInfId=000040188193&fileKind=0 | https://www.e-stat.go.jp/stat-search/file-download?statInfId=000040188190&fileKind=0 | https://www.e-stat.go.jp/stat-search/file-download?statInfId=000040188189&fileKind=0 | https://www.e-stat.go.jp/stat-search/file-download?statInfId=000040188185&fileKind=0 | https://www.e-stat.go.jp/stat-search/file-download?statInfId=000040188183&fileKind=0 | https://www.e-stat.go.jp/stat-search/file-download?statInfId=000040188181&fileKind=0 | https://www.e-stat.go.jp/stat-search/file-download?statInfId=000031964212&fileKind=0 | https://www.e-stat.go.jp/stat-search/file-download?statInfId=000032039650&fileKind=0 | https://www.e-stat.go.jp/stat-search/file-download?statInfId=000032190958&fileKind=0 | https://www.e-stat.go.jp/stat-search/file-download?statInfId=000040054160&fileKind=0 | https://www.e-stat.go.jp/stat-search/file-download?statInfId=000040125366&fileKind=0 | https://www.e-stat.go.jp/stat-search/file-download?statInfId=000040226474&fileKind=0 | https://www.e-stat.go.jp/stat-search/file-download?statInfId=000040391290&fileKind=0,ff585fa099c3b8d74ee0c54f28c9997d4886b3a1e2d68ac90550b1bf2dc29c27 | 2bd18f82de1783c16f157bc5dfa77dd4f70eaecb3b99e0344d1cc0f05a66d7d0 | f5a6246a46476d4ea67899a4e2ed61426a988fc15d4824daee8fa4d6ffcefb12 | db238adf8d707146f6778a9e14e2c9c6ac00b6349599832c56f1cd51d4f0fda3 | 3e89d6a3c34f49df938c51b23f3b200e1471a636df6e26d30e841547ad241729 | 520bf4073007eb1f8b975a38c2083cbf534b4a50f9e3d7714eccd3ed274b6e8e | 9bb42e93fbf7f03925173a7b02ada727717ca7f82670fd904d6ee33a7caf5f0c | 10a4333904575931360126569b051e17ab249272ead922fa0545a6dc8b5ca980 | 1d5cfc01375d816f5f6903d2d638aec523566ba69eb24a28b79d08286772f86f | f751bf3b6f30a7bf685d69a11fd4d63ec1f06ddad78805a1a9b6ff8150adab65 | 5a1e753de3cc74e311a864d6d1aaa4997689f2b978e8768410db598f81f61e7c | 53d299bec9e9beb4163f7a25074cae59c46dd19387f4f21b7313007c25b4a266 | 0f220e15f60edbbd0e6879e6c92a40ce2ba40319f0d2a2c9bb74edb8af850ba4 | 42c29802a859eeea3123ac87e2b948303c6be30bfd5d362747bde5d72f92d1ed | 816d7d3e5933ffe94b0cbd7b47fa7fa232fb98fbed2a610f4928c4aa7a2d2008,各年度エネルギー単位表の#20企業・事業所他、#33家庭、#34運輸の$1400（TJ）を1000で割りPJへ。3部門合計と#19最終消費の一致を各年で検査。
energy,consumption,fiscal_year,2013,final_consumption_households,家庭,2045.3362170516243,PJ,https://www.e-stat.go.jp/stat-search/file-download?statInfId=000040189526&fileKind=0 | https://www.e-stat.go.jp/stat-search/file-download?statInfId=000040188195&fileKind=0 | https://www.e-stat.go.jp/stat-search/file-download?statInfId=000040188193&fileKind=0 | https://www.e-stat.go.jp/stat-search/file-download?statInfId=000040188190&fileKind=0 | https://www.e-stat.go.jp/stat-search/file-download?statInfId=000040188189&fileKind=0 | https://www.e-stat.go.jp/stat-search/file-download?statInfId=000040188185&fileKind=0 | https://www.e-stat.go.jp/stat-search/file-download?statInfId=000040188183&fileKind=0 | https://www.e-stat.go.jp/stat-search/file-download?statInfId=000040188181&fileKind=0 | https://www.e-stat.go.jp/stat-search/file-download?statInfId=000031964212&fileKind=0 | https://www.e-stat.go.jp/stat-search/file-download?statInfId=000032039650&fileKind=0 | https://www.e-stat.go.jp/stat-search/file-download?statInfId=000032190958&fileKind=0 | https://www.e-stat.go.jp/stat-search/file-download?statInfId=000040054160&fileKind=0 | https://www.e-stat.go.jp/stat-search/file-download?statInfId=000040125366&fileKind=0 | https://www.e-stat.go.jp/stat-search/file-download?statInfId=000040226474&fileKind=0 | https://www.e-stat.go.jp/stat-search/file-download?statInfId=000040391290&fileKind=0,ff585fa099c3b8d74ee0c54f28c9997d4886b3a1e2d68ac90550b1bf2dc29c27 | 2bd18f82de1783c16f157bc5dfa77dd4f70eaecb3b99e0344d1cc0f05a66d7d0 | f5a6246a46476d4ea67899a4e2ed61426a988fc15d4824daee8fa4d6ffcefb12 | db238adf8d707146f6778a9e14e2c9c6ac00b6349599832c56f1cd51d4f0fda3 | 3e89d6a3c34f49df938c51b23f3b200e1471a636df6e26d30e841547ad241729 | 520bf4073007eb1f8b975a38c2083cbf534b4a50f9e3d7714eccd3ed274b6e8e | 9bb42e93fbf7f03925173a7b02ada727717ca7f82670fd904d6ee33a7caf5f0c | 10a4333904575931360126569b051e17ab249272ead922fa0545a6dc8b5ca980 | 1d5cfc01375d816f5f6903d2d638aec523566ba69eb24a28b79d08286772f86f | f751bf3b6f30a7bf685d69a11fd4d63ec1f06ddad78805a1a9b6ff8150adab65 | 5a1e753de3cc74e311a864d6d1aaa4997689f2b978e8768410db598f81f61e7c | 53d299bec9e9beb4163f7a25074cae59c46dd19387f4f21b7313007c25b4a266 | 0f220e15f60edbbd0e6879e6c92a40ce2ba40319f0d2a2c9bb74edb8af850ba4 | 42c29802a859eeea3123ac87e2b948303c6be30bfd5d362747bde5d72f92d1ed | 816d7d3e5933ffe94b0cbd7b47fa7fa232fb98fbed2a610f4928c4aa7a2d2008,各年度エネルギー単位表の#20企業・事業所他、#33家庭、#34運輸の$1400（TJ）を1000で割りPJへ。3部門合計と#19最終消費の一致を各年で検査。
energy,consumption,fiscal_year,2013,final_consumption_transport,運輸,3235.630160193433,PJ,https://www.e-stat.go.jp/stat-search/file-download?statInfId=000040189526&fileKind=0 | https://www.e-stat.go.jp/stat-search/file-download?statInfId=000040188195&fileKind=0 | https://www.e-stat.go.jp/stat-search/file-download?statInfId=000040188193&fileKind=0 | https://www.e-stat.go.jp/stat-search/file-download?statInfId=000040188190&fileKind=0 | https://www.e-stat.go.jp/stat-search/file-download?statInfId=000040188189&fileKind=0 | https://www.e-stat.go.jp/stat-search/file-download?statInfId=000040188185&fileKind=0 | https://www.e-stat.go.jp/stat-search/file-download?statInfId=000040188183&fileKind=0 | https://www.e-stat.go.jp/stat-search/file-download?statInfId=000040188181&fileKind=0 | https://www.e-stat.go.jp/stat-search/file-download?statInfId=000031964212&fileKind=0 | https://www.e-stat.go.jp/stat-search/file-download?statInfId=000032039650&fileKind=0 | https://www.e-stat.go.jp/stat-search/file-download?statInfId=000032190958&fileKind=0 | https://www.e-stat.go.jp/stat-search/file-download?statInfId=000040054160&fileKind=0 | https://www.e-stat.go.jp/stat-search/file-download?statInfId=000040125366&fileKind=0 | https://www.e-stat.go.jp/stat-search/file-download?statInfId=000040226474&fileKind=0 | https://www.e-stat.go.jp/stat-search/file-download?statInfId=000040391290&fileKind=0,ff585fa099c3b8d74ee0c54f28c9997d4886b3a1e2d68ac90550b1bf2dc29c27 | 2bd18f82de1783c16f157bc5dfa77dd4f70eaecb3b99e0344d1cc0f05a66d7d0 | f5a6246a46476d4ea67899a4e2ed61426a988fc15d4824daee8fa4d6ffcefb12 | db238adf8d707146f6778a9e14e2c9c6ac00b6349599832c56f1cd51d4f0fda3 | 3e89d6a3c34f49df938c51b23f3b200e1471a636df6e26d30e841547ad241729 | 520bf4073007eb1f8b975a38c2083cbf534b4a50f9e3d7714eccd3ed274b6e8e | 9bb42e93fbf7f03925173a7b02ada727717ca7f82670fd904d6ee33a7caf5f0c | 10a4333904575931360126569b051e17ab249272ead922fa0545a6dc8b5ca980 | 1d5cfc01375d816f5f6903d2d638aec523566ba69eb24a28b79d08286772f86f | f751bf3b6f30a7bf685d69a11fd4d63ec1f06ddad78805a1a9b6ff8150adab65 | 5a1e753de3cc74e311a864d6d1aaa4997689f2b978e8768410db598f81f61e7c | 53d299bec9e9beb4163f7a25074cae59c46dd19387f4f21b7313007c25b4a266 | 0f220e15f60edbbd0e6879e6c92a40ce2ba40319f0d2a2c9bb74edb8af850ba4 | 42c29802a859eeea3123ac87e2b948303c6be30bfd5d362747bde5d72f92d1ed | 816d7d3e5933ffe94b0cbd7b47fa7fa232fb98fbed2a610f4928c4aa7a2d2008,各年度エネルギー単位表の#20企業・事業所他、#33家庭、#34運輸の$1400（TJ）を1000で割りPJへ。3部門合計と#19最終消費の一致を各年で検査。
energy,consumption,fiscal_year,2014,final_consumption_industry_business,企業・事業所他,8522.540431923375,PJ,https://www.e-stat.go.jp/stat-search/file-download?statInfId=000040189526&fileKind=0 | https://www.e-stat.go.jp/stat-search/file-download?statInfId=000040188195&fileKind=0 | https://www.e-stat.go.jp/stat-search/file-download?statInfId=000040188193&fileKind=0 | https://www.e-stat.go.jp/stat-search/file-download?statInfId=000040188190&fileKind=0 | https://www.e-stat.go.jp/stat-search/file-download?statInfId=000040188189&fileKind=0 | https://www.e-stat.go.jp/stat-search/file-download?statInfId=000040188185&fileKind=0 | https://www.e-stat.go.jp/stat-search/file-download?statInfId=000040188183&fileKind=0 | https://www.e-stat.go.jp/stat-search/file-download?statInfId=000040188181&fileKind=0 | https://www.e-stat.go.jp/stat-search/file-download?statInfId=000031964212&fileKind=0 | https://www.e-stat.go.jp/stat-search/file-download?statInfId=000032039650&fileKind=0 | https://www.e-stat.go.jp/stat-search/file-download?statInfId=000032190958&fileKind=0 | https://www.e-stat.go.jp/stat-search/file-download?statInfId=000040054160&fileKind=0 | https://www.e-stat.go.jp/stat-search/file-download?statInfId=000040125366&fileKind=0 | https://www.e-stat.go.jp/stat-search/file-download?statInfId=000040226474&fileKind=0 | https://www.e-stat.go.jp/stat-search/file-download?statInfId=000040391290&fileKind=0,ff585fa099c3b8d74ee0c54f28c9997d4886b3a1e2d68ac90550b1bf2dc29c27 | 2bd18f82de1783c16f157bc5dfa77dd4f70eaecb3b99e0344d1cc0f05a66d7d0 | f5a6246a46476d4ea67899a4e2ed61426a988fc15d4824daee8fa4d6ffcefb12 | db238adf8d707146f6778a9e14e2c9c6ac00b6349599832c56f1cd51d4f0fda3 | 3e89d6a3c34f49df938c51b23f3b200e1471a636df6e26d30e841547ad241729 | 520bf4073007eb1f8b975a38c2083cbf534b4a50f9e3d7714eccd3ed274b6e8e | 9bb42e93fbf7f03925173a7b02ada727717ca7f82670fd904d6ee33a7caf5f0c | 10a4333904575931360126569b051e17ab249272ead922fa0545a6dc8b5ca980 | 1d5cfc01375d816f5f6903d2d638aec523566ba69eb24a28b79d08286772f86f | f751bf3b6f30a7bf685d69a11fd4d63ec1f06ddad78805a1a9b6ff8150adab65 | 5a1e753de3cc74e311a864d6d1aaa4997689f2b978e8768410db598f81f61e7c | 53d299bec9e9beb4163f7a25074cae59c46dd19387f4f21b7313007c25b4a266 | 0f220e15f60edbbd0e6879e6c92a40ce2ba40319f0d2a2c9bb74edb8af850ba4 | 42c29802a859eeea3123ac87e2b948303c6be30bfd5d362747bde5d72f92d1ed | 816d7d3e5933ffe94b0cbd7b47fa7fa232fb98fbed2a610f4928c4aa7a2d2008,各年度エネルギー単位表の#20企業・事業所他、#33家庭、#34運輸の$1400（TJ）を1000で割りPJへ。3部門合計と#19最終消費の一致を各年で検査。
energy,consumption,fiscal_year,2014,final_consumption_households,家庭,1983.5026552334803,PJ,https://www.e-stat.go.jp/stat-search/file-download?statInfId=000040189526&fileKind=0 | https://www.e-stat.go.jp/stat-search/file-download?statInfId=000040188195&fileKind=0 | https://www.e-stat.go.jp/stat-search/file-download?statInfId=000040188193&fileKind=0 | https://www.e-stat.go.jp/stat-search/file-download?statInfId=000040188190&fileKind=0 | https://www.e-stat.go.jp/stat-search/file-download?statInfId=000040188189&fileKind=0 | https://www.e-stat.go.jp/stat-search/file-download?statInfId=000040188185&fileKind=0 | https://www.e-stat.go.jp/stat-search/file-download?statInfId=000040188183&fileKind=0 | https://www.e-stat.go.jp/stat-search/file-download?statInfId=000040188181&fileKind=0 | https://www.e-stat.go.jp/stat-search/file-download?statInfId=000031964212&fileKind=0 | https://www.e-stat.go.jp/stat-search/file-download?statInfId=000032039650&fileKind=0 | https://www.e-stat.go.jp/stat-search/file-download?statInfId=000032190958&fileKind=0 | https://www.e-stat.go.jp/stat-search/file-download?statInfId=000040054160&fileKind=0 | https://www.e-stat.go.jp/stat-search/file-download?statInfId=000040125366&fileKind=0 | https://www.e-stat.go.jp/stat-search/file-download?statInfId=000040226474&fileKind=0 | https://www.e-stat.go.jp/stat-search/file-download?statInfId=000040391290&fileKind=0,ff585fa099c3b8d74ee0c54f28c9997d4886b3a1e2d68ac90550b1bf2dc29c27 | 2bd18f82de1783c16f157bc5dfa77dd4f70eaecb3b99e0344d1cc0f05a66d7d0 | f5a6246a46476d4ea67899a4e2ed61426a988fc15d4824daee8fa4d6ffcefb12 | db238adf8d707146f6778a9e14e2c9c6ac00b6349599832c56f1cd51d4f0fda3 | 3e89d6a3c34f49df938c51b23f3b200e1471a636df6e26d30e841547ad241729 | 520bf4073007eb1f8b975a38c2083cbf534b4a50f9e3d7714eccd3ed274b6e8e | 9bb42e93fbf7f03925173a7b02ada727717ca7f82670fd904d6ee33a7caf5f0c | 10a4333904575931360126569b051e17ab249272ead922fa0545a6dc8b5ca980 | 1d5cfc01375d816f5f6903d2d638aec523566ba69eb24a28b79d08286772f86f | f751bf3b6f30a7bf685d69a11fd4d63ec1f06ddad78805a1a9b6ff8150adab65 | 5a1e753de3cc74e311a864d6d1aaa4997689f2b978e8768410db598f81f61e7c | 53d299bec9e9beb4163f7a25074cae59c46dd19387f4f21b7313007c25b4a266 | 0f220e15f60edbbd0e6879e6c92a40ce2ba40319f0d2a2c9bb74edb8af850ba4 | 42c29802a859eeea3123ac87e2b948303c6be30bfd5d362747bde5d72f92d1ed | 816d7d3e5933ffe94b0cbd7b47fa7fa232fb98fbed2a610f4928c4aa7a2d2008,各年度エネルギー単位表の#20企業・事業所他、#33家庭、#34運輸の$1400（TJ）を1000で割りPJへ。3部門合計と#19最終消費の一致を各年で検査。
energy,consumption,fiscal_year,2014,final_consumption_transport,運輸,3164.645903303735,PJ,https://www.e-stat.go.jp/stat-search/file-download?statInfId=000040189526&fileKind=0 | https://www.e-stat.go.jp/stat-search/file-download?statInfId=000040188195&fileKind=0 | https://www.e-stat.go.jp/stat-search/file-download?statInfId=000040188193&fileKind=0 | https://www.e-stat.go.jp/stat-search/file-download?statInfId=000040188190&fileKind=0 | https://www.e-stat.go.jp/stat-search/file-download?statInfId=000040188189&fileKind=0 | https://www.e-stat.go.jp/stat-search/file-download?statInfId=000040188185&fileKind=0 | https://www.e-stat.go.jp/stat-search/file-download?statInfId=000040188183&fileKind=0 | https://www.e-stat.go.jp/stat-search/file-download?statInfId=000040188181&fileKind=0 | https://www.e-stat.go.jp/stat-search/file-download?statInfId=000031964212&fileKind=0 | https://www.e-stat.go.jp/stat-search/file-download?statInfId=000032039650&fileKind=0 | https://www.e-stat.go.jp/stat-search/file-download?statInfId=000032190958&fileKind=0 | https://www.e-stat.go.jp/stat-search/file-download?statInfId=000040054160&fileKind=0 | https://www.e-stat.go.jp/stat-search/file-download?statInfId=000040125366&fileKind=0 | https://www.e-stat.go.jp/stat-search/file-download?statInfId=000040226474&fileKind=0 | https://www.e-stat.go.jp/stat-search/file-download?statInfId=000040391290&fileKind=0,ff585fa099c3b8d74ee0c54f28c9997d4886b3a1e2d68ac90550b1bf2dc29c27 | 2bd18f82de1783c16f157bc5dfa77dd4f70eaecb3b99e0344d1cc0f05a66d7d0 | f5a6246a46476d4ea67899a4e2ed61426a988fc15d4824daee8fa4d6ffcefb12 | db238adf8d707146f6778a9e14e2c9c6ac00b6349599832c56f1cd51d4f0fda3 | 3e89d6a3c34f49df938c51b23f3b200e1471a636df6e26d30e841547ad241729 | 520bf4073007eb1f8b975a38c2083cbf534b4a50f9e3d7714eccd3ed274b6e8e | 9bb42e93fbf7f03925173a7b02ada727717ca7f82670fd904d6ee33a7caf5f0c | 10a4333904575931360126569b051e17ab249272ead922fa0545a6dc8b5ca980 | 1d5cfc01375d816f5f6903d2d638aec523566ba69eb24a28b79d08286772f86f | f751bf3b6f30a7bf685d69a11fd4d63ec1f06ddad78805a1a9b6ff8150adab65 | 5a1e753de3cc74e311a864d6d1aaa4997689f2b978e8768410db598f81f61e7c | 53d299bec9e9beb4163f7a25074cae59c46dd19387f4f21b7313007c25b4a266 | 0f220e15f60edbbd0e6879e6c92a40ce2ba40319f0d2a2c9bb74edb8af850ba4 | 42c29802a859eeea3123ac87e2b948303c6be30bfd5d362747bde5d72f92d1ed | 816d7d3e5933ffe94b0cbd7b47fa7fa232fb98fbed2a610f4928c4aa7a2d2008,各年度エネルギー単位表の#20企業・事業所他、#33家庭、#34運輸の$1400（TJ）を1000で割りPJへ。3部門合計と#19最終消費の一致を各年で検査。
energy,consumption,fiscal_year,2015,final_consumption_industry_business,企業・事業所他,8454.98974409974,PJ,https://www.e-stat.go.jp/stat-search/file-download?statInfId=000040189526&fileKind=0 | https://www.e-stat.go.jp/stat-search/file-download?statInfId=000040188195&fileKind=0 | https://www.e-stat.go.jp/stat-search/file-download?statInfId=000040188193&fileKind=0 | https://www.e-stat.go.jp/stat-search/file-download?statInfId=000040188190&fileKind=0 | https://www.e-stat.go.jp/stat-search/file-download?statInfId=000040188189&fileKind=0 | https://www.e-stat.go.jp/stat-search/file-download?statInfId=000040188185&fileKind=0 | https://www.e-stat.go.jp/stat-search/file-download?statInfId=000040188183&fileKind=0 | https://www.e-stat.go.jp/stat-search/file-download?statInfId=000040188181&fileKind=0 | https://www.e-stat.go.jp/stat-search/file-download?statInfId=000031964212&fileKind=0 | https://www.e-stat.go.jp/stat-search/file-download?statInfId=000032039650&fileKind=0 | https://www.e-stat.go.jp/stat-search/file-download?statInfId=000032190958&fileKind=0 | https://www.e-stat.go.jp/stat-search/file-download?statInfId=000040054160&fileKind=0 | https://www.e-stat.go.jp/stat-search/file-download?statInfId=000040125366&fileKind=0 | https://www.e-stat.go.jp/stat-search/file-download?statInfId=000040226474&fileKind=0 | https://www.e-stat.go.jp/stat-search/file-download?statInfId=000040391290&fileKind=0,ff585fa099c3b8d74ee0c54f28c9997d4886b3a1e2d68ac90550b1bf2dc29c27 | 2bd18f82de1783c16f157bc5dfa77dd4f70eaecb3b99e0344d1cc0f05a66d7d0 | f5a6246a46476d4ea67899a4e2ed61426a988fc15d4824daee8fa4d6ffcefb12 | db238adf8d707146f6778a9e14e2c9c6ac00b6349599832c56f1cd51d4f0fda3 | 3e89d6a3c34f49df938c51b23f3b200e1471a636df6e26d30e841547ad241729 | 520bf4073007eb1f8b975a38c2083cbf534b4a50f9e3d7714eccd3ed274b6e8e | 9bb42e93fbf7f03925173a7b02ada727717ca7f82670fd904d6ee33a7caf5f0c | 10a4333904575931360126569b051e17ab249272ead922fa0545a6dc8b5ca980 | 1d5cfc01375d816f5f6903d2d638aec523566ba69eb24a28b79d08286772f86f | f751bf3b6f30a7bf685d69a11fd4d63ec1f06ddad78805a1a9b6ff8150adab65 | 5a1e753de3cc74e311a864d6d1aaa4997689f2b978e8768410db598f81f61e7c | 53d299bec9e9beb4163f7a25074cae59c46dd19387f4f21b7313007c25b4a266 | 0f220e15f60edbbd0e6879e6c92a40ce2ba40319f0d2a2c9bb74edb8af850ba4 | 42c29802a859eeea3123ac87e2b948303c6be30bfd5d362747bde5d72f92d1ed | 816d7d3e5933ffe94b0cbd7b47fa7fa232fb98fbed2a610f4928c4aa7a2d2008,各年度エネルギー単位表の#20企業・事業所他、#33家庭、#34運輸の$1400（TJ）を1000で割りPJへ。3部門合計と#19最終消費の一致を各年で検査。
energy,consumption,fiscal_year,2015,final_consumption_households,家庭,1899.2697297603943,PJ,https://www.e-stat.go.jp/stat-search/file-download?statInfId=000040189526&fileKind=0 | https://www.e-stat.go.jp/stat-search/file-download?statInfId=000040188195&fileKind=0 | https://www.e-stat.go.jp/stat-search/file-download?statInfId=000040188193&fileKind=0 | https://www.e-stat.go.jp/stat-search/file-download?statInfId=000040188190&fileKind=0 | https://www.e-stat.go.jp/stat-search/file-download?statInfId=000040188189&fileKind=0 | https://www.e-stat.go.jp/stat-search/file-download?statInfId=000040188185&fileKind=0 | https://www.e-stat.go.jp/stat-search/file-download?statInfId=000040188183&fileKind=0 | https://www.e-stat.go.jp/stat-search/file-download?statInfId=000040188181&fileKind=0 | https://www.e-stat.go.jp/stat-search/file-download?statInfId=000031964212&fileKind=0 | https://www.e-stat.go.jp/stat-search/file-download?statInfId=000032039650&fileKind=0 | https://www.e-stat.go.jp/stat-search/file-download?statInfId=000032190958&fileKind=0 | https://www.e-stat.go.jp/stat-search/file-download?statInfId=000040054160&fileKind=0 | https://www.e-stat.go.jp/stat-search/file-download?statInfId=000040125366&fileKind=0 | https://www.e-stat.go.jp/stat-search/file-download?statInfId=000040226474&fileKind=0 | https://www.e-stat.go.jp/stat-search/file-download?statInfId=000040391290&fileKind=0,ff585fa099c3b8d74ee0c54f28c9997d4886b3a1e2d68ac90550b1bf2dc29c27 | 2bd18f82de1783c16f157bc5dfa77dd4f70eaecb3b99e0344d1cc0f05a66d7d0 | f5a6246a46476d4ea67899a4e2ed61426a988fc15d4824daee8fa4d6ffcefb12 | db238adf8d707146f6778a9e14e2c9c6ac00b6349599832c56f1cd51d4f0fda3 | 3e89d6a3c34f49df938c51b23f3b200e1471a636df6e26d30e841547ad241729 | 520bf4073007eb1f8b975a38c2083cbf534b4a50f9e3d7714eccd3ed274b6e8e | 9bb42e93fbf7f03925173a7b02ada727717ca7f82670fd904d6ee33a7caf5f0c | 10a4333904575931360126569b051e17ab249272ead922fa0545a6dc8b5ca980 | 1d5cfc01375d816f5f6903d2d638aec523566ba69eb24a28b79d08286772f86f | f751bf3b6f30a7bf685d69a11fd4d63ec1f06ddad78805a1a9b6ff8150adab65 | 5a1e753de3cc74e311a864d6d1aaa4997689f2b978e8768410db598f81f61e7c | 53d299bec9e9beb4163f7a25074cae59c46dd19387f4f21b7313007c25b4a266 | 0f220e15f60edbbd0e6879e6c92a40ce2ba40319f0d2a2c9bb74edb8af850ba4 | 42c29802a859eeea3123ac87e2b948303c6be30bfd5d362747bde5d72f92d1ed | 816d7d3e5933ffe94b0cbd7b47fa7fa232fb98fbed2a610f4928c4aa7a2d2008,各年度エネルギー単位表の#20企業・事業所他、#33家庭、#34運輸の$1400（TJ）を1000で割りPJへ。3部門合計と#19最終消費の一致を各年で検査。
energy,consumption,fiscal_year,2015,final_consumption_transport,運輸,3148.2754358181946,PJ,https://www.e-stat.go.jp/stat-search/file-download?statInfId=000040189526&fileKind=0 | https://www.e-stat.go.jp/stat-search/file-download?statInfId=000040188195&fileKind=0 | https://www.e-stat.go.jp/stat-search/file-download?statInfId=000040188193&fileKind=0 | https://www.e-stat.go.jp/stat-search/file-download?statInfId=000040188190&fileKind=0 | https://www.e-stat.go.jp/stat-search/file-download?statInfId=000040188189&fileKind=0 | https://www.e-stat.go.jp/stat-search/file-download?statInfId=000040188185&fileKind=0 | https://www.e-stat.go.jp/stat-search/file-download?statInfId=000040188183&fileKind=0 | https://www.e-stat.go.jp/stat-search/file-download?statInfId=000040188181&fileKind=0 | https://www.e-stat.go.jp/stat-search/file-download?statInfId=000031964212&fileKind=0 | https://www.e-stat.go.jp/stat-search/file-download?statInfId=000032039650&fileKind=0 | https://www.e-stat.go.jp/stat-search/file-download?statInfId=000032190958&fileKind=0 | https://www.e-stat.go.jp/stat-search/file-download?statInfId=000040054160&fileKind=0 | https://www.e-stat.go.jp/stat-search/file-download?statInfId=000040125366&fileKind=0 | https://www.e-stat.go.jp/stat-search/file-download?statInfId=000040226474&fileKind=0 | https://www.e-stat.go.jp/stat-search/file-download?statInfId=000040391290&fileKind=0,ff585fa099c3b8d74ee0c54f28c9997d4886b3a1e2d68ac90550b1bf2dc29c27 | 2bd18f82de1783c16f157bc5dfa77dd4f70eaecb3b99e0344d1cc0f05a66d7d0 | f5a6246a46476d4ea67899a4e2ed61426a988fc15d4824daee8fa4d6ffcefb12 | db238adf8d707146f6778a9e14e2c9c6ac00b6349599832c56f1cd51d4f0fda3 | 3e89d6a3c34f49df938c51b23f3b200e1471a636df6e26d30e841547ad241729 | 520bf4073007eb1f8b975a38c2083cbf534b4a50f9e3d7714eccd3ed274b6e8e | 9bb42e93fbf7f03925173a7b02ada727717ca7f82670fd904d6ee33a7caf5f0c | 10a4333904575931360126569b051e17ab249272ead922fa0545a6dc8b5ca980 | 1d5cfc01375d816f5f6903d2d638aec523566ba69eb24a28b79d08286772f86f | f751bf3b6f30a7bf685d69a11fd4d63ec1f06ddad78805a1a9b6ff8150adab65 | 5a1e753de3cc74e311a864d6d1aaa4997689f2b978e8768410db598f81f61e7c | 53d299bec9e9beb4163f7a25074cae59c46dd19387f4f21b7313007c25b4a266 | 0f220e15f60edbbd0e6879e6c92a40ce2ba40319f0d2a2c9bb74edb8af850ba4 | 42c29802a859eeea3123ac87e2b948303c6be30bfd5d362747bde5d72f92d1ed | 816d7d3e5933ffe94b0cbd7b47fa7fa232fb98fbed2a610f4928c4aa7a2d2008,各年度エネルギー単位表の#20企業・事業所他、#33家庭、#34運輸の$1400（TJ）を1000で割りPJへ。3部門合計と#19最終消費の一致を各年で検査。
energy,consumption,fiscal_year,2016,final_consumption_industry_business,企業・事業所他,8339.018560281871,PJ,https://www.e-stat.go.jp/stat-search/file-download?statInfId=000040189526&fileKind=0 | https://www.e-stat.go.jp/stat-search/file-download?statInfId=000040188195&fileKind=0 | https://www.e-stat.go.jp/stat-search/file-download?statInfId=000040188193&fileKind=0 | https://www.e-stat.go.jp/stat-search/file-download?statInfId=000040188190&fileKind=0 | https://www.e-stat.go.jp/stat-search/file-download?statInfId=000040188189&fileKind=0 | https://www.e-stat.go.jp/stat-search/file-download?statInfId=000040188185&fileKind=0 | https://www.e-stat.go.jp/stat-search/file-download?statInfId=000040188183&fileKind=0 | https://www.e-stat.go.jp/stat-search/file-download?statInfId=000040188181&fileKind=0 | https://www.e-stat.go.jp/stat-search/file-download?statInfId=000031964212&fileKind=0 | https://www.e-stat.go.jp/stat-search/file-download?statInfId=000032039650&fileKind=0 | https://www.e-stat.go.jp/stat-search/file-download?statInfId=000032190958&fileKind=0 | https://www.e-stat.go.jp/stat-search/file-download?statInfId=000040054160&fileKind=0 | https://www.e-stat.go.jp/stat-search/file-download?statInfId=000040125366&fileKind=0 | https://www.e-stat.go.jp/stat-search/file-download?statInfId=000040226474&fileKind=0 | https://www.e-stat.go.jp/stat-search/file-download?statInfId=000040391290&fileKind=0,ff585fa099c3b8d74ee0c54f28c9997d4886b3a1e2d68ac90550b1bf2dc29c27 | 2bd18f82de1783c16f157bc5dfa77dd4f70eaecb3b99e0344d1cc0f05a66d7d0 | f5a6246a46476d4ea67899a4e2ed61426a988fc15d4824daee8fa4d6ffcefb12 | db238adf8d707146f6778a9e14e2c9c6ac00b6349599832c56f1cd51d4f0fda3 | 3e89d6a3c34f49df938c51b23f3b200e1471a636df6e26d30e841547ad241729 | 520bf4073007eb1f8b975a38c2083cbf534b4a50f9e3d7714eccd3ed274b6e8e | 9bb42e93fbf7f03925173a7b02ada727717ca7f82670fd904d6ee33a7caf5f0c | 10a4333904575931360126569b051e17ab249272ead922fa0545a6dc8b5ca980 | 1d5cfc01375d816f5f6903d2d638aec523566ba69eb24a28b79d08286772f86f | f751bf3b6f30a7bf685d69a11fd4d63ec1f06ddad78805a1a9b6ff8150adab65 | 5a1e753de3cc74e311a864d6d1aaa4997689f2b978e8768410db598f81f61e7c | 53d299bec9e9beb4163f7a25074cae59c46dd19387f4f21b7313007c25b4a266 | 0f220e15f60edbbd0e6879e6c92a40ce2ba40319f0d2a2c9bb74edb8af850ba4 | 42c29802a859eeea3123ac87e2b948303c6be30bfd5d362747bde5d72f92d1ed | 816d7d3e5933ffe94b0cbd7b47fa7fa232fb98fbed2a610f4928c4aa7a2d2008,各年度エネルギー単位表の#20企業・事業所他、#33家庭、#34運輸の$1400（TJ）を1000で割りPJへ。3部門合計と#19最終消費の一致を各年で検査。
energy,consumption,fiscal_year,2016,final_consumption_households,家庭,1873.84278084247,PJ,https://www.e-stat.go.jp/stat-search/file-download?statInfId=000040189526&fileKind=0 | https://www.e-stat.go.jp/stat-search/file-download?statInfId=000040188195&fileKind=0 | https://www.e-stat.go.jp/stat-search/file-download?statInfId=000040188193&fileKind=0 | https://www.e-stat.go.jp/stat-search/file-download?statInfId=000040188190&fileKind=0 | https://www.e-stat.go.jp/stat-search/file-download?statInfId=000040188189&fileKind=0 | https://www.e-stat.go.jp/stat-search/file-download?statInfId=000040188185&fileKind=0 | https://www.e-stat.go.jp/stat-search/file-download?statInfId=000040188183&fileKind=0 | https://www.e-stat.go.jp/stat-search/file-download?statInfId=000040188181&fileKind=0 | https://www.e-stat.go.jp/stat-search/file-download?statInfId=000031964212&fileKind=0 | https://www.e-stat.go.jp/stat-search/file-download?statInfId=000032039650&fileKind=0 | https://www.e-stat.go.jp/stat-search/file-download?statInfId=000032190958&fileKind=0 | https://www.e-stat.go.jp/stat-search/file-download?statInfId=000040054160&fileKind=0 | https://www.e-stat.go.jp/stat-search/file-download?statInfId=000040125366&fileKind=0 | https://www.e-stat.go.jp/stat-search/file-download?statInfId=000040226474&fileKind=0 | https://www.e-stat.go.jp/stat-search/file-download?statInfId=000040391290&fileKind=0,ff585fa099c3b8d74ee0c54f28c9997d4886b3a1e2d68ac90550b1bf2dc29c27 | 2bd18f82de1783c16f157bc5dfa77dd4f70eaecb3b99e0344d1cc0f05a66d7d0 | f5a6246a46476d4ea67899a4e2ed61426a988fc15d4824daee8fa4d6ffcefb12 | db238adf8d707146f6778a9e14e2c9c6ac00b6349599832c56f1cd51d4f0fda3 | 3e89d6a3c34f49df938c51b23f3b200e1471a636df6e26d30e841547ad241729 | 520bf4073007eb1f8b975a38c2083cbf534b4a50f9e3d7714eccd3ed274b6e8e | 9bb42e93fbf7f03925173a7b02ada727717ca7f82670fd904d6ee33a7caf5f0c | 10a4333904575931360126569b051e17ab249272ead922fa0545a6dc8b5ca980 | 1d5cfc01375d816f5f6903d2d638aec523566ba69eb24a28b79d08286772f86f | f751bf3b6f30a7bf685d69a11fd4d63ec1f06ddad78805a1a9b6ff8150adab65 | 5a1e753de3cc74e311a864d6d1aaa4997689f2b978e8768410db598f81f61e7c | 53d299bec9e9beb4163f7a25074cae59c46dd19387f4f21b7313007c25b4a266 | 0f220e15f60edbbd0e6879e6c92a40ce2ba40319f0d2a2c9bb74edb8af850ba4 | 42c29802a859eeea3123ac87e2b948303c6be30bfd5d362747bde5d72f92d1ed | 816d7d3e5933ffe94b0cbd7b47fa7fa232fb98fbed2a610f4928c4aa7a2d2008,各年度エネルギー単位表の#20企業・事業所他、#33家庭、#34運輸の$1400（TJ）を1000で割りPJへ。3部門合計と#19最終消費の一致を各年で検査。
energy,consumption,fiscal_year,2016,final_consumption_transport,運輸,3124.6200676885533,PJ,https://www.e-stat.go.jp/stat-search/file-download?statInfId=000040189526&fileKind=0 | https://www.e-stat.go.jp/stat-search/file-download?statInfId=000040188195&fileKind=0 | https://www.e-stat.go.jp/stat-search/file-download?statInfId=000040188193&fileKind=0 | https://www.e-stat.go.jp/stat-search/file-download?statInfId=000040188190&fileKind=0 | https://www.e-stat.go.jp/stat-search/file-download?statInfId=000040188189&fileKind=0 | https://www.e-stat.go.jp/stat-search/file-download?statInfId=000040188185&fileKind=0 | https://www.e-stat.go.jp/stat-search/file-download?statInfId=000040188183&fileKind=0 | https://www.e-stat.go.jp/stat-search/file-download?statInfId=000040188181&fileKind=0 | https://www.e-stat.go.jp/stat-search/file-download?statInfId=000031964212&fileKind=0 | https://www.e-stat.go.jp/stat-search/file-download?statInfId=000032039650&fileKind=0 | https://www.e-stat.go.jp/stat-search/file-download?statInfId=000032190958&fileKind=0 | https://www.e-stat.go.jp/stat-search/file-download?statInfId=000040054160&fileKind=0 | https://www.e-stat.go.jp/stat-search/file-download?statInfId=000040125366&fileKind=0 | https://www.e-stat.go.jp/stat-search/file-download?statInfId=000040226474&fileKind=0 | https://www.e-stat.go.jp/stat-search/file-download?statInfId=000040391290&fileKind=0,ff585fa099c3b8d74ee0c54f28c9997d4886b3a1e2d68ac90550b1bf2dc29c27 | 2bd18f82de1783c16f157bc5dfa77dd4f70eaecb3b99e0344d1cc0f05a66d7d0 | f5a6246a46476d4ea67899a4e2ed61426a988fc15d4824daee8fa4d6ffcefb12 | db238adf8d707146f6778a9e14e2c9c6ac00b6349599832c56f1cd51d4f0fda3 | 3e89d6a3c34f49df938c51b23f3b200e1471a636df6e26d30e841547ad241729 | 520bf4073007eb1f8b975a38c2083cbf534b4a50f9e3d7714eccd3ed274b6e8e | 9bb42e93fbf7f03925173a7b02ada727717ca7f82670fd904d6ee33a7caf5f0c | 10a4333904575931360126569b051e17ab249272ead922fa0545a6dc8b5ca980 | 1d5cfc01375d816f5f6903d2d638aec523566ba69eb24a28b79d08286772f86f | f751bf3b6f30a7bf685d69a11fd4d63ec1f06ddad78805a1a9b6ff8150adab65 | 5a1e753de3cc74e311a864d6d1aaa4997689f2b978e8768410db598f81f61e7c | 53d299bec9e9beb4163f7a25074cae59c46dd19387f4f21b7313007c25b4a266 | 0f220e15f60edbbd0e6879e6c92a40ce2ba40319f0d2a2c9bb74edb8af850ba4 | 42c29802a859eeea3123ac87e2b948303c6be30bfd5d362747bde5d72f92d1ed | 816d7d3e5933ffe94b0cbd7b47fa7fa232fb98fbed2a610f4928c4aa7a2d2008,各年度エネルギー単位表の#20企業・事業所他、#33家庭、#34運輸の$1400（TJ）を1000で割りPJへ。3部門合計と#19最終消費の一致を各年で検査。
energy,consumption,fiscal_year,2017,final_consumption_industry_business,企業・事業所他,8394.824893563478,PJ,https://www.e-stat.go.jp/stat-search/file-download?statInfId=000040189526&fileKind=0 | https://www.e-stat.go.jp/stat-search/file-download?statInfId=000040188195&fileKind=0 | https://www.e-stat.go.jp/stat-search/file-download?statInfId=000040188193&fileKind=0 | https://www.e-stat.go.jp/stat-search/file-download?statInfId=000040188190&fileKind=0 | https://www.e-stat.go.jp/stat-search/file-download?statInfId=000040188189&fileKind=0 | https://www.e-stat.go.jp/stat-search/file-download?statInfId=000040188185&fileKind=0 | https://www.e-stat.go.jp/stat-search/file-download?statInfId=000040188183&fileKind=0 | https://www.e-stat.go.jp/stat-search/file-download?statInfId=000040188181&fileKind=0 | https://www.e-stat.go.jp/stat-search/file-download?statInfId=000031964212&fileKind=0 | https://www.e-stat.go.jp/stat-search/file-download?statInfId=000032039650&fileKind=0 | https://www.e-stat.go.jp/stat-search/file-download?statInfId=000032190958&fileKind=0 | https://www.e-stat.go.jp/stat-search/file-download?statInfId=000040054160&fileKind=0 | https://www.e-stat.go.jp/stat-search/file-download?statInfId=000040125366&fileKind=0 | https://www.e-stat.go.jp/stat-search/file-download?statInfId=000040226474&fileKind=0 | https://www.e-stat.go.jp/stat-search/file-download?statInfId=000040391290&fileKind=0,ff585fa099c3b8d74ee0c54f28c9997d4886b3a1e2d68ac90550b1bf2dc29c27 | 2bd18f82de1783c16f157bc5dfa77dd4f70eaecb3b99e0344d1cc0f05a66d7d0 | f5a6246a46476d4ea67899a4e2ed61426a988fc15d4824daee8fa4d6ffcefb12 | db238adf8d707146f6778a9e14e2c9c6ac00b6349599832c56f1cd51d4f0fda3 | 3e89d6a3c34f49df938c51b23f3b200e1471a636df6e26d30e841547ad241729 | 520bf4073007eb1f8b975a38c2083cbf534b4a50f9e3d7714eccd3ed274b6e8e | 9bb42e93fbf7f03925173a7b02ada727717ca7f82670fd904d6ee33a7caf5f0c | 10a4333904575931360126569b051e17ab249272ead922fa0545a6dc8b5ca980 | 1d5cfc01375d816f5f6903d2d638aec523566ba69eb24a28b79d08286772f86f | f751bf3b6f30a7bf685d69a11fd4d63ec1f06ddad78805a1a9b6ff8150adab65 | 5a1e753de3cc74e311a864d6d1aaa4997689f2b978e8768410db598f81f61e7c | 53d299bec9e9beb4163f7a25074cae59c46dd19387f4f21b7313007c25b4a266 | 0f220e15f60edbbd0e6879e6c92a40ce2ba40319f0d2a2c9bb74edb8af850ba4 | 42c29802a859eeea3123ac87e2b948303c6be30bfd5d362747bde5d72f92d1ed | 816d7d3e5933ffe94b0cbd7b47fa7fa232fb98fbed2a610f4928c4aa7a2d2008,各年度エネルギー単位表の#20企業・事業所他、#33家庭、#34運輸の$1400（TJ）を1000で割りPJへ。3部門合計と#19最終消費の一致を各年で検査。
energy,consumption,fiscal_year,2017,final_consumption_households,家庭,1970.4172313998529,PJ,https://www.e-stat.go.jp/stat-search/file-download?statInfId=000040189526&fileKind=0 | https://www.e-stat.go.jp/stat-search/file-download?statInfId=000040188195&fileKind=0 | https://www.e-stat.go.jp/stat-search/file-download?statInfId=000040188193&fileKind=0 | https://www.e-stat.go.jp/stat-search/file-download?statInfId=000040188190&fileKind=0 | https://www.e-stat.go.jp/stat-search/file-download?statInfId=000040188189&fileKind=0 | https://www.e-stat.go.jp/stat-search/file-download?statInfId=000040188185&fileKind=0 | https://www.e-stat.go.jp/stat-search/file-download?statInfId=000040188183&fileKind=0 | https://www.e-stat.go.jp/stat-search/file-download?statInfId=000040188181&fileKind=0 | https://www.e-stat.go.jp/stat-search/file-download?statInfId=000031964212&fileKind=0 | https://www.e-stat.go.jp/stat-search/file-download?statInfId=000032039650&fileKind=0 | https://www.e-stat.go.jp/stat-search/file-download?statInfId=000032190958&fileKind=0 | https://www.e-stat.go.jp/stat-search/file-download?statInfId=000040054160&fileKind=0 | https://www.e-stat.go.jp/stat-search/file-download?statInfId=000040125366&fileKind=0 | https://www.e-stat.go.jp/stat-search/file-download?statInfId=000040226474&fileKind=0 | https://www.e-stat.go.jp/stat-search/file-download?statInfId=000040391290&fileKind=0,ff585fa099c3b8d74ee0c54f28c9997d4886b3a1e2d68ac90550b1bf2dc29c27 | 2bd18f82de1783c16f157bc5dfa77dd4f70eaecb3b99e0344d1cc0f05a66d7d0 | f5a6246a46476d4ea67899a4e2ed61426a988fc15d4824daee8fa4d6ffcefb12 | db238adf8d707146f6778a9e14e2c9c6ac00b6349599832c56f1cd51d4f0fda3 | 3e89d6a3c34f49df938c51b23f3b200e1471a636df6e26d30e841547ad241729 | 520bf4073007eb1f8b975a38c2083cbf534b4a50f9e3d7714eccd3ed274b6e8e | 9bb42e93fbf7f03925173a7b02ada727717ca7f82670fd904d6ee33a7caf5f0c | 10a4333904575931360126569b051e17ab249272ead922fa0545a6dc8b5ca980 | 1d5cfc01375d816f5f6903d2d638aec523566ba69eb24a28b79d08286772f86f | f751bf3b6f30a7bf685d69a11fd4d63ec1f06ddad78805a1a9b6ff8150adab65 | 5a1e753de3cc74e311a864d6d1aaa4997689f2b978e8768410db598f81f61e7c | 53d299bec9e9beb4163f7a25074cae59c46dd19387f4f21b7313007c25b4a266 | 0f220e15f60edbbd0e6879e6c92a40ce2ba40319f0d2a2c9bb74edb8af850ba4 | 42c29802a859eeea3123ac87e2b948303c6be30bfd5d362747bde5d72f92d1ed | 816d7d3e5933ffe94b0cbd7b47fa7fa232fb98fbed2a610f4928c4aa7a2d2008,各年度エネルギー単位表の#20企業・事業所他、#33家庭、#34運輸の$1400（TJ）を1000で割りPJへ。3部門合計と#19最終消費の一致を各年で検査。
energy,consumption,fiscal_year,2017,final_consumption_transport,運輸,3100.411848421366,PJ,https://www.e-stat.go.jp/stat-search/file-download?statInfId=000040189526&fileKind=0 | https://www.e-stat.go.jp/stat-search/file-download?statInfId=000040188195&fileKind=0 | https://www.e-stat.go.jp/stat-search/file-download?statInfId=000040188193&fileKind=0 | https://www.e-stat.go.jp/stat-search/file-download?statInfId=000040188190&fileKind=0 | https://www.e-stat.go.jp/stat-search/file-download?statInfId=000040188189&fileKind=0 | https://www.e-stat.go.jp/stat-search/file-download?statInfId=000040188185&fileKind=0 | https://www.e-stat.go.jp/stat-search/file-download?statInfId=000040188183&fileKind=0 | https://www.e-stat.go.jp/stat-search/file-download?statInfId=000040188181&fileKind=0 | https://www.e-stat.go.jp/stat-search/file-download?statInfId=000031964212&fileKind=0 | https://www.e-stat.go.jp/stat-search/file-download?statInfId=000032039650&fileKind=0 | https://www.e-stat.go.jp/stat-search/file-download?statInfId=000032190958&fileKind=0 | https://www.e-stat.go.jp/stat-search/file-download?statInfId=000040054160&fileKind=0 | https://www.e-stat.go.jp/stat-search/file-download?statInfId=000040125366&fileKind=0 | https://www.e-stat.go.jp/stat-search/file-download?statInfId=000040226474&fileKind=0 | https://www.e-stat.go.jp/stat-search/file-download?statInfId=000040391290&fileKind=0,ff585fa099c3b8d74ee0c54f28c9997d4886b3a1e2d68ac90550b1bf2dc29c27 | 2bd18f82de1783c16f157bc5dfa77dd4f70eaecb3b99e0344d1cc0f05a66d7d0 | f5a6246a46476d4ea67899a4e2ed61426a988fc15d4824daee8fa4d6ffcefb12 | db238adf8d707146f6778a9e14e2c9c6ac00b6349599832c56f1cd51d4f0fda3 | 3e89d6a3c34f49df938c51b23f3b200e1471a636df6e26d30e841547ad241729 | 520bf4073007eb1f8b975a38c2083cbf534b4a50f9e3d7714eccd3ed274b6e8e | 9bb42e93fbf7f03925173a7b02ada727717ca7f82670fd904d6ee33a7caf5f0c | 10a4333904575931360126569b051e17ab249272ead922fa0545a6dc8b5ca980 | 1d5cfc01375d816f5f6903d2d638aec523566ba69eb24a28b79d08286772f86f | f751bf3b6f30a7bf685d69a11fd4d63ec1f06ddad78805a1a9b6ff8150adab65 | 5a1e753de3cc74e311a864d6d1aaa4997689f2b978e8768410db598f81f61e7c | 53d299bec9e9beb4163f7a25074cae59c46dd19387f4f21b7313007c25b4a266 | 0f220e15f60edbbd0e6879e6c92a40ce2ba40319f0d2a2c9bb74edb8af850ba4 | 42c29802a859eeea3123ac87e2b948303c6be30bfd5d362747bde5d72f92d1ed | 816d7d3e5933ffe94b0cbd7b47fa7fa232fb98fbed2a610f4928c4aa7a2d2008,各年度エネルギー単位表の#20企業・事業所他、#33家庭、#34運輸の$1400（TJ）を1000で割りPJへ。3部門合計と#19最終消費の一致を各年で検査。
energy,consumption,fiscal_year,2018,final_consumption_industry_business,企業・事業所他,8356.07978717194,PJ,https://www.e-stat.go.jp/stat-search/file-download?statInfId=000040189526&fileKind=0 | https://www.e-stat.go.jp/stat-search/file-download?statInfId=000040188195&fileKind=0 | https://www.e-stat.go.jp/stat-search/file-download?statInfId=000040188193&fileKind=0 | https://www.e-stat.go.jp/stat-search/file-download?statInfId=000040188190&fileKind=0 | https://www.e-stat.go.jp/stat-search/file-download?statInfId=000040188189&fileKind=0 | https://www.e-stat.go.jp/stat-search/file-download?statInfId=000040188185&fileKind=0 | https://www.e-stat.go.jp/stat-search/file-download?statInfId=000040188183&fileKind=0 | https://www.e-stat.go.jp/stat-search/file-download?statInfId=000040188181&fileKind=0 | https://www.e-stat.go.jp/stat-search/file-download?statInfId=000031964212&fileKind=0 | https://www.e-stat.go.jp/stat-search/file-download?statInfId=000032039650&fileKind=0 | https://www.e-stat.go.jp/stat-search/file-download?statInfId=000032190958&fileKind=0 | https://www.e-stat.go.jp/stat-search/file-download?statInfId=000040054160&fileKind=0 | https://www.e-stat.go.jp/stat-search/file-download?statInfId=000040125366&fileKind=0 | https://www.e-stat.go.jp/stat-search/file-download?statInfId=000040226474&fileKind=0 | https://www.e-stat.go.jp/stat-search/file-download?statInfId=000040391290&fileKind=0,ff585fa099c3b8d74ee0c54f28c9997d4886b3a1e2d68ac90550b1bf2dc29c27 | 2bd18f82de1783c16f157bc5dfa77dd4f70eaecb3b99e0344d1cc0f05a66d7d0 | f5a6246a46476d4ea67899a4e2ed61426a988fc15d4824daee8fa4d6ffcefb12 | db238adf8d707146f6778a9e14e2c9c6ac00b6349599832c56f1cd51d4f0fda3 | 3e89d6a3c34f49df938c51b23f3b200e1471a636df6e26d30e841547ad241729 | 520bf4073007eb1f8b975a38c2083cbf534b4a50f9e3d7714eccd3ed274b6e8e | 9bb42e93fbf7f03925173a7b02ada727717ca7f82670fd904d6ee33a7caf5f0c | 10a4333904575931360126569b051e17ab249272ead922fa0545a6dc8b5ca980 | 1d5cfc01375d816f5f6903d2d638aec523566ba69eb24a28b79d08286772f86f | f751bf3b6f30a7bf685d69a11fd4d63ec1f06ddad78805a1a9b6ff8150adab65 | 5a1e753de3cc74e311a864d6d1aaa4997689f2b978e8768410db598f81f61e7c | 53d299bec9e9beb4163f7a25074cae59c46dd19387f4f21b7313007c25b4a266 | 0f220e15f60edbbd0e6879e6c92a40ce2ba40319f0d2a2c9bb74edb8af850ba4 | 42c29802a859eeea3123ac87e2b948303c6be30bfd5d362747bde5d72f92d1ed | 816d7d3e5933ffe94b0cbd7b47fa7fa232fb98fbed2a610f4928c4aa7a2d2008,各年度エネルギー単位表の#20企業・事業所他、#33家庭、#34運輸の$1400（TJ）を1000で割りPJへ。3部門合計と#19最終消費の一致を各年で検査。
energy,consumption,fiscal_year,2018,final_consumption_households,家庭,1783.9407613801968,PJ,https://www.e-stat.go.jp/stat-search/file-download?statInfId=000040189526&fileKind=0 | https://www.e-stat.go.jp/stat-search/file-download?statInfId=000040188195&fileKind=0 | https://www.e-stat.go.jp/stat-search/file-download?statInfId=000040188193&fileKind=0 | https://www.e-stat.go.jp/stat-search/file-download?statInfId=000040188190&fileKind=0 | https://www.e-stat.go.jp/stat-search/file-download?statInfId=000040188189&fileKind=0 | https://www.e-stat.go.jp/stat-search/file-download?statInfId=000040188185&fileKind=0 | https://www.e-stat.go.jp/stat-search/file-download?statInfId=000040188183&fileKind=0 | https://www.e-stat.go.jp/stat-search/file-download?statInfId=000040188181&fileKind=0 | https://www.e-stat.go.jp/stat-search/file-download?statInfId=000031964212&fileKind=0 | https://www.e-stat.go.jp/stat-search/file-download?statInfId=000032039650&fileKind=0 | https://www.e-stat.go.jp/stat-search/file-download?statInfId=000032190958&fileKind=0 | https://www.e-stat.go.jp/stat-search/file-download?statInfId=000040054160&fileKind=0 | https://www.e-stat.go.jp/stat-search/file-download?statInfId=000040125366&fileKind=0 | https://www.e-stat.go.jp/stat-search/file-download?statInfId=000040226474&fileKind=0 | https://www.e-stat.go.jp/stat-search/file-download?statInfId=000040391290&fileKind=0,ff585fa099c3b8d74ee0c54f28c9997d4886b3a1e2d68ac90550b1bf2dc29c27 | 2bd18f82de1783c16f157bc5dfa77dd4f70eaecb3b99e0344d1cc0f05a66d7d0 | f5a6246a46476d4ea67899a4e2ed61426a988fc15d4824daee8fa4d6ffcefb12 | db238adf8d707146f6778a9e14e2c9c6ac00b6349599832c56f1cd51d4f0fda3 | 3e89d6a3c34f49df938c51b23f3b200e1471a636df6e26d30e841547ad241729 | 520bf4073007eb1f8b975a38c2083cbf534b4a50f9e3d7714eccd3ed274b6e8e | 9bb42e93fbf7f03925173a7b02ada727717ca7f82670fd904d6ee33a7caf5f0c | 10a4333904575931360126569b051e17ab249272ead922fa0545a6dc8b5ca980 | 1d5cfc01375d816f5f6903d2d638aec523566ba69eb24a28b79d08286772f86f | f751bf3b6f30a7bf685d69a11fd4d63ec1f06ddad78805a1a9b6ff8150adab65 | 5a1e753de3cc74e311a864d6d1aaa4997689f2b978e8768410db598f81f61e7c | 53d299bec9e9beb4163f7a25074cae59c46dd19387f4f21b7313007c25b4a266 | 0f220e15f60edbbd0e6879e6c92a40ce2ba40319f0d2a2c9bb74edb8af850ba4 | 42c29802a859eeea3123ac87e2b948303c6be30bfd5d362747bde5d72f92d1ed | 816d7d3e5933ffe94b0cbd7b47fa7fa232fb98fbed2a610f4928c4aa7a2d2008,各年度エネルギー単位表の#20企業・事業所他、#33家庭、#34運輸の$1400（TJ）を1000で割りPJへ。3部門合計と#19最終消費の一致を各年で検査。
energy,consumption,fiscal_year,2018,final_consumption_transport,運輸,3063.9635813096747,PJ,https://www.e-stat.go.jp/stat-search/file-download?statInfId=000040189526&fileKind=0 | https://www.e-stat.go.jp/stat-search/file-download?statInfId=000040188195&fileKind=0 | https://www.e-stat.go.jp/stat-search/file-download?statInfId=000040188193&fileKind=0 | https://www.e-stat.go.jp/stat-search/file-download?statInfId=000040188190&fileKind=0 | https://www.e-stat.go.jp/stat-search/file-download?statInfId=000040188189&fileKind=0 | https://www.e-stat.go.jp/stat-search/file-download?statInfId=000040188185&fileKind=0 | https://www.e-stat.go.jp/stat-search/file-download?statInfId=000040188183&fileKind=0 | https://www.e-stat.go.jp/stat-search/file-download?statInfId=000040188181&fileKind=0 | https://www.e-stat.go.jp/stat-search/file-download?statInfId=000031964212&fileKind=0 | https://www.e-stat.go.jp/stat-search/file-download?statInfId=000032039650&fileKind=0 | https://www.e-stat.go.jp/stat-search/file-download?statInfId=000032190958&fileKind=0 | https://www.e-stat.go.jp/stat-search/file-download?statInfId=000040054160&fileKind=0 | https://www.e-stat.go.jp/stat-search/file-download?statInfId=000040125366&fileKind=0 | https://www.e-stat.go.jp/stat-search/file-download?statInfId=000040226474&fileKind=0 | https://www.e-stat.go.jp/stat-search/file-download?statInfId=000040391290&fileKind=0,ff585fa099c3b8d74ee0c54f28c9997d4886b3a1e2d68ac90550b1bf2dc29c27 | 2bd18f82de1783c16f157bc5dfa77dd4f70eaecb3b99e0344d1cc0f05a66d7d0 | f5a6246a46476d4ea67899a4e2ed61426a988fc15d4824daee8fa4d6ffcefb12 | db238adf8d707146f6778a9e14e2c9c6ac00b6349599832c56f1cd51d4f0fda3 | 3e89d6a3c34f49df938c51b23f3b200e1471a636df6e26d30e841547ad241729 | 520bf4073007eb1f8b975a38c2083cbf534b4a50f9e3d7714eccd3ed274b6e8e | 9bb42e93fbf7f03925173a7b02ada727717ca7f82670fd904d6ee33a7caf5f0c | 10a4333904575931360126569b051e17ab249272ead922fa0545a6dc8b5ca980 | 1d5cfc01375d816f5f6903d2d638aec523566ba69eb24a28b79d08286772f86f | f751bf3b6f30a7bf685d69a11fd4d63ec1f06ddad78805a1a9b6ff8150adab65 | 5a1e753de3cc74e311a864d6d1aaa4997689f2b978e8768410db598f81f61e7c | 53d299bec9e9beb4163f7a25074cae59c46dd19387f4f21b7313007c25b4a266 | 0f220e15f60edbbd0e6879e6c92a40ce2ba40319f0d2a2c9bb74edb8af850ba4 | 42c29802a859eeea3123ac87e2b948303c6be30bfd5d362747bde5d72f92d1ed | 816d7d3e5933ffe94b0cbd7b47fa7fa232fb98fbed2a610f4928c4aa7a2d2008,各年度エネルギー単位表の#20企業・事業所他、#33家庭、#34運輸の$1400（TJ）を1000で割りPJへ。3部門合計と#19最終消費の一致を各年で検査。
energy,consumption,fiscal_year,2019,final_consumption_industry_business,企業・事業所他,8136.610142776125,PJ,https://www.e-stat.go.jp/stat-search/file-download?statInfId=000040189526&fileKind=0 | https://www.e-stat.go.jp/stat-search/file-download?statInfId=000040188195&fileKind=0 | https://www.e-stat.go.jp/stat-search/file-download?statInfId=000040188193&fileKind=0 | https://www.e-stat.go.jp/stat-search/file-download?statInfId=000040188190&fileKind=0 | https://www.e-stat.go.jp/stat-search/file-download?statInfId=000040188189&fileKind=0 | https://www.e-stat.go.jp/stat-search/file-download?statInfId=000040188185&fileKind=0 | https://www.e-stat.go.jp/stat-search/file-download?statInfId=000040188183&fileKind=0 | https://www.e-stat.go.jp/stat-search/file-download?statInfId=000040188181&fileKind=0 | https://www.e-stat.go.jp/stat-search/file-download?statInfId=000031964212&fileKind=0 | https://www.e-stat.go.jp/stat-search/file-download?statInfId=000032039650&fileKind=0 | https://www.e-stat.go.jp/stat-search/file-download?statInfId=000032190958&fileKind=0 | https://www.e-stat.go.jp/stat-search/file-download?statInfId=000040054160&fileKind=0 | https://www.e-stat.go.jp/stat-search/file-download?statInfId=000040125366&fileKind=0 | https://www.e-stat.go.jp/stat-search/file-download?statInfId=000040226474&fileKind=0 | https://www.e-stat.go.jp/stat-search/file-download?statInfId=000040391290&fileKind=0,ff585fa099c3b8d74ee0c54f28c9997d4886b3a1e2d68ac90550b1bf2dc29c27 | 2bd18f82de1783c16f157bc5dfa77dd4f70eaecb3b99e0344d1cc0f05a66d7d0 | f5a6246a46476d4ea67899a4e2ed61426a988fc15d4824daee8fa4d6ffcefb12 | db238adf8d707146f6778a9e14e2c9c6ac00b6349599832c56f1cd51d4f0fda3 | 3e89d6a3c34f49df938c51b23f3b200e1471a636df6e26d30e841547ad241729 | 520bf4073007eb1f8b975a38c2083cbf534b4a50f9e3d7714eccd3ed274b6e8e | 9bb42e93fbf7f03925173a7b02ada727717ca7f82670fd904d6ee33a7caf5f0c | 10a4333904575931360126569b051e17ab249272ead922fa0545a6dc8b5ca980 | 1d5cfc01375d816f5f6903d2d638aec523566ba69eb24a28b79d08286772f86f | f751bf3b6f30a7bf685d69a11fd4d63ec1f06ddad78805a1a9b6ff8150adab65 | 5a1e753de3cc74e311a864d6d1aaa4997689f2b978e8768410db598f81f61e7c | 53d299bec9e9beb4163f7a25074cae59c46dd19387f4f21b7313007c25b4a266 | 0f220e15f60edbbd0e6879e6c92a40ce2ba40319f0d2a2c9bb74edb8af850ba4 | 42c29802a859eeea3123ac87e2b948303c6be30bfd5d362747bde5d72f92d1ed | 816d7d3e5933ffe94b0cbd7b47fa7fa232fb98fbed2a610f4928c4aa7a2d2008,各年度エネルギー単位表の#20企業・事業所他、#33家庭、#34運輸の$1400（TJ）を1000で割りPJへ。3部門合計と#19最終消費の一致を各年で検査。
energy,consumption,fiscal_year,2019,final_consumption_households,家庭,1796.8632607550335,PJ,https://www.e-stat.go.jp/stat-search/file-download?statInfId=000040189526&fileKind=0 | https://www.e-stat.go.jp/stat-search/file-download?statInfId=000040188195&fileKind=0 | https://www.e-stat.go.jp/stat-search/file-download?statInfId=000040188193&fileKind=0 | https://www.e-stat.go.jp/stat-search/file-download?statInfId=000040188190&fileKind=0 | https://www.e-stat.go.jp/stat-search/file-download?statInfId=000040188189&fileKind=0 | https://www.e-stat.go.jp/stat-search/file-download?statInfId=000040188185&fileKind=0 | https://www.e-stat.go.jp/stat-search/file-download?statInfId=000040188183&fileKind=0 | https://www.e-stat.go.jp/stat-search/file-download?statInfId=000040188181&fileKind=0 | https://www.e-stat.go.jp/stat-search/file-download?statInfId=000031964212&fileKind=0 | https://www.e-stat.go.jp/stat-search/file-download?statInfId=000032039650&fileKind=0 | https://www.e-stat.go.jp/stat-search/file-download?statInfId=000032190958&fileKind=0 | https://www.e-stat.go.jp/stat-search/file-download?statInfId=000040054160&fileKind=0 | https://www.e-stat.go.jp/stat-search/file-download?statInfId=000040125366&fileKind=0 | https://www.e-stat.go.jp/stat-search/file-download?statInfId=000040226474&fileKind=0 | https://www.e-stat.go.jp/stat-search/file-download?statInfId=000040391290&fileKind=0,ff585fa099c3b8d74ee0c54f28c9997d4886b3a1e2d68ac90550b1bf2dc29c27 | 2bd18f82de1783c16f157bc5dfa77dd4f70eaecb3b99e0344d1cc0f05a66d7d0 | f5a6246a46476d4ea67899a4e2ed61426a988fc15d4824daee8fa4d6ffcefb12 | db238adf8d707146f6778a9e14e2c9c6ac00b6349599832c56f1cd51d4f0fda3 | 3e89d6a3c34f49df938c51b23f3b200e1471a636df6e26d30e841547ad241729 | 520bf4073007eb1f8b975a38c2083cbf534b4a50f9e3d7714eccd3ed274b6e8e | 9bb42e93fbf7f03925173a7b02ada727717ca7f82670fd904d6ee33a7caf5f0c | 10a4333904575931360126569b051e17ab249272ead922fa0545a6dc8b5ca980 | 1d5cfc01375d816f5f6903d2d638aec523566ba69eb24a28b79d08286772f86f | f751bf3b6f30a7bf685d69a11fd4d63ec1f06ddad78805a1a9b6ff8150adab65 | 5a1e753de3cc74e311a864d6d1aaa4997689f2b978e8768410db598f81f61e7c | 53d299bec9e9beb4163f7a25074cae59c46dd19387f4f21b7313007c25b4a266 | 0f220e15f60edbbd0e6879e6c92a40ce2ba40319f0d2a2c9bb74edb8af850ba4 | 42c29802a859eeea3123ac87e2b948303c6be30bfd5d362747bde5d72f92d1ed | 816d7d3e5933ffe94b0cbd7b47fa7fa232fb98fbed2a610f4928c4aa7a2d2008,各年度エネルギー単位表の#20企業・事業所他、#33家庭、#34運輸の$1400（TJ）を1000で割りPJへ。3部門合計と#19最終消費の一致を各年で検査。
energy,consumption,fiscal_year,2019,final_consumption_transport,運輸,3003.3292000128554,PJ,https://www.e-stat.go.jp/stat-search/file-download?statInfId=000040189526&fileKind=0 | https://www.e-stat.go.jp/stat-search/file-download?statInfId=000040188195&fileKind=0 | https://www.e-stat.go.jp/stat-search/file-download?statInfId=000040188193&fileKind=0 | https://www.e-stat.go.jp/stat-search/file-download?statInfId=000040188190&fileKind=0 | https://www.e-stat.go.jp/stat-search/file-download?statInfId=000040188189&fileKind=0 | https://www.e-stat.go.jp/stat-search/file-download?statInfId=000040188185&fileKind=0 | https://www.e-stat.go.jp/stat-search/file-download?statInfId=000040188183&fileKind=0 | https://www.e-stat.go.jp/stat-search/file-download?statInfId=000040188181&fileKind=0 | https://www.e-stat.go.jp/stat-search/file-download?statInfId=000031964212&fileKind=0 | https://www.e-stat.go.jp/stat-search/file-download?statInfId=000032039650&fileKind=0 | https://www.e-stat.go.jp/stat-search/file-download?statInfId=000032190958&fileKind=0 | https://www.e-stat.go.jp/stat-search/file-download?statInfId=000040054160&fileKind=0 | https://www.e-stat.go.jp/stat-search/file-download?statInfId=000040125366&fileKind=0 | https://www.e-stat.go.jp/stat-search/file-download?statInfId=000040226474&fileKind=0 | https://www.e-stat.go.jp/stat-search/file-download?statInfId=000040391290&fileKind=0,ff585fa099c3b8d74ee0c54f28c9997d4886b3a1e2d68ac90550b1bf2dc29c27 | 2bd18f82de1783c16f157bc5dfa77dd4f70eaecb3b99e0344d1cc0f05a66d7d0 | f5a6246a46476d4ea67899a4e2ed61426a988fc15d4824daee8fa4d6ffcefb12 | db238adf8d707146f6778a9e14e2c9c6ac00b6349599832c56f1cd51d4f0fda3 | 3e89d6a3c34f49df938c51b23f3b200e1471a636df6e26d30e841547ad241729 | 520bf4073007eb1f8b975a38c2083cbf534b4a50f9e3d7714eccd3ed274b6e8e | 9bb42e93fbf7f03925173a7b02ada727717ca7f82670fd904d6ee33a7caf5f0c | 10a4333904575931360126569b051e17ab249272ead922fa0545a6dc8b5ca980 | 1d5cfc01375d816f5f6903d2d638aec523566ba69eb24a28b79d08286772f86f | f751bf3b6f30a7bf685d69a11fd4d63ec1f06ddad78805a1a9b6ff8150adab65 | 5a1e753de3cc74e311a864d6d1aaa4997689f2b978e8768410db598f81f61e7c | 53d299bec9e9beb4163f7a25074cae59c46dd19387f4f21b7313007c25b4a266 | 0f220e15f60edbbd0e6879e6c92a40ce2ba40319f0d2a2c9bb74edb8af850ba4 | 42c29802a859eeea3123ac87e2b948303c6be30bfd5d362747bde5d72f92d1ed | 816d7d3e5933ffe94b0cbd7b47fa7fa232fb98fbed2a610f4928c4aa7a2d2008,各年度エネルギー単位表の#20企業・事業所他、#33家庭、#34運輸の$1400（TJ）を1000で割りPJへ。3部門合計と#19最終消費の一致を各年で検査。
energy,consumption,fiscal_year,2020,final_consumption_industry_business,企業・事業所他,7480.130597798979,PJ,https://www.e-stat.go.jp/stat-search/file-download?statInfId=000040189526&fileKind=0 | https://www.e-stat.go.jp/stat-search/file-download?statInfId=000040188195&fileKind=0 | https://www.e-stat.go.jp/stat-search/file-download?statInfId=000040188193&fileKind=0 | https://www.e-stat.go.jp/stat-search/file-download?statInfId=000040188190&fileKind=0 | https://www.e-stat.go.jp/stat-search/file-download?statInfId=000040188189&fileKind=0 | https://www.e-stat.go.jp/stat-search/file-download?statInfId=000040188185&fileKind=0 | https://www.e-stat.go.jp/stat-search/file-download?statInfId=000040188183&fileKind=0 | https://www.e-stat.go.jp/stat-search/file-download?statInfId=000040188181&fileKind=0 | https://www.e-stat.go.jp/stat-search/file-download?statInfId=000031964212&fileKind=0 | https://www.e-stat.go.jp/stat-search/file-download?statInfId=000032039650&fileKind=0 | https://www.e-stat.go.jp/stat-search/file-download?statInfId=000032190958&fileKind=0 | https://www.e-stat.go.jp/stat-search/file-download?statInfId=000040054160&fileKind=0 | https://www.e-stat.go.jp/stat-search/file-download?statInfId=000040125366&fileKind=0 | https://www.e-stat.go.jp/stat-search/file-download?statInfId=000040226474&fileKind=0 | https://www.e-stat.go.jp/stat-search/file-download?statInfId=000040391290&fileKind=0,ff585fa099c3b8d74ee0c54f28c9997d4886b3a1e2d68ac90550b1bf2dc29c27 | 2bd18f82de1783c16f157bc5dfa77dd4f70eaecb3b99e0344d1cc0f05a66d7d0 | f5a6246a46476d4ea67899a4e2ed61426a988fc15d4824daee8fa4d6ffcefb12 | db238adf8d707146f6778a9e14e2c9c6ac00b6349599832c56f1cd51d4f0fda3 | 3e89d6a3c34f49df938c51b23f3b200e1471a636df6e26d30e841547ad241729 | 520bf4073007eb1f8b975a38c2083cbf534b4a50f9e3d7714eccd3ed274b6e8e | 9bb42e93fbf7f03925173a7b02ada727717ca7f82670fd904d6ee33a7caf5f0c | 10a4333904575931360126569b051e17ab249272ead922fa0545a6dc8b5ca980 | 1d5cfc01375d816f5f6903d2d638aec523566ba69eb24a28b79d08286772f86f | f751bf3b6f30a7bf685d69a11fd4d63ec1f06ddad78805a1a9b6ff8150adab65 | 5a1e753de3cc74e311a864d6d1aaa4997689f2b978e8768410db598f81f61e7c | 53d299bec9e9beb4163f7a25074cae59c46dd19387f4f21b7313007c25b4a266 | 0f220e15f60edbbd0e6879e6c92a40ce2ba40319f0d2a2c9bb74edb8af850ba4 | 42c29802a859eeea3123ac87e2b948303c6be30bfd5d362747bde5d72f92d1ed | 816d7d3e5933ffe94b0cbd7b47fa7fa232fb98fbed2a610f4928c4aa7a2d2008,各年度エネルギー単位表の#20企業・事業所他、#33家庭、#34運輸の$1400（TJ）を1000で割りPJへ。3部門合計と#19最終消費の一致を各年で検査。
energy,consumption,fiscal_year,2020,final_consumption_households,家庭,1910.440062909043,PJ,https://www.e-stat.go.jp/stat-search/file-download?statInfId=000040189526&fileKind=0 | https://www.e-stat.go.jp/stat-search/file-download?statInfId=000040188195&fileKind=0 | https://www.e-stat.go.jp/stat-search/file-download?statInfId=000040188193&fileKind=0 | https://www.e-stat.go.jp/stat-search/file-download?statInfId=000040188190&fileKind=0 | https://www.e-stat.go.jp/stat-search/file-download?statInfId=000040188189&fileKind=0 | https://www.e-stat.go.jp/stat-search/file-download?statInfId=000040188185&fileKind=0 | https://www.e-stat.go.jp/stat-search/file-download?statInfId=000040188183&fileKind=0 | https://www.e-stat.go.jp/stat-search/file-download?statInfId=000040188181&fileKind=0 | https://www.e-stat.go.jp/stat-search/file-download?statInfId=000031964212&fileKind=0 | https://www.e-stat.go.jp/stat-search/file-download?statInfId=000032039650&fileKind=0 | https://www.e-stat.go.jp/stat-search/file-download?statInfId=000032190958&fileKind=0 | https://www.e-stat.go.jp/stat-search/file-download?statInfId=000040054160&fileKind=0 | https://www.e-stat.go.jp/stat-search/file-download?statInfId=000040125366&fileKind=0 | https://www.e-stat.go.jp/stat-search/file-download?statInfId=000040226474&fileKind=0 | https://www.e-stat.go.jp/stat-search/file-download?statInfId=000040391290&fileKind=0,ff585fa099c3b8d74ee0c54f28c9997d4886b3a1e2d68ac90550b1bf2dc29c27 | 2bd18f82de1783c16f157bc5dfa77dd4f70eaecb3b99e0344d1cc0f05a66d7d0 | f5a6246a46476d4ea67899a4e2ed61426a988fc15d4824daee8fa4d6ffcefb12 | db238adf8d707146f6778a9e14e2c9c6ac00b6349599832c56f1cd51d4f0fda3 | 3e89d6a3c34f49df938c51b23f3b200e1471a636df6e26d30e841547ad241729 | 520bf4073007eb1f8b975a38c2083cbf534b4a50f9e3d7714eccd3ed274b6e8e | 9bb42e93fbf7f03925173a7b02ada727717ca7f82670fd904d6ee33a7caf5f0c | 10a4333904575931360126569b051e17ab249272ead922fa0545a6dc8b5ca980 | 1d5cfc01375d816f5f6903d2d638aec523566ba69eb24a28b79d08286772f86f | f751bf3b6f30a7bf685d69a11fd4d63ec1f06ddad78805a1a9b6ff8150adab65 | 5a1e753de3cc74e311a864d6d1aaa4997689f2b978e8768410db598f81f61e7c | 53d299bec9e9beb4163f7a25074cae59c46dd19387f4f21b7313007c25b4a266 | 0f220e15f60edbbd0e6879e6c92a40ce2ba40319f0d2a2c9bb74edb8af850ba4 | 42c29802a859eeea3123ac87e2b948303c6be30bfd5d362747bde5d72f92d1ed | 816d7d3e5933ffe94b0cbd7b47fa7fa232fb98fbed2a610f4928c4aa7a2d2008,各年度エネルギー単位表の#20企業・事業所他、#33家庭、#34運輸の$1400（TJ）を1000で割りPJへ。3部門合計と#19最終消費の一致を各年で検査。
energy,consumption,fiscal_year,2020,final_consumption_transport,運輸,2673.828289019535,PJ,https://www.e-stat.go.jp/stat-search/file-download?statInfId=000040189526&fileKind=0 | https://www.e-stat.go.jp/stat-search/file-download?statInfId=000040188195&fileKind=0 | https://www.e-stat.go.jp/stat-search/file-download?statInfId=000040188193&fileKind=0 | https://www.e-stat.go.jp/stat-search/file-download?statInfId=000040188190&fileKind=0 | https://www.e-stat.go.jp/stat-search/file-download?statInfId=000040188189&fileKind=0 | https://www.e-stat.go.jp/stat-search/file-download?statInfId=000040188185&fileKind=0 | https://www.e-stat.go.jp/stat-search/file-download?statInfId=000040188183&fileKind=0 | https://www.e-stat.go.jp/stat-search/file-download?statInfId=000040188181&fileKind=0 | https://www.e-stat.go.jp/stat-search/file-download?statInfId=000031964212&fileKind=0 | https://www.e-stat.go.jp/stat-search/file-download?statInfId=000032039650&fileKind=0 | https://www.e-stat.go.jp/stat-search/file-download?statInfId=000032190958&fileKind=0 | https://www.e-stat.go.jp/stat-search/file-download?statInfId=000040054160&fileKind=0 | https://www.e-stat.go.jp/stat-search/file-download?statInfId=000040125366&fileKind=0 | https://www.e-stat.go.jp/stat-search/file-download?statInfId=000040226474&fileKind=0 | https://www.e-stat.go.jp/stat-search/file-download?statInfId=000040391290&fileKind=0,ff585fa099c3b8d74ee0c54f28c9997d4886b3a1e2d68ac90550b1bf2dc29c27 | 2bd18f82de1783c16f157bc5dfa77dd4f70eaecb3b99e0344d1cc0f05a66d7d0 | f5a6246a46476d4ea67899a4e2ed61426a988fc15d4824daee8fa4d6ffcefb12 | db238adf8d707146f6778a9e14e2c9c6ac00b6349599832c56f1cd51d4f0fda3 | 3e89d6a3c34f49df938c51b23f3b200e1471a636df6e26d30e841547ad241729 | 520bf4073007eb1f8b975a38c2083cbf534b4a50f9e3d7714eccd3ed274b6e8e | 9bb42e93fbf7f03925173a7b02ada727717ca7f82670fd904d6ee33a7caf5f0c | 10a4333904575931360126569b051e17ab249272ead922fa0545a6dc8b5ca980 | 1d5cfc01375d816f5f6903d2d638aec523566ba69eb24a28b79d08286772f86f | f751bf3b6f30a7bf685d69a11fd4d63ec1f06ddad78805a1a9b6ff8150adab65 | 5a1e753de3cc74e311a864d6d1aaa4997689f2b978e8768410db598f81f61e7c | 53d299bec9e9beb4163f7a25074cae59c46dd19387f4f21b7313007c25b4a266 | 0f220e15f60edbbd0e6879e6c92a40ce2ba40319f0d2a2c9bb74edb8af850ba4 | 42c29802a859eeea3123ac87e2b948303c6be30bfd5d362747bde5d72f92d1ed | 816d7d3e5933ffe94b0cbd7b47fa7fa232fb98fbed2a610f4928c4aa7a2d2008,各年度エネルギー単位表の#20企業・事業所他、#33家庭、#34運輸の$1400（TJ）を1000で割りPJへ。3部門合計と#19最終消費の一致を各年で検査。
energy,consumption,fiscal_year,2021,final_consumption_industry_business,企業・事業所他,7747.503303999343,PJ,https://www.e-stat.go.jp/stat-search/file-download?statInfId=000040189526&fileKind=0 | https://www.e-stat.go.jp/stat-search/file-download?statInfId=000040188195&fileKind=0 | https://www.e-stat.go.jp/stat-search/file-download?statInfId=000040188193&fileKind=0 | https://www.e-stat.go.jp/stat-search/file-download?statInfId=000040188190&fileKind=0 | https://www.e-stat.go.jp/stat-search/file-download?statInfId=000040188189&fileKind=0 | https://www.e-stat.go.jp/stat-search/file-download?statInfId=000040188185&fileKind=0 | https://www.e-stat.go.jp/stat-search/file-download?statInfId=000040188183&fileKind=0 | https://www.e-stat.go.jp/stat-search/file-download?statInfId=000040188181&fileKind=0 | https://www.e-stat.go.jp/stat-search/file-download?statInfId=000031964212&fileKind=0 | https://www.e-stat.go.jp/stat-search/file-download?statInfId=000032039650&fileKind=0 | https://www.e-stat.go.jp/stat-search/file-download?statInfId=000032190958&fileKind=0 | https://www.e-stat.go.jp/stat-search/file-download?statInfId=000040054160&fileKind=0 | https://www.e-stat.go.jp/stat-search/file-download?statInfId=000040125366&fileKind=0 | https://www.e-stat.go.jp/stat-search/file-download?statInfId=000040226474&fileKind=0 | https://www.e-stat.go.jp/stat-search/file-download?statInfId=000040391290&fileKind=0,ff585fa099c3b8d74ee0c54f28c9997d4886b3a1e2d68ac90550b1bf2dc29c27 | 2bd18f82de1783c16f157bc5dfa77dd4f70eaecb3b99e0344d1cc0f05a66d7d0 | f5a6246a46476d4ea67899a4e2ed61426a988fc15d4824daee8fa4d6ffcefb12 | db238adf8d707146f6778a9e14e2c9c6ac00b6349599832c56f1cd51d4f0fda3 | 3e89d6a3c34f49df938c51b23f3b200e1471a636df6e26d30e841547ad241729 | 520bf4073007eb1f8b975a38c2083cbf534b4a50f9e3d7714eccd3ed274b6e8e | 9bb42e93fbf7f03925173a7b02ada727717ca7f82670fd904d6ee33a7caf5f0c | 10a4333904575931360126569b051e17ab249272ead922fa0545a6dc8b5ca980 | 1d5cfc01375d816f5f6903d2d638aec523566ba69eb24a28b79d08286772f86f | f751bf3b6f30a7bf685d69a11fd4d63ec1f06ddad78805a1a9b6ff8150adab65 | 5a1e753de3cc74e311a864d6d1aaa4997689f2b978e8768410db598f81f61e7c | 53d299bec9e9beb4163f7a25074cae59c46dd19387f4f21b7313007c25b4a266 | 0f220e15f60edbbd0e6879e6c92a40ce2ba40319f0d2a2c9bb74edb8af850ba4 | 42c29802a859eeea3123ac87e2b948303c6be30bfd5d362747bde5d72f92d1ed | 816d7d3e5933ffe94b0cbd7b47fa7fa232fb98fbed2a610f4928c4aa7a2d2008,各年度エネルギー単位表の#20企業・事業所他、#33家庭、#34運輸の$1400（TJ）を1000で割りPJへ。3部門合計と#19最終消費の一致を各年で検査。
energy,consumption,fiscal_year,2021,final_consumption_households,家庭,1813.5373620755809,PJ,https://www.e-stat.go.jp/stat-search/file-download?statInfId=000040189526&fileKind=0 | https://www.e-stat.go.jp/stat-search/file-download?statInfId=000040188195&fileKind=0 | https://www.e-stat.go.jp/stat-search/file-download?statInfId=000040188193&fileKind=0 | https://www.e-stat.go.jp/stat-search/file-download?statInfId=000040188190&fileKind=0 | https://www.e-stat.go.jp/stat-search/file-download?statInfId=000040188189&fileKind=0 | https://www.e-stat.go.jp/stat-search/file-download?statInfId=000040188185&fileKind=0 | https://www.e-stat.go.jp/stat-search/file-download?statInfId=000040188183&fileKind=0 | https://www.e-stat.go.jp/stat-search/file-download?statInfId=000040188181&fileKind=0 | https://www.e-stat.go.jp/stat-search/file-download?statInfId=000031964212&fileKind=0 | https://www.e-stat.go.jp/stat-search/file-download?statInfId=000032039650&fileKind=0 | https://www.e-stat.go.jp/stat-search/file-download?statInfId=000032190958&fileKind=0 | https://www.e-stat.go.jp/stat-search/file-download?statInfId=000040054160&fileKind=0 | https://www.e-stat.go.jp/stat-search/file-download?statInfId=000040125366&fileKind=0 | https://www.e-stat.go.jp/stat-search/file-download?statInfId=000040226474&fileKind=0 | https://www.e-stat.go.jp/stat-search/file-download?statInfId=000040391290&fileKind=0,ff585fa099c3b8d74ee0c54f28c9997d4886b3a1e2d68ac90550b1bf2dc29c27 | 2bd18f82de1783c16f157bc5dfa77dd4f70eaecb3b99e0344d1cc0f05a66d7d0 | f5a6246a46476d4ea67899a4e2ed61426a988fc15d4824daee8fa4d6ffcefb12 | db238adf8d707146f6778a9e14e2c9c6ac00b6349599832c56f1cd51d4f0fda3 | 3e89d6a3c34f49df938c51b23f3b200e1471a636df6e26d30e841547ad241729 | 520bf4073007eb1f8b975a38c2083cbf534b4a50f9e3d7714eccd3ed274b6e8e | 9bb42e93fbf7f03925173a7b02ada727717ca7f82670fd904d6ee33a7caf5f0c | 10a4333904575931360126569b051e17ab249272ead922fa0545a6dc8b5ca980 | 1d5cfc01375d816f5f6903d2d638aec523566ba69eb24a28b79d08286772f86f | f751bf3b6f30a7bf685d69a11fd4d63ec1f06ddad78805a1a9b6ff8150adab65 | 5a1e753de3cc74e311a864d6d1aaa4997689f2b978e8768410db598f81f61e7c | 53d299bec9e9beb4163f7a25074cae59c46dd19387f4f21b7313007c25b4a266 | 0f220e15f60edbbd0e6879e6c92a40ce2ba40319f0d2a2c9bb74edb8af850ba4 | 42c29802a859eeea3123ac87e2b948303c6be30bfd5d362747bde5d72f92d1ed | 816d7d3e5933ffe94b0cbd7b47fa7fa232fb98fbed2a610f4928c4aa7a2d2008,各年度エネルギー単位表の#20企業・事業所他、#33家庭、#34運輸の$1400（TJ）を1000で割りPJへ。3部門合計と#19最終消費の一致を各年で検査。
energy,consumption,fiscal_year,2021,final_consumption_transport,運輸,2692.009250587822,PJ,https://www.e-stat.go.jp/stat-search/file-download?statInfId=000040189526&fileKind=0 | https://www.e-stat.go.jp/stat-search/file-download?statInfId=000040188195&fileKind=0 | https://www.e-stat.go.jp/stat-search/file-download?statInfId=000040188193&fileKind=0 | https://www.e-stat.go.jp/stat-search/file-download?statInfId=000040188190&fileKind=0 | https://www.e-stat.go.jp/stat-search/file-download?statInfId=000040188189&fileKind=0 | https://www.e-stat.go.jp/stat-search/file-download?statInfId=000040188185&fileKind=0 | https://www.e-stat.go.jp/stat-search/file-download?statInfId=000040188183&fileKind=0 | https://www.e-stat.go.jp/stat-search/file-download?statInfId=000040188181&fileKind=0 | https://www.e-stat.go.jp/stat-search/file-download?statInfId=000031964212&fileKind=0 | https://www.e-stat.go.jp/stat-search/file-download?statInfId=000032039650&fileKind=0 | https://www.e-stat.go.jp/stat-search/file-download?statInfId=000032190958&fileKind=0 | https://www.e-stat.go.jp/stat-search/file-download?statInfId=000040054160&fileKind=0 | https://www.e-stat.go.jp/stat-search/file-download?statInfId=000040125366&fileKind=0 | https://www.e-stat.go.jp/stat-search/file-download?statInfId=000040226474&fileKind=0 | https://www.e-stat.go.jp/stat-search/file-download?statInfId=000040391290&fileKind=0,ff585fa099c3b8d74ee0c54f28c9997d4886b3a1e2d68ac90550b1bf2dc29c27 | 2bd18f82de1783c16f157bc5dfa77dd4f70eaecb3b99e0344d1cc0f05a66d7d0 | f5a6246a46476d4ea67899a4e2ed61426a988fc15d4824daee8fa4d6ffcefb12 | db238adf8d707146f6778a9e14e2c9c6ac00b6349599832c56f1cd51d4f0fda3 | 3e89d6a3c34f49df938c51b23f3b200e1471a636df6e26d30e841547ad241729 | 520bf4073007eb1f8b975a38c2083cbf534b4a50f9e3d7714eccd3ed274b6e8e | 9bb42e93fbf7f03925173a7b02ada727717ca7f82670fd904d6ee33a7caf5f0c | 10a4333904575931360126569b051e17ab249272ead922fa0545a6dc8b5ca980 | 1d5cfc01375d816f5f6903d2d638aec523566ba69eb24a28b79d08286772f86f | f751bf3b6f30a7bf685d69a11fd4d63ec1f06ddad78805a1a9b6ff8150adab65 | 5a1e753de3cc74e311a864d6d1aaa4997689f2b978e8768410db598f81f61e7c | 53d299bec9e9beb4163f7a25074cae59c46dd19387f4f21b7313007c25b4a266 | 0f220e15f60edbbd0e6879e6c92a40ce2ba40319f0d2a2c9bb74edb8af850ba4 | 42c29802a859eeea3123ac87e2b948303c6be30bfd5d362747bde5d72f92d1ed | 816d7d3e5933ffe94b0cbd7b47fa7fa232fb98fbed2a610f4928c4aa7a2d2008,各年度エネルギー単位表の#20企業・事業所他、#33家庭、#34運輸の$1400（TJ）を1000で割りPJへ。3部門合計と#19最終消費の一致を各年で検査。
energy,consumption,fiscal_year,2022,final_consumption_industry_business,企業・事業所他,7259.91646061867,PJ,https://www.e-stat.go.jp/stat-search/file-download?statInfId=000040189526&fileKind=0 | https://www.e-stat.go.jp/stat-search/file-download?statInfId=000040188195&fileKind=0 | https://www.e-stat.go.jp/stat-search/file-download?statInfId=000040188193&fileKind=0 | https://www.e-stat.go.jp/stat-search/file-download?statInfId=000040188190&fileKind=0 | https://www.e-stat.go.jp/stat-search/file-download?statInfId=000040188189&fileKind=0 | https://www.e-stat.go.jp/stat-search/file-download?statInfId=000040188185&fileKind=0 | https://www.e-stat.go.jp/stat-search/file-download?statInfId=000040188183&fileKind=0 | https://www.e-stat.go.jp/stat-search/file-download?statInfId=000040188181&fileKind=0 | https://www.e-stat.go.jp/stat-search/file-download?statInfId=000031964212&fileKind=0 | https://www.e-stat.go.jp/stat-search/file-download?statInfId=000032039650&fileKind=0 | https://www.e-stat.go.jp/stat-search/file-download?statInfId=000032190958&fileKind=0 | https://www.e-stat.go.jp/stat-search/file-download?statInfId=000040054160&fileKind=0 | https://www.e-stat.go.jp/stat-search/file-download?statInfId=000040125366&fileKind=0 | https://www.e-stat.go.jp/stat-search/file-download?statInfId=000040226474&fileKind=0 | https://www.e-stat.go.jp/stat-search/file-download?statInfId=000040391290&fileKind=0,ff585fa099c3b8d74ee0c54f28c9997d4886b3a1e2d68ac90550b1bf2dc29c27 | 2bd18f82de1783c16f157bc5dfa77dd4f70eaecb3b99e0344d1cc0f05a66d7d0 | f5a6246a46476d4ea67899a4e2ed61426a988fc15d4824daee8fa4d6ffcefb12 | db238adf8d707146f6778a9e14e2c9c6ac00b6349599832c56f1cd51d4f0fda3 | 3e89d6a3c34f49df938c51b23f3b200e1471a636df6e26d30e841547ad241729 | 520bf4073007eb1f8b975a38c2083cbf534b4a50f9e3d7714eccd3ed274b6e8e | 9bb42e93fbf7f03925173a7b02ada727717ca7f82670fd904d6ee33a7caf5f0c | 10a4333904575931360126569b051e17ab249272ead922fa0545a6dc8b5ca980 | 1d5cfc01375d816f5f6903d2d638aec523566ba69eb24a28b79d08286772f86f | f751bf3b6f30a7bf685d69a11fd4d63ec1f06ddad78805a1a9b6ff8150adab65 | 5a1e753de3cc74e311a864d6d1aaa4997689f2b978e8768410db598f81f61e7c | 53d299bec9e9beb4163f7a25074cae59c46dd19387f4f21b7313007c25b4a266 | 0f220e15f60edbbd0e6879e6c92a40ce2ba40319f0d2a2c9bb74edb8af850ba4 | 42c29802a859eeea3123ac87e2b948303c6be30bfd5d362747bde5d72f92d1ed | 816d7d3e5933ffe94b0cbd7b47fa7fa232fb98fbed2a610f4928c4aa7a2d2008,各年度エネルギー単位表の#20企業・事業所他、#33家庭、#34運輸の$1400（TJ）を1000で割りPJへ。3部門合計と#19最終消費の一致を各年で検査。
energy,consumption,fiscal_year,2022,final_consumption_households,家庭,1778.0390907210017,PJ,https://www.e-stat.go.jp/stat-search/file-download?statInfId=000040189526&fileKind=0 | https://www.e-stat.go.jp/stat-search/file-download?statInfId=000040188195&fileKind=0 | https://www.e-stat.go.jp/stat-search/file-download?statInfId=000040188193&fileKind=0 | https://www.e-stat.go.jp/stat-search/file-download?statInfId=000040188190&fileKind=0 | https://www.e-stat.go.jp/stat-search/file-download?statInfId=000040188189&fileKind=0 | https://www.e-stat.go.jp/stat-search/file-download?statInfId=000040188185&fileKind=0 | https://www.e-stat.go.jp/stat-search/file-download?statInfId=000040188183&fileKind=0 | https://www.e-stat.go.jp/stat-search/file-download?statInfId=000040188181&fileKind=0 | https://www.e-stat.go.jp/stat-search/file-download?statInfId=000031964212&fileKind=0 | https://www.e-stat.go.jp/stat-search/file-download?statInfId=000032039650&fileKind=0 | https://www.e-stat.go.jp/stat-search/file-download?statInfId=000032190958&fileKind=0 | https://www.e-stat.go.jp/stat-search/file-download?statInfId=000040054160&fileKind=0 | https://www.e-stat.go.jp/stat-search/file-download?statInfId=000040125366&fileKind=0 | https://www.e-stat.go.jp/stat-search/file-download?statInfId=000040226474&fileKind=0 | https://www.e-stat.go.jp/stat-search/file-download?statInfId=000040391290&fileKind=0,ff585fa099c3b8d74ee0c54f28c9997d4886b3a1e2d68ac90550b1bf2dc29c27 | 2bd18f82de1783c16f157bc5dfa77dd4f70eaecb3b99e0344d1cc0f05a66d7d0 | f5a6246a46476d4ea67899a4e2ed61426a988fc15d4824daee8fa4d6ffcefb12 | db238adf8d707146f6778a9e14e2c9c6ac00b6349599832c56f1cd51d4f0fda3 | 3e89d6a3c34f49df938c51b23f3b200e1471a636df6e26d30e841547ad241729 | 520bf4073007eb1f8b975a38c2083cbf534b4a50f9e3d7714eccd3ed274b6e8e | 9bb42e93fbf7f03925173a7b02ada727717ca7f82670fd904d6ee33a7caf5f0c | 10a4333904575931360126569b051e17ab249272ead922fa0545a6dc8b5ca980 | 1d5cfc01375d816f5f6903d2d638aec523566ba69eb24a28b79d08286772f86f | f751bf3b6f30a7bf685d69a11fd4d63ec1f06ddad78805a1a9b6ff8150adab65 | 5a1e753de3cc74e311a864d6d1aaa4997689f2b978e8768410db598f81f61e7c | 53d299bec9e9beb4163f7a25074cae59c46dd19387f4f21b7313007c25b4a266 | 0f220e15f60edbbd0e6879e6c92a40ce2ba40319f0d2a2c9bb74edb8af850ba4 | 42c29802a859eeea3123ac87e2b948303c6be30bfd5d362747bde5d72f92d1ed | 816d7d3e5933ffe94b0cbd7b47fa7fa232fb98fbed2a610f4928c4aa7a2d2008,各年度エネルギー単位表の#20企業・事業所他、#33家庭、#34運輸の$1400（TJ）を1000で割りPJへ。3部門合計と#19最終消費の一致を各年で検査。
energy,consumption,fiscal_year,2022,final_consumption_transport,運輸,2792.0318800408495,PJ,https://www.e-stat.go.jp/stat-search/file-download?statInfId=000040189526&fileKind=0 | https://www.e-stat.go.jp/stat-search/file-download?statInfId=000040188195&fileKind=0 | https://www.e-stat.go.jp/stat-search/file-download?statInfId=000040188193&fileKind=0 | https://www.e-stat.go.jp/stat-search/file-download?statInfId=000040188190&fileKind=0 | https://www.e-stat.go.jp/stat-search/file-download?statInfId=000040188189&fileKind=0 | https://www.e-stat.go.jp/stat-search/file-download?statInfId=000040188185&fileKind=0 | https://www.e-stat.go.jp/stat-search/file-download?statInfId=000040188183&fileKind=0 | https://www.e-stat.go.jp/stat-search/file-download?statInfId=000040188181&fileKind=0 | https://www.e-stat.go.jp/stat-search/file-download?statInfId=000031964212&fileKind=0 | https://www.e-stat.go.jp/stat-search/file-download?statInfId=000032039650&fileKind=0 | https://www.e-stat.go.jp/stat-search/file-download?statInfId=000032190958&fileKind=0 | https://www.e-stat.go.jp/stat-search/file-download?statInfId=000040054160&fileKind=0 | https://www.e-stat.go.jp/stat-search/file-download?statInfId=000040125366&fileKind=0 | https://www.e-stat.go.jp/stat-search/file-download?statInfId=000040226474&fileKind=0 | https://www.e-stat.go.jp/stat-search/file-download?statInfId=000040391290&fileKind=0,ff585fa099c3b8d74ee0c54f28c9997d4886b3a1e2d68ac90550b1bf2dc29c27 | 2bd18f82de1783c16f157bc5dfa77dd4f70eaecb3b99e0344d1cc0f05a66d7d0 | f5a6246a46476d4ea67899a4e2ed61426a988fc15d4824daee8fa4d6ffcefb12 | db238adf8d707146f6778a9e14e2c9c6ac00b6349599832c56f1cd51d4f0fda3 | 3e89d6a3c34f49df938c51b23f3b200e1471a636df6e26d30e841547ad241729 | 520bf4073007eb1f8b975a38c2083cbf534b4a50f9e3d7714eccd3ed274b6e8e | 9bb42e93fbf7f03925173a7b02ada727717ca7f82670fd904d6ee33a7caf5f0c | 10a4333904575931360126569b051e17ab249272ead922fa0545a6dc8b5ca980 | 1d5cfc01375d816f5f6903d2d638aec523566ba69eb24a28b79d08286772f86f | f751bf3b6f30a7bf685d69a11fd4d63ec1f06ddad78805a1a9b6ff8150adab65 | 5a1e753de3cc74e311a864d6d1aaa4997689f2b978e8768410db598f81f61e7c | 53d299bec9e9beb4163f7a25074cae59c46dd19387f4f21b7313007c25b4a266 | 0f220e15f60edbbd0e6879e6c92a40ce2ba40319f0d2a2c9bb74edb8af850ba4 | 42c29802a859eeea3123ac87e2b948303c6be30bfd5d362747bde5d72f92d1ed | 816d7d3e5933ffe94b0cbd7b47fa7fa232fb98fbed2a610f4928c4aa7a2d2008,各年度エネルギー単位表の#20企業・事業所他、#33家庭、#34運輸の$1400（TJ）を1000で割りPJへ。3部門合計と#19最終消費の一致を各年で検査。
energy,consumption,fiscal_year,2023,final_consumption_industry_business,企業・事業所他,7032.374233181975,PJ,https://www.e-stat.go.jp/stat-search/file-download?statInfId=000040189526&fileKind=0 | https://www.e-stat.go.jp/stat-search/file-download?statInfId=000040188195&fileKind=0 | https://www.e-stat.go.jp/stat-search/file-download?statInfId=000040188193&fileKind=0 | https://www.e-stat.go.jp/stat-search/file-download?statInfId=000040188190&fileKind=0 | https://www.e-stat.go.jp/stat-search/file-download?statInfId=000040188189&fileKind=0 | https://www.e-stat.go.jp/stat-search/file-download?statInfId=000040188185&fileKind=0 | https://www.e-stat.go.jp/stat-search/file-download?statInfId=000040188183&fileKind=0 | https://www.e-stat.go.jp/stat-search/file-download?statInfId=000040188181&fileKind=0 | https://www.e-stat.go.jp/stat-search/file-download?statInfId=000031964212&fileKind=0 | https://www.e-stat.go.jp/stat-search/file-download?statInfId=000032039650&fileKind=0 | https://www.e-stat.go.jp/stat-search/file-download?statInfId=000032190958&fileKind=0 | https://www.e-stat.go.jp/stat-search/file-download?statInfId=000040054160&fileKind=0 | https://www.e-stat.go.jp/stat-search/file-download?statInfId=000040125366&fileKind=0 | https://www.e-stat.go.jp/stat-search/file-download?statInfId=000040226474&fileKind=0 | https://www.e-stat.go.jp/stat-search/file-download?statInfId=000040391290&fileKind=0,ff585fa099c3b8d74ee0c54f28c9997d4886b3a1e2d68ac90550b1bf2dc29c27 | 2bd18f82de1783c16f157bc5dfa77dd4f70eaecb3b99e0344d1cc0f05a66d7d0 | f5a6246a46476d4ea67899a4e2ed61426a988fc15d4824daee8fa4d6ffcefb12 | db238adf8d707146f6778a9e14e2c9c6ac00b6349599832c56f1cd51d4f0fda3 | 3e89d6a3c34f49df938c51b23f3b200e1471a636df6e26d30e841547ad241729 | 520bf4073007eb1f8b975a38c2083cbf534b4a50f9e3d7714eccd3ed274b6e8e | 9bb42e93fbf7f03925173a7b02ada727717ca7f82670fd904d6ee33a7caf5f0c | 10a4333904575931360126569b051e17ab249272ead922fa0545a6dc8b5ca980 | 1d5cfc01375d816f5f6903d2d638aec523566ba69eb24a28b79d08286772f86f | f751bf3b6f30a7bf685d69a11fd4d63ec1f06ddad78805a1a9b6ff8150adab65 | 5a1e753de3cc74e311a864d6d1aaa4997689f2b978e8768410db598f81f61e7c | 53d299bec9e9beb4163f7a25074cae59c46dd19387f4f21b7313007c25b4a266 | 0f220e15f60edbbd0e6879e6c92a40ce2ba40319f0d2a2c9bb74edb8af850ba4 | 42c29802a859eeea3123ac87e2b948303c6be30bfd5d362747bde5d72f92d1ed | 816d7d3e5933ffe94b0cbd7b47fa7fa232fb98fbed2a610f4928c4aa7a2d2008,各年度エネルギー単位表の#20企業・事業所他、#33家庭、#34運輸の$1400（TJ）を1000で割りPJへ。3部門合計と#19最終消費の一致を各年で検査。
energy,consumption,fiscal_year,2023,final_consumption_households,家庭,1696.8757770669474,PJ,https://www.e-stat.go.jp/stat-search/file-download?statInfId=000040189526&fileKind=0 | https://www.e-stat.go.jp/stat-search/file-download?statInfId=000040188195&fileKind=0 | https://www.e-stat.go.jp/stat-search/file-download?statInfId=000040188193&fileKind=0 | https://www.e-stat.go.jp/stat-search/file-download?statInfId=000040188190&fileKind=0 | https://www.e-stat.go.jp/stat-search/file-download?statInfId=000040188189&fileKind=0 | https://www.e-stat.go.jp/stat-search/file-download?statInfId=000040188185&fileKind=0 | https://www.e-stat.go.jp/stat-search/file-download?statInfId=000040188183&fileKind=0 | https://www.e-stat.go.jp/stat-search/file-download?statInfId=000040188181&fileKind=0 | https://www.e-stat.go.jp/stat-search/file-download?statInfId=000031964212&fileKind=0 | https://www.e-stat.go.jp/stat-search/file-download?statInfId=000032039650&fileKind=0 | https://www.e-stat.go.jp/stat-search/file-download?statInfId=000032190958&fileKind=0 | https://www.e-stat.go.jp/stat-search/file-download?statInfId=000040054160&fileKind=0 | https://www.e-stat.go.jp/stat-search/file-download?statInfId=000040125366&fileKind=0 | https://www.e-stat.go.jp/stat-search/file-download?statInfId=000040226474&fileKind=0 | https://www.e-stat.go.jp/stat-search/file-download?statInfId=000040391290&fileKind=0,ff585fa099c3b8d74ee0c54f28c9997d4886b3a1e2d68ac90550b1bf2dc29c27 | 2bd18f82de1783c16f157bc5dfa77dd4f70eaecb3b99e0344d1cc0f05a66d7d0 | f5a6246a46476d4ea67899a4e2ed61426a988fc15d4824daee8fa4d6ffcefb12 | db238adf8d707146f6778a9e14e2c9c6ac00b6349599832c56f1cd51d4f0fda3 | 3e89d6a3c34f49df938c51b23f3b200e1471a636df6e26d30e841547ad241729 | 520bf4073007eb1f8b975a38c2083cbf534b4a50f9e3d7714eccd3ed274b6e8e | 9bb42e93fbf7f03925173a7b02ada727717ca7f82670fd904d6ee33a7caf5f0c | 10a4333904575931360126569b051e17ab249272ead922fa0545a6dc8b5ca980 | 1d5cfc01375d816f5f6903d2d638aec523566ba69eb24a28b79d08286772f86f | f751bf3b6f30a7bf685d69a11fd4d63ec1f06ddad78805a1a9b6ff8150adab65 | 5a1e753de3cc74e311a864d6d1aaa4997689f2b978e8768410db598f81f61e7c | 53d299bec9e9beb4163f7a25074cae59c46dd19387f4f21b7313007c25b4a266 | 0f220e15f60edbbd0e6879e6c92a40ce2ba40319f0d2a2c9bb74edb8af850ba4 | 42c29802a859eeea3123ac87e2b948303c6be30bfd5d362747bde5d72f92d1ed | 816d7d3e5933ffe94b0cbd7b47fa7fa232fb98fbed2a610f4928c4aa7a2d2008,各年度エネルギー単位表の#20企業・事業所他、#33家庭、#34運輸の$1400（TJ）を1000で割りPJへ。3部門合計と#19最終消費の一致を各年で検査。
energy,consumption,fiscal_year,2023,final_consumption_transport,運輸,2780.2091543313945,PJ,https://www.e-stat.go.jp/stat-search/file-download?statInfId=000040189526&fileKind=0 | https://www.e-stat.go.jp/stat-search/file-download?statInfId=000040188195&fileKind=0 | https://www.e-stat.go.jp/stat-search/file-download?statInfId=000040188193&fileKind=0 | https://www.e-stat.go.jp/stat-search/file-download?statInfId=000040188190&fileKind=0 | https://www.e-stat.go.jp/stat-search/file-download?statInfId=000040188189&fileKind=0 | https://www.e-stat.go.jp/stat-search/file-download?statInfId=000040188185&fileKind=0 | https://www.e-stat.go.jp/stat-search/file-download?statInfId=000040188183&fileKind=0 | https://www.e-stat.go.jp/stat-search/file-download?statInfId=000040188181&fileKind=0 | https://www.e-stat.go.jp/stat-search/file-download?statInfId=000031964212&fileKind=0 | https://www.e-stat.go.jp/stat-search/file-download?statInfId=000032039650&fileKind=0 | https://www.e-stat.go.jp/stat-search/file-download?statInfId=000032190958&fileKind=0 | https://www.e-stat.go.jp/stat-search/file-download?statInfId=000040054160&fileKind=0 | https://www.e-stat.go.jp/stat-search/file-download?statInfId=000040125366&fileKind=0 | https://www.e-stat.go.jp/stat-search/file-download?statInfId=000040226474&fileKind=0 | https://www.e-stat.go.jp/stat-search/file-download?statInfId=000040391290&fileKind=0,ff585fa099c3b8d74ee0c54f28c9997d4886b3a1e2d68ac90550b1bf2dc29c27 | 2bd18f82de1783c16f157bc5dfa77dd4f70eaecb3b99e0344d1cc0f05a66d7d0 | f5a6246a46476d4ea67899a4e2ed61426a988fc15d4824daee8fa4d6ffcefb12 | db238adf8d707146f6778a9e14e2c9c6ac00b6349599832c56f1cd51d4f0fda3 | 3e89d6a3c34f49df938c51b23f3b200e1471a636df6e26d30e841547ad241729 | 520bf4073007eb1f8b975a38c2083cbf534b4a50f9e3d7714eccd3ed274b6e8e | 9bb42e93fbf7f03925173a7b02ada727717ca7f82670fd904d6ee33a7caf5f0c | 10a4333904575931360126569b051e17ab249272ead922fa0545a6dc8b5ca980 | 1d5cfc01375d816f5f6903d2d638aec523566ba69eb24a28b79d08286772f86f | f751bf3b6f30a7bf685d69a11fd4d63ec1f06ddad78805a1a9b6ff8150adab65 | 5a1e753de3cc74e311a864d6d1aaa4997689f2b978e8768410db598f81f61e7c | 53d299bec9e9beb4163f7a25074cae59c46dd19387f4f21b7313007c25b4a266 | 0f220e15f60edbbd0e6879e6c92a40ce2ba40319f0d2a2c9bb74edb8af850ba4 | 42c29802a859eeea3123ac87e2b948303c6be30bfd5d362747bde5d72f92d1ed | 816d7d3e5933ffe94b0cbd7b47fa7fa232fb98fbed2a610f4928c4aa7a2d2008,各年度エネルギー単位表の#20企業・事業所他、#33家庭、#34運輸の$1400（TJ）を1000で割りPJへ。3部門合計と#19最終消費の一致を各年で検査。
energy,consumption,fiscal_year,2024,final_consumption_industry_business,企業・事業所他,6844.403812766694,PJ,https://www.e-stat.go.jp/stat-search/file-download?statInfId=000040189526&fileKind=0 | https://www.e-stat.go.jp/stat-search/file-download?statInfId=000040188195&fileKind=0 | https://www.e-stat.go.jp/stat-search/file-download?statInfId=000040188193&fileKind=0 | https://www.e-stat.go.jp/stat-search/file-download?statInfId=000040188190&fileKind=0 | https://www.e-stat.go.jp/stat-search/file-download?statInfId=000040188189&fileKind=0 | https://www.e-stat.go.jp/stat-search/file-download?statInfId=000040188185&fileKind=0 | https://www.e-stat.go.jp/stat-search/file-download?statInfId=000040188183&fileKind=0 | https://www.e-stat.go.jp/stat-search/file-download?statInfId=000040188181&fileKind=0 | https://www.e-stat.go.jp/stat-search/file-download?statInfId=000031964212&fileKind=0 | https://www.e-stat.go.jp/stat-search/file-download?statInfId=000032039650&fileKind=0 | https://www.e-stat.go.jp/stat-search/file-download?statInfId=000032190958&fileKind=0 | https://www.e-stat.go.jp/stat-search/file-download?statInfId=000040054160&fileKind=0 | https://www.e-stat.go.jp/stat-search/file-download?statInfId=000040125366&fileKind=0 | https://www.e-stat.go.jp/stat-search/file-download?statInfId=000040226474&fileKind=0 | https://www.e-stat.go.jp/stat-search/file-download?statInfId=000040391290&fileKind=0,ff585fa099c3b8d74ee0c54f28c9997d4886b3a1e2d68ac90550b1bf2dc29c27 | 2bd18f82de1783c16f157bc5dfa77dd4f70eaecb3b99e0344d1cc0f05a66d7d0 | f5a6246a46476d4ea67899a4e2ed61426a988fc15d4824daee8fa4d6ffcefb12 | db238adf8d707146f6778a9e14e2c9c6ac00b6349599832c56f1cd51d4f0fda3 | 3e89d6a3c34f49df938c51b23f3b200e1471a636df6e26d30e841547ad241729 | 520bf4073007eb1f8b975a38c2083cbf534b4a50f9e3d7714eccd3ed274b6e8e | 9bb42e93fbf7f03925173a7b02ada727717ca7f82670fd904d6ee33a7caf5f0c | 10a4333904575931360126569b051e17ab249272ead922fa0545a6dc8b5ca980 | 1d5cfc01375d816f5f6903d2d638aec523566ba69eb24a28b79d08286772f86f | f751bf3b6f30a7bf685d69a11fd4d63ec1f06ddad78805a1a9b6ff8150adab65 | 5a1e753de3cc74e311a864d6d1aaa4997689f2b978e8768410db598f81f61e7c | 53d299bec9e9beb4163f7a25074cae59c46dd19387f4f21b7313007c25b4a266 | 0f220e15f60edbbd0e6879e6c92a40ce2ba40319f0d2a2c9bb74edb8af850ba4 | 42c29802a859eeea3123ac87e2b948303c6be30bfd5d362747bde5d72f92d1ed | 816d7d3e5933ffe94b0cbd7b47fa7fa232fb98fbed2a610f4928c4aa7a2d2008,各年度エネルギー単位表の#20企業・事業所他、#33家庭、#34運輸の$1400（TJ）を1000で割りPJへ。3部門合計と#19最終消費の一致を各年で検査。
energy,consumption,fiscal_year,2024,final_consumption_households,家庭,1697.1787300688766,PJ,https://www.e-stat.go.jp/stat-search/file-download?statInfId=000040189526&fileKind=0 | https://www.e-stat.go.jp/stat-search/file-download?statInfId=000040188195&fileKind=0 | https://www.e-stat.go.jp/stat-search/file-download?statInfId=000040188193&fileKind=0 | https://www.e-stat.go.jp/stat-search/file-download?statInfId=000040188190&fileKind=0 | https://www.e-stat.go.jp/stat-search/file-download?statInfId=000040188189&fileKind=0 | https://www.e-stat.go.jp/stat-search/file-download?statInfId=000040188185&fileKind=0 | https://www.e-stat.go.jp/stat-search/file-download?statInfId=000040188183&fileKind=0 | https://www.e-stat.go.jp/stat-search/file-download?statInfId=000040188181&fileKind=0 | https://www.e-stat.go.jp/stat-search/file-download?statInfId=000031964212&fileKind=0 | https://www.e-stat.go.jp/stat-search/file-download?statInfId=000032039650&fileKind=0 | https://www.e-stat.go.jp/stat-search/file-download?statInfId=000032190958&fileKind=0 | https://www.e-stat.go.jp/stat-search/file-download?statInfId=000040054160&fileKind=0 | https://www.e-stat.go.jp/stat-search/file-download?statInfId=000040125366&fileKind=0 | https://www.e-stat.go.jp/stat-search/file-download?statInfId=000040226474&fileKind=0 | https://www.e-stat.go.jp/stat-search/file-download?statInfId=000040391290&fileKind=0,ff585fa099c3b8d74ee0c54f28c9997d4886b3a1e2d68ac90550b1bf2dc29c27 | 2bd18f82de1783c16f157bc5dfa77dd4f70eaecb3b99e0344d1cc0f05a66d7d0 | f5a6246a46476d4ea67899a4e2ed61426a988fc15d4824daee8fa4d6ffcefb12 | db238adf8d707146f6778a9e14e2c9c6ac00b6349599832c56f1cd51d4f0fda3 | 3e89d6a3c34f49df938c51b23f3b200e1471a636df6e26d30e841547ad241729 | 520bf4073007eb1f8b975a38c2083cbf534b4a50f9e3d7714eccd3ed274b6e8e | 9bb42e93fbf7f03925173a7b02ada727717ca7f82670fd904d6ee33a7caf5f0c | 10a4333904575931360126569b051e17ab249272ead922fa0545a6dc8b5ca980 | 1d5cfc01375d816f5f6903d2d638aec523566ba69eb24a28b79d08286772f86f | f751bf3b6f30a7bf685d69a11fd4d63ec1f06ddad78805a1a9b6ff8150adab65 | 5a1e753de3cc74e311a864d6d1aaa4997689f2b978e8768410db598f81f61e7c | 53d299bec9e9beb4163f7a25074cae59c46dd19387f4f21b7313007c25b4a266 | 0f220e15f60edbbd0e6879e6c92a40ce2ba40319f0d2a2c9bb74edb8af850ba4 | 42c29802a859eeea3123ac87e2b948303c6be30bfd5d362747bde5d72f92d1ed | 816d7d3e5933ffe94b0cbd7b47fa7fa232fb98fbed2a610f4928c4aa7a2d2008,各年度エネルギー単位表の#20企業・事業所他、#33家庭、#34運輸の$1400（TJ）を1000で割りPJへ。3部門合計と#19最終消費の一致を各年で検査。
energy,consumption,fiscal_year,2024,final_consumption_transport,運輸,2738.852563875486,PJ,https://www.e-stat.go.jp/stat-search/file-download?statInfId=000040189526&fileKind=0 | https://www.e-stat.go.jp/stat-search/file-download?statInfId=000040188195&fileKind=0 | https://www.e-stat.go.jp/stat-search/file-download?statInfId=000040188193&fileKind=0 | https://www.e-stat.go.jp/stat-search/file-download?statInfId=000040188190&fileKind=0 | https://www.e-stat.go.jp/stat-search/file-download?statInfId=000040188189&fileKind=0 | https://www.e-stat.go.jp/stat-search/file-download?statInfId=000040188185&fileKind=0 | https://www.e-stat.go.jp/stat-search/file-download?statInfId=000040188183&fileKind=0 | https://www.e-stat.go.jp/stat-search/file-download?statInfId=000040188181&fileKind=0 | https://www.e-stat.go.jp/stat-search/file-download?statInfId=000031964212&fileKind=0 | https://www.e-stat.go.jp/stat-search/file-download?statInfId=000032039650&fileKind=0 | https://www.e-stat.go.jp/stat-search/file-download?statInfId=000032190958&fileKind=0 | https://www.e-stat.go.jp/stat-search/file-download?statInfId=000040054160&fileKind=0 | https://www.e-stat.go.jp/stat-search/file-download?statInfId=000040125366&fileKind=0 | https://www.e-stat.go.jp/stat-search/file-download?statInfId=000040226474&fileKind=0 | https://www.e-stat.go.jp/stat-search/file-download?statInfId=000040391290&fileKind=0,ff585fa099c3b8d74ee0c54f28c9997d4886b3a1e2d68ac90550b1bf2dc29c27 | 2bd18f82de1783c16f157bc5dfa77dd4f70eaecb3b99e0344d1cc0f05a66d7d0 | f5a6246a46476d4ea67899a4e2ed61426a988fc15d4824daee8fa4d6ffcefb12 | db238adf8d707146f6778a9e14e2c9c6ac00b6349599832c56f1cd51d4f0fda3 | 3e89d6a3c34f49df938c51b23f3b200e1471a636df6e26d30e841547ad241729 | 520bf4073007eb1f8b975a38c2083cbf534b4a50f9e3d7714eccd3ed274b6e8e | 9bb42e93fbf7f03925173a7b02ada727717ca7f82670fd904d6ee33a7caf5f0c | 10a4333904575931360126569b051e17ab249272ead922fa0545a6dc8b5ca980 | 1d5cfc01375d816f5f6903d2d638aec523566ba69eb24a28b79d08286772f86f | f751bf3b6f30a7bf685d69a11fd4d63ec1f06ddad78805a1a9b6ff8150adab65 | 5a1e753de3cc74e311a864d6d1aaa4997689f2b978e8768410db598f81f61e7c | 53d299bec9e9beb4163f7a25074cae59c46dd19387f4f21b7313007c25b4a266 | 0f220e15f60edbbd0e6879e6c92a40ce2ba40319f0d2a2c9bb74edb8af850ba4 | 42c29802a859eeea3123ac87e2b948303c6be30bfd5d362747bde5d72f92d1ed | 816d7d3e5933ffe94b0cbd7b47fa7fa232fb98fbed2a610f4928c4aa7a2d2008,各年度エネルギー単位表の#20企業・事業所他、#33家庭、#34運輸の$1400（TJ）を1000で割りPJへ。3部門合計と#19最終消費の一致を各年で検査。
